order_id,transaction_id,product_name,category,sub_category,quantity_ordered,unit_price,total_sales,cost,order_date,purchase_address,address_city,sales_channel,customer_segment,region,payment_type,delivery_time_days,sales_rep,data_quality_flag
1,T1,iPhone 13,Electronics,Phones,4,910.0,3640.0,2955.23,2023-01-21 06:57:00,"331 Street, São Paulo",São Paulo,In-Store,Small Business,Africa,Cash,5.0,Rep_D,
2,T2,Samsung Galaxy S21,Electronics,Phones,3,1735.0,5205.0,4105.7,2023-10-21 01:59:00,"460 Street, Nairobi",Nairobi,Wholesale,Consumer,South America,Cash,9.0,Rep_D,
3,T3,iPhone 13,Electronics,Phones,3,560.0,1680.0,1036.32,2023-09-28 14:50:00,"244 Street, Nairobi",Nairobi,In-Store,Small Business,Africa,Card,3.0,Rep_D,
4,T4,iPhone 13,Electronics,Phones,5,890.0,4450.0,3914.02,2023-11-12 13:49:00,"346 Street, Mumbai",Mumbai,Wholesale,Consumer,Africa,Cash,,Rep_A,
5,T5,Logitech Mouse,Electronics,Accessories,4,1528.0,6112.0,5092.99,2023-02-04 13:16:00,"872 Street, Bangkok",Bangkok,Wholesale,Corporate,Asia,Transfer,6.0,Rep_C,
7,T7,MacBook Air,Electronics,Laptops,4,1066.0,4264.0,3572.44,2023-08-25 17:46:00,"922 Street, Bangkok",Bangkok,Online,Corporate,Europe,Cash,9.0,Rep_C,
9,T9,MacBook Air,Electronics,Laptops,1,428.0,428.0,275.37,2023-02-10 06:08:00,"930 Street, Mumbai",Mumbai,Wholesale,Small Business,Africa,Card,,Rep_C,
10,T10,MacBook Air,Electronics,Laptops,5,148.0,740.0,451.32,2023-02-04 00:34:00,"462 Street, Cairo",Cairo,In-Store,Consumer,Asia,Transfer,5.0,Rep_A,
11,T11,Samsung Galaxy S21,Electronics,Phones,3,442.0,1326.0,721.82,2023-06-28 06:48:00,"96 Street, Nairobi",Nairobi,Wholesale,Corporate,Africa,Cash,5.0,Rep_D,
12,T12,Samsung Galaxy S21,Electronics,Phones,5,1728.0,8640.0,5110.73,2023-06-09 06:58:00,"796 Street, Bangkok",Bangkok,Wholesale,Small Business,Africa,Card,9.0,Rep_B,
13,T13,MacBook Air,Electronics,Laptops,4,1101.0,4404.0,2935.72,2023-11-27 22:27:00,"190 Street, Bangkok",Bangkok,In-Store,Corporate,Africa,Cash,9.0,Rep_B,
14,T14,Logitech Mouse,Electronics,Accessories,1,677.0,677.0,421.03,2023-07-17 07:26:00,"677 Street, Jakarta",Jakarta,Wholesale,Consumer,Africa,Transfer,8.0,Rep_A,
15,T15,iPhone 13,Electronics,Phones,1,1765.0,1765.0,1568.58,2023-02-21 11:38:00,"113 Street, Mumbai",Mumbai,In-Store,Consumer,South America,Cash,8.0,Rep_B,
16,T16,iPhone 13,Electronics,Phones,1,51.0,51.0,26.55,2023-08-12 00:00:00,"130 Street, Jakarta",Jakarta,In-Store,Corporate,Africa,Transfer,6.0,Rep_D,
17,T17,AirPods Pro,Electronics,Accessories,4,1512.0,6048.0,3598.89,2023-09-12 05:23:00,"610 Street, Jakarta",Jakarta,Wholesale,Consumer,Asia,Cash,1.0,Rep_A,
18,T18,MacBook Air,Electronics,Laptops,3,1399.0,4197.0,3539.51,2023-09-09 03:18:00,"511 Street, Lagos",Lagos,Online,Corporate,South America,Cash,7.0,Rep_C,
19,T19,MacBook Air,Electronics,Laptops,1,1713.0,1713.0,1430.5,2023-09-24 17:22:00,"298 Street, Lagos",Lagos,Wholesale,Consumer,Africa,Card,9.0,Rep_D,
20,T20,Logitech Mouse,Electronics,Accessories,1,51.0,51.0,45.19,2023-02-06 22:08:00,"659 Street, Jakarta",Jakarta,In-Store,Consumer,Africa,Card,3.0,Rep_C,
21,T21,Dell XPS 13,Electronics,Laptops,1,1993.0,1993.0,1742.39,2023-04-14 19:34:00,"473 Street, Bangkok",Bangkok,Online,Consumer,Europe,Transfer,2.0,Rep_C,
22,T22,27in 4K Gaming Monitor,Electronics,Monitors,2,1779.0,3558.0,2706.87,2023-06-18 03:32:00,"398 Street, Bangkok",Bangkok,Online,Small Business,Africa,Card,4.0,Rep_D,
23,T23,iPhone 13,Electronics,Phones,3,450.0,1350.0,967.97,2023-01-22 13:29:00,"365 Street, Bangkok",Bangkok,Wholesale,Consumer,Africa,Transfer,8.0,Rep_A,
24,T24,AirPods Pro,Electronics,Accessories,2,1350.0,2700.0,1973.06,2023-11-13 15:18:00,"192 Street, Jakarta",Jakarta,In-Store,Consumer,Asia,Card,1.0,Rep_C,
25,T25,Samsung Galaxy S21,Electronics,Phones,5,1119.0,5595.0,3625.92,2023-08-21 04:23:00,"302 Street, Mumbai",Mumbai,Wholesale,Small Business,Asia,Cash,3.0,Rep_D,
26,T26,Samsung Galaxy S21,Electronics,Phones,4,240.0,960.0,553.31,2023-06-10 02:17:00,"735 Street, Nairobi",Nairobi,Online,Corporate,Europe,Cash,3.0,Rep_B,
27,T27,MacBook Air,Electronics,Laptops,2,1361.0,2722.0,1751.49,2023-05-07 09:01:00,"104 Street, Bangkok",Bangkok,In-Store,Small Business,Asia,Cash,6.0,Rep_B,
28,T28,AirPods Pro,Electronics,Accessories,5,1755.0,8775.0,7231.0,2023-01-13 06:56:00,"20 Street, Mumbai",Mumbai,In-Store,Small Business,South America,Transfer,3.0,Rep_B,
29,T29,AirPods Pro,Electronics,Accessories,4,1427.0,5708.0,4174.33,2023-12-08 18:24:00,"190 Street, São Paulo",São Paulo,Online,Small Business,Asia,Card,6.0,Rep_D,
30,T30,Logitech Mouse,Electronics,Accessories,2,887.0,1774.0,1268.11,2023-04-11 00:07:00,"620 Street, Jakarta",Jakarta,Online,Consumer,Europe,Card,4.0,Rep_C,
31,T31,MacBook Air,Electronics,Laptops,4,1423.0,5692.0,4297.3,2023-11-04 15:12:00,"106 Street, Cairo",Cairo,Wholesale,Corporate,Africa,Transfer,1.0,Rep_D,
32,T32,iPhone 13,Electronics,Phones,3,1677.0,5031.0,3020.33,2023-04-27 22:08:00,"641 Street, São Paulo",São Paulo,In-Store,Corporate,Africa,Card,1.0,Rep_A,
33,T33,AirPods Pro,Electronics,Accessories,1,537.0,537.0,405.6,2023-07-08 06:04:00,"247 Street, Bangkok",Bangkok,In-Store,Corporate,Africa,Cash,,Rep_A,
34,T34,AirPods Pro,Electronics,Accessories,3,1046.0,3138.0,1998.13,2023-08-08 04:46:00,"750 Street, São Paulo",São Paulo,Wholesale,Corporate,Europe,Transfer,5.0,Rep_B,
35,T35,Logitech Mouse,Electronics,Accessories,2,523.0,1046.0,721.1,2023-10-16 04:22:00,"758 Street, São Paulo",São Paulo,In-Store,Corporate,South America,Cash,2.0,Rep_D,
36,T36,AirPods Pro,Electronics,Accessories,2,811.0,1622.0,1136.07,2023-11-21 12:03:00,"336 Street, São Paulo",São Paulo,Wholesale,Corporate,Europe,Transfer,1.0,Rep_C,
37,T37,MacBook Air,Electronics,Laptops,3,901.0,2703.0,1771.19,2023-02-02 00:50:00,"268 Street, Bangkok",Bangkok,In-Store,Consumer,South America,Card,1.0,Rep_B,
38,T38,Logitech Mouse,Electronics,Accessories,3,1629.0,4887.0,2862.98,2023-10-29 01:50:00,"727 Street, São Paulo",São Paulo,In-Store,Corporate,Africa,Transfer,,Rep_C,
40,T40,MacBook Air,Electronics,Laptops,5,1070.0,5350.0,3054.72,2023-07-11 02:48:00,"548 Street, Jakarta",Jakarta,Online,Corporate,South America,Cash,7.0,Rep_D,
41,T41,Dell XPS 13,Electronics,Laptops,5,1853.0,9265.0,7415.23,2023-08-05 02:40:00,"881 Street, Cairo",Cairo,Online,Corporate,Europe,Transfer,9.0,Rep_D,
42,T42,Dell XPS 13,Electronics,Laptops,3,1092.0,3276.0,1652.2,2023-08-21 18:11:00,"796 Street, Bangkok",Bangkok,Wholesale,Small Business,Europe,Transfer,4.0,Rep_C,
43,T43,27in 4K Gaming Monitor,Electronics,Monitors,5,1142.0,5710.0,3605.67,2023-02-22 22:15:00,"109 Street, Jakarta",Jakarta,Wholesale,Consumer,Europe,Transfer,7.0,Rep_C,
44,T44,Logitech Mouse,Electronics,Accessories,2,1206.0,2412.0,1732.7,2023-11-27 17:46:00,"74 Street, Lagos",Lagos,Wholesale,Small Business,South America,Card,1.0,Rep_B,
45,T45,iPhone 13,Electronics,Phones,5,1241.0,6205.0,5142.36,2023-05-02 01:04:00,"422 Street, Cairo",Cairo,In-Store,Consumer,South America,Card,1.0,Rep_A,
46,T46,iPhone 13,Electronics,Phones,1,560.0,560.0,412.58,2023-10-19 05:59:00,"445 Street, Mumbai",Mumbai,Wholesale,Small Business,Europe,Card,7.0,Rep_A,
47,T47,AirPods Pro,Electronics,Accessories,2,1604.0,3208.0,2236.14,2023-05-21 17:27:00,"660 Street, São Paulo",São Paulo,Online,Corporate,Asia,Transfer,9.0,Rep_D,
48,T48,Samsung Galaxy S21,Electronics,Phones,3,397.0,1191.0,774.09,2023-11-08 00:37:00,"58 Street, Jakarta",Jakarta,In-Store,Small Business,Asia,Transfer,,Rep_C,
49,T49,AirPods Pro,Electronics,Accessories,5,864.0,4320.0,3071.87,2023-07-22 04:35:00,"532 Street, Nairobi",Nairobi,Wholesale,Corporate,Africa,Cash,,Rep_C,
50,T50,MacBook Air,Electronics,Laptops,1,1599.0,1599.0,1436.43,2023-02-23 21:02:00,"953 Street, São Paulo",São Paulo,Wholesale,Small Business,Asia,Card,8.0,Rep_B,
51,T51,Logitech Mouse,Electronics,Accessories,4,422.0,1688.0,971.02,2023-03-31 07:57:00,"540 Street, Bangkok",Bangkok,Wholesale,Consumer,Africa,Transfer,,Rep_A,
53,T53,AirPods Pro,Electronics,Accessories,5,1888.0,9440.0,5032.46,2023-10-13 17:58:00,"119 Street, São Paulo",São Paulo,Online,Corporate,South America,Transfer,6.0,Rep_C,
54,T54,Logitech Mouse,Electronics,Accessories,1,1852.0,1852.0,1208.16,2023-12-08 16:12:00,"105 Street, Lagos",Lagos,In-Store,Small Business,South America,Transfer,1.0,Rep_C,
55,T55,Samsung Galaxy S21,Electronics,Phones,4,758.0,3032.0,2724.72,2023-01-23 04:52:00,"458 Street, Nairobi",Nairobi,Wholesale,Corporate,South America,Transfer,5.0,Rep_A,
56,T56,Dell XPS 13,Electronics,Laptops,1,100.0,100.0,58.29,2023-10-15 01:27:00,"551 Street, Lagos",Lagos,In-Store,Small Business,Asia,Transfer,2.0,Rep_B,
57,T57,iPhone 13,Electronics,Phones,3,1964.0,5892.0,4870.06,2023-08-24 04:29:00,"825 Street, Nairobi",Nairobi,Online,Corporate,Asia,Card,7.0,Rep_D,
58,T58,MacBook Air,Electronics,Laptops,5,1983.0,9915.0,5802.12,2023-07-11 01:37:00,"850 Street, São Paulo",São Paulo,Online,Consumer,Europe,Cash,3.0,Rep_B,
59,T59,Samsung Galaxy S21,Electronics,Phones,4,298.0,1192.0,969.65,2023-01-30 22:41:00,"133 Street, Bangkok",Bangkok,Wholesale,Small Business,Asia,Transfer,8.0,Rep_D,
60,T60,AirPods Pro,Electronics,Accessories,1,1581.0,1581.0,819.5,2023-09-19 20:01:00,"747 Street, Bangkok",Bangkok,Online,Corporate,Africa,Transfer,3.0,Rep_D,
61,T61,Dell XPS 13,Electronics,Laptops,3,1447.0,4341.0,2483.17,2023-07-03 02:31:00,"93 Street, Nairobi",Nairobi,Wholesale,Small Business,Africa,Card,3.0,Rep_B,
62,T62,AirPods Pro,Electronics,Accessories,5,1539.0,7695.0,4392.34,2023-11-22 00:04:00,"346 Street, Cairo",Cairo,Wholesale,Small Business,Asia,Card,1.0,Rep_D,
64,T64,AirPods Pro,Electronics,Accessories,1,57.0,57.0,32.71,2023-07-26 14:55:00,"474 Street, São Paulo",São Paulo,Wholesale,Small Business,Africa,Transfer,8.0,Rep_A,
65,T65,Dell XPS 13,Electronics,Laptops,2,575.0,1150.0,636.23,2023-01-03 14:22:00,"751 Street, Jakarta",Jakarta,Wholesale,Small Business,Africa,Transfer,,Rep_C,
66,T66,MacBook Air,Electronics,Laptops,3,1956.0,5868.0,3565.97,2023-01-28 09:38:00,"231 Street, Bangkok",Bangkok,Wholesale,Small Business,Africa,Transfer,,Rep_B,
67,T67,Samsung Galaxy S21,Electronics,Phones,1,194.0,194.0,133.78,2023-03-08 08:44:00,"228 Street, Cairo",Cairo,Wholesale,Consumer,Europe,Transfer,2.0,Rep_B,
68,T68,AirPods Pro,Electronics,Accessories,1,797.0,797.0,488.97,2023-01-06 19:25:00,"443 Street, São Paulo",São Paulo,Online,Small Business,South America,Transfer,6.0,Rep_C,
69,T69,Logitech Mouse,Electronics,Accessories,1,1510.0,1510.0,847.33,2023-04-22 03:29:00,"830 Street, Nairobi",Nairobi,In-Store,Small Business,South America,Card,8.0,Rep_C,
71,T71,27in 4K Gaming Monitor,Electronics,Monitors,3,623.0,1869.0,1350.74,2023-01-26 18:44:00,"326 Street, São Paulo",São Paulo,Wholesale,Small Business,Africa,Card,4.0,Rep_D,
72,T72,AirPods Pro,Electronics,Accessories,1,581.0,581.0,317.19,2023-03-31 13:37:00,"139 Street, Jakarta",Jakarta,In-Store,Consumer,Africa,Card,3.0,Rep_D,
73,T73,27in 4K Gaming Monitor,Electronics,Monitors,2,59.0,118.0,84.91,2023-01-13 07:01:00,"319 Street, São Paulo",São Paulo,In-Store,Corporate,Europe,Transfer,1.0,Rep_A,
74,T74,MacBook Air,Electronics,Laptops,3,1679.0,5037.0,4232.55,2023-08-24 17:13:00,"459 Street, Cairo",Cairo,Online,Corporate,Africa,Cash,3.0,Rep_A,
75,T75,27in 4K Gaming Monitor,Electronics,Monitors,4,1905.0,7620.0,6333.56,2023-08-17 13:59:00,"725 Street, Mumbai",Mumbai,Wholesale,Consumer,Asia,Transfer,3.0,Rep_A,
76,T76,Samsung Galaxy S21,Electronics,Phones,2,623.0,1246.0,1060.2,2023-03-30 17:39:00,"616 Street, Mumbai",Mumbai,Online,Small Business,South America,Card,3.0,Rep_B,
77,T77,iPhone 13,Electronics,Phones,1,1096.0,1096.0,801.17,2023-05-25 00:46:00,"974 Street, Bangkok",Bangkok,Wholesale,Small Business,Europe,Card,,Rep_B,
78,T78,27in 4K Gaming Monitor,Electronics,Monitors,3,247.0,741.0,556.55,2023-02-11 19:14:00,"289 Street, Jakarta",Jakarta,In-Store,Consumer,Africa,Cash,7.0,Rep_A,
79,T79,Logitech Mouse,Electronics,Accessories,5,599.0,2995.0,2344.46,2023-10-16 03:21:00,"517 Street, São Paulo",São Paulo,Online,Small Business,Africa,Cash,1.0,Rep_D,
80,T80,Logitech Mouse,Electronics,Accessories,5,1232.0,6160.0,4206.05,2023-07-03 14:28:00,"157 Street, Mumbai",Mumbai,Wholesale,Small Business,Asia,Transfer,2.0,Rep_C,
81,T81,MacBook Air,Electronics,Laptops,3,804.0,2412.0,1896.97,2023-10-10 04:19:00,"842 Street, Nairobi",Nairobi,In-Store,Corporate,Asia,Cash,6.0,Rep_A,
82,T82,27in 4K Gaming Monitor,Electronics,Monitors,2,351.0,702.0,607.05,2023-04-14 17:24:00,"616 Street, Cairo",Cairo,Wholesale,Corporate,South America,Transfer,4.0,Rep_C,
84,T84,AirPods Pro,Electronics,Accessories,1,863.0,863.0,488.64,2023-07-01 22:56:00,"950 Street, Mumbai",Mumbai,Wholesale,Corporate,Africa,Transfer,8.0,Rep_C,
85,T85,Dell XPS 13,Electronics,Laptops,1,1382.0,1382.0,1134.82,2023-04-27 08:34:00,"537 Street, Nairobi",Nairobi,Online,Consumer,Africa,Transfer,6.0,Rep_A,
86,T86,AirPods Pro,Electronics,Accessories,2,524.0,1048.0,713.57,2023-12-30 18:53:00,"967 Street, Cairo",Cairo,Wholesale,Small Business,Africa,Card,5.0,Rep_B,
87,T87,27in 4K Gaming Monitor,Electronics,Monitors,1,334.0,334.0,251.47,2023-06-05 17:20:00,"849 Street, Jakarta",Jakarta,Wholesale,Small Business,Africa,Cash,1.0,Rep_A,
88,T88,AirPods Pro,Electronics,Accessories,4,1136.0,4544.0,3184.79,2023-09-14 12:29:00,"891 Street, São Paulo",São Paulo,In-Store,Corporate,Europe,Card,1.0,Rep_A,
89,T89,Samsung Galaxy S21,Electronics,Phones,3,67.0,201.0,157.91,2023-07-13 21:27:00,"222 Street, Nairobi",Nairobi,In-Store,Consumer,Africa,Cash,4.0,Rep_A,
90,T90,Dell XPS 13,Electronics,Laptops,5,104.0,520.0,337.65,2023-06-11 00:22:00,"800 Street, Bangkok",Bangkok,Wholesale,Corporate,Europe,Cash,8.0,Rep_D,
91,T91,Dell XPS 13,Electronics,Laptops,3,492.0,1476.0,1089.32,2023-09-06 14:36:00,"609 Street, Cairo",Cairo,In-Store,Consumer,Europe,Transfer,8.0,Rep_B,
92,T92,Logitech Mouse,Electronics,Accessories,3,1985.0,5955.0,4568.88,2023-08-11 22:47:00,"330 Street, Cairo",Cairo,In-Store,Corporate,Africa,Card,,Rep_D,
93,T93,Dell XPS 13,Electronics,Laptops,3,1697.0,5091.0,3732.81,2023-07-07 17:01:00,"709 Street, Jakarta",Jakarta,Online,Small Business,South America,Card,2.0,Rep_D,
94,T94,Dell XPS 13,Electronics,Laptops,4,1605.0,6420.0,4261.37,2023-08-10 08:33:00,"867 Street, São Paulo",São Paulo,Online,Consumer,Asia,Cash,6.0,Rep_B,
95,T95,AirPods Pro,Electronics,Accessories,1,763.0,763.0,682.23,2023-08-03 16:49:00,"526 Street, Jakarta",Jakarta,Wholesale,Corporate,Europe,Card,2.0,Rep_C,
96,T96,AirPods Pro,Electronics,Accessories,1,1831.0,1831.0,1224.36,2023-06-03 12:33:00,"75 Street, São Paulo",São Paulo,Wholesale,Small Business,Europe,Transfer,5.0,Rep_A,
97,T97,MacBook Air,Electronics,Laptops,1,983.0,983.0,650.84,2023-03-17 22:52:00,"981 Street, Jakarta",Jakarta,In-Store,Small Business,Europe,Transfer,6.0,Rep_D,
98,T98,iPhone 13,Electronics,Phones,2,317.0,634.0,442.35,2023-06-22 16:25:00,"702 Street, Bangkok",Bangkok,In-Store,Consumer,South America,Cash,2.0,Rep_B,
99,T99,Logitech Mouse,Electronics,Accessories,3,1778.0,5334.0,3953.89,2023-10-09 20:10:00,"512 Street, Cairo",Cairo,Wholesale,Small Business,Africa,Cash,7.0,Rep_B,
100,T100,Samsung Galaxy S21,Electronics,Phones,2,104.0,208.0,181.94,2023-03-10 23:32:00,"751 Street, Cairo",Cairo,In-Store,Corporate,Asia,Transfer,3.0,Rep_A,
101,T101,iPhone 13,Electronics,Phones,1,1007.0,1007.0,565.8,2023-07-20 01:52:00,"296 Street, Lagos",Lagos,Online,Small Business,South America,Transfer,9.0,Rep_B,
102,T102,27in 4K Gaming Monitor,Electronics,Monitors,2,74.0,148.0,122.49,2023-08-17 11:43:00,"102 Street, Cairo",Cairo,In-Store,Corporate,Asia,Transfer,3.0,Rep_B,
103,T103,Samsung Galaxy S21,Electronics,Phones,3,866.0,2598.0,2286.49,2023-11-07 16:46:00,"592 Street, São Paulo",São Paulo,Online,Corporate,South America,Cash,8.0,Rep_C,
104,T104,Samsung Galaxy S21,Electronics,Phones,1,1800.0,1800.0,1358.81,2023-07-19 17:24:00,"571 Street, Cairo",Cairo,In-Store,Consumer,Africa,Transfer,7.0,Rep_A,
105,T105,AirPods Pro,Electronics,Accessories,2,1030.0,2060.0,1287.79,2023-12-01 20:06:00,"688 Street, Cairo",Cairo,Wholesale,Small Business,Africa,Transfer,7.0,Rep_D,
106,T106,Dell XPS 13,Electronics,Laptops,4,984.0,3936.0,2790.52,2023-04-13 16:13:00,"995 Street, Mumbai",Mumbai,Wholesale,Consumer,Europe,Card,2.0,Rep_D,
107,T107,iPhone 13,Electronics,Phones,3,985.0,2955.0,1955.6,2023-02-08 14:55:00,"349 Street, São Paulo",São Paulo,Wholesale,Consumer,South America,Card,2.0,Rep_D,
108,T108,Logitech Mouse,Electronics,Accessories,5,1499.0,7495.0,4999.18,2023-08-15 09:33:00,"759 Street, São Paulo",São Paulo,Online,Small Business,Europe,Card,2.0,Rep_B,
109,T109,iPhone 13,Electronics,Phones,3,1964.0,5892.0,3772.56,2023-11-14 20:43:00,"440 Street, Jakarta",Jakarta,Wholesale,Small Business,Asia,Card,9.0,Rep_B,
110,T110,Samsung Galaxy S21,Electronics,Phones,1,1432.0,1432.0,1135.45,2023-06-26 02:44:00,"670 Street, Jakarta",Jakarta,Online,Small Business,Asia,Card,2.0,Rep_D,
112,T112,AirPods Pro,Electronics,Accessories,3,1453.0,4359.0,3712.33,2023-10-29 23:10:00,"226 Street, Jakarta",Jakarta,In-Store,Consumer,South America,Card,4.0,Rep_B,
113,T113,Samsung Galaxy S21,Electronics,Phones,4,1934.0,7736.0,5748.58,2023-11-26 10:33:00,"937 Street, Bangkok",Bangkok,In-Store,Small Business,Europe,Cash,3.0,Rep_C,
114,T114,MacBook Air,Electronics,Laptops,5,1846.0,9230.0,5413.67,2023-01-09 02:19:00,"573 Street, Cairo",Cairo,In-Store,Consumer,South America,Transfer,3.0,Rep_C,
115,T115,iPhone 13,Electronics,Phones,1,265.0,265.0,181.62,2023-09-26 23:46:00,"580 Street, Lagos",Lagos,Wholesale,Small Business,South America,Card,2.0,Rep_A,
116,T116,MacBook Air,Electronics,Laptops,3,684.0,2052.0,1755.48,2023-08-14 11:41:00,"40 Street, Mumbai",Mumbai,Wholesale,Consumer,Africa,Cash,2.0,Rep_D,
118,T118,AirPods Pro,Electronics,Accessories,5,164.0,820.0,524.08,2023-12-20 07:26:00,"289 Street, Mumbai",Mumbai,In-Store,Consumer,Africa,Card,3.0,Rep_C,
119,T119,MacBook Air,Electronics,Laptops,4,402.0,1608.0,907.17,2023-09-26 10:44:00,"170 Street, Mumbai",Mumbai,In-Store,Consumer,South America,Card,6.0,Rep_D,
120,T120,Logitech Mouse,Electronics,Accessories,5,1820.0,9100.0,6244.31,2023-01-31 22:41:00,"363 Street, Jakarta",Jakarta,Online,Corporate,Asia,Cash,7.0,Rep_D,
121,T121,AirPods Pro,Electronics,Accessories,4,1331.0,5324.0,3742.7,2023-10-22 01:31:00,"667 Street, Mumbai",Mumbai,Online,Small Business,Europe,Transfer,1.0,Rep_D,
123,T123,27in 4K Gaming Monitor,Electronics,Monitors,4,965.0,3860.0,2034.74,2023-08-07 16:11:00,"906 Street, Cairo",Cairo,Wholesale,Consumer,Africa,Transfer,6.0,Rep_A,
124,T124,27in 4K Gaming Monitor,Electronics,Monitors,3,259.0,777.0,691.06,2023-10-12 11:35:00,"948 Street, Jakarta",Jakarta,In-Store,Small Business,Europe,Cash,7.0,Rep_D,
125,T125,Samsung Galaxy S21,Electronics,Phones,1,1719.0,1719.0,1422.5,2023-02-27 22:25:00,"738 Street, Nairobi",Nairobi,In-Store,Corporate,Europe,Cash,1.0,Rep_C,
126,T126,27in 4K Gaming Monitor,Electronics,Monitors,1,88.0,88.0,73.07,2023-03-16 19:31:00,"974 Street, Cairo",Cairo,In-Store,Small Business,South America,Cash,3.0,Rep_C,
127,T127,27in 4K Gaming Monitor,Electronics,Monitors,4,1513.0,6052.0,5310.31,2023-12-23 19:05:00,"453 Street, Mumbai",Mumbai,Online,Corporate,Asia,Card,1.0,Rep_B,
129,T129,Logitech Mouse,Electronics,Accessories,5,569.0,2845.0,2383.86,2023-07-18 02:28:00,"693 Street, Lagos",Lagos,Online,Corporate,Africa,Cash,3.0,Rep_B,
130,T130,AirPods Pro,Electronics,Accessories,1,783.0,783.0,430.71,2023-08-24 19:35:00,"944 Street, Mumbai",Mumbai,Wholesale,Corporate,Asia,Transfer,6.0,Rep_C,
131,T131,iPhone 13,Electronics,Phones,5,435.0,2175.0,1357.51,2023-07-24 16:07:00,"990 Street, Bangkok",Bangkok,Online,Small Business,Africa,Card,6.0,Rep_D,
132,T132,Samsung Galaxy S21,Electronics,Phones,5,778.0,3890.0,3158.45,2023-09-24 21:50:00,"401 Street, Bangkok",Bangkok,Wholesale,Small Business,Asia,Cash,6.0,Rep_A,
133,T133,MacBook Air,Electronics,Laptops,4,722.0,2888.0,1455.29,2023-12-19 01:32:00,"973 Street, Jakarta",Jakarta,Online,Corporate,Europe,Card,,Rep_A,
134,T134,AirPods Pro,Electronics,Accessories,2,967.0,1934.0,1723.17,2023-03-31 13:57:00,"994 Street, Jakarta",Jakarta,Online,Consumer,Africa,Cash,,Rep_B,
135,T135,Dell XPS 13,Electronics,Laptops,3,366.0,1098.0,562.87,2023-09-19 08:38:00,"553 Street, São Paulo",São Paulo,Wholesale,Corporate,Europe,Card,8.0,Rep_C,
136,T136,Dell XPS 13,Electronics,Laptops,4,1391.0,5564.0,4144.64,2023-01-07 10:19:00,"390 Street, Cairo",Cairo,Wholesale,Corporate,Africa,Transfer,3.0,Rep_D,
137,T137,AirPods Pro,Electronics,Accessories,4,923.0,3692.0,2916.42,2023-01-12 22:11:00,"301 Street, Jakarta",Jakarta,Wholesale,Corporate,Europe,Cash,3.0,Rep_A,
138,T138,AirPods Pro,Electronics,Accessories,4,734.0,2936.0,2395.42,2023-07-02 18:43:00,"914 Street, Jakarta",Jakarta,Wholesale,Small Business,Asia,Transfer,5.0,Rep_A,
139,T139,iPhone 13,Electronics,Phones,1,1132.0,1132.0,656.35,2023-02-04 21:14:00,"332 Street, Bangkok",Bangkok,Online,Consumer,Asia,Transfer,5.0,Rep_A,
140,T140,Dell XPS 13,Electronics,Laptops,5,73.0,365.0,233.01,2023-12-30 19:59:00,"689 Street, Nairobi",Nairobi,In-Store,Corporate,South America,Cash,9.0,Rep_C,
141,T141,Dell XPS 13,Electronics,Laptops,5,915.0,4575.0,3885.86,2023-09-19 06:41:00,"186 Street, São Paulo",São Paulo,Wholesale,Small Business,Europe,Transfer,3.0,Rep_A,
142,T142,Logitech Mouse,Electronics,Accessories,5,960.0,4800.0,3889.92,2023-04-10 15:29:00,"940 Street, Jakarta",Jakarta,Wholesale,Consumer,Asia,Cash,2.0,Rep_A,
143,T143,iPhone 13,Electronics,Phones,5,1054.0,5270.0,2840.31,2023-04-21 13:55:00,"84 Street, São Paulo",São Paulo,In-Store,Corporate,Europe,Cash,6.0,Rep_D,
144,T144,Dell XPS 13,Electronics,Laptops,1,77.0,77.0,58.73,2023-06-13 12:22:00,"395 Street, Cairo",Cairo,Wholesale,Corporate,Asia,Cash,6.0,Rep_D,
145,T145,Dell XPS 13,Electronics,Laptops,2,1678.0,3356.0,2790.69,2023-09-14 04:19:00,"972 Street, Jakarta",Jakarta,In-Store,Small Business,Africa,Card,6.0,Rep_A,
146,T146,27in 4K Gaming Monitor,Electronics,Monitors,1,1180.0,1180.0,903.32,2023-06-14 16:48:00,"824 Street, Bangkok",Bangkok,In-Store,Consumer,Europe,Transfer,6.0,Rep_D,
147,T147,MacBook Air,Electronics,Laptops,5,1989.0,9945.0,5199.59,2023-10-20 19:25:00,"119 Street, Lagos",Lagos,Wholesale,Corporate,Africa,Cash,5.0,Rep_D,
148,T148,MacBook Air,Electronics,Laptops,5,1234.0,6170.0,3187.6,2023-10-03 20:49:00,"811 Street, Mumbai",Mumbai,Wholesale,Small Business,Europe,Cash,,Rep_D,
149,T149,27in 4K Gaming Monitor,Electronics,Monitors,5,1258.0,6290.0,3784.63,2023-06-27 22:43:00,"151 Street, Jakarta",Jakarta,In-Store,Corporate,Europe,Card,,Rep_A,
150,T150,27in 4K Gaming Monitor,Electronics,Monitors,2,795.0,1590.0,898.27,2023-12-07 00:54:00,"352 Street, Mumbai",Mumbai,Wholesale,Small Business,Europe,Cash,6.0,Rep_A,
151,T151,Dell XPS 13,Electronics,Laptops,1,360.0,360.0,233.9,2023-04-24 17:16:00,"303 Street, Mumbai",Mumbai,Online,Corporate,Africa,Card,8.0,Rep_D,
152,T152,Dell XPS 13,Electronics,Laptops,4,850.0,3400.0,2979.59,2023-05-22 20:47:00,"602 Street, Jakarta",Jakarta,In-Store,Corporate,Asia,Cash,2.0,Rep_D,
153,T153,Logitech Mouse,Electronics,Accessories,1,1234.0,1234.0,1046.8,2023-03-14 20:12:00,"971 Street, Nairobi",Nairobi,Online,Consumer,Europe,Card,6.0,Rep_B,
154,T154,Logitech Mouse,Electronics,Accessories,3,1527.0,4581.0,3899.15,2023-10-06 18:44:00,"344 Street, Nairobi",Nairobi,In-Store,Consumer,South America,Cash,7.0,Rep_A,
155,T155,iPhone 13,Electronics,Phones,1,1149.0,1149.0,833.46,2023-11-12 00:48:00,"291 Street, Cairo",Cairo,In-Store,Corporate,Asia,Cash,3.0,Rep_D,
156,T156,AirPods Pro,Electronics,Accessories,2,1011.0,2022.0,1318.17,2023-10-09 07:47:00,"924 Street, Bangkok",Bangkok,In-Store,Small Business,Europe,Card,,Rep_D,
157,T157,AirPods Pro,Electronics,Accessories,4,1206.0,4824.0,3531.5,2023-10-27 03:14:00,"343 Street, São Paulo",São Paulo,In-Store,Consumer,Africa,Card,2.0,Rep_A,
158,T158,Samsung Galaxy S21,Electronics,Phones,3,1054.0,3162.0,2125.95,2023-12-02 14:52:00,"793 Street, Lagos",Lagos,In-Store,Corporate,Europe,Cash,3.0,Rep_B,
159,T159,Samsung Galaxy S21,Electronics,Phones,5,190.0,950.0,513.54,2023-02-21 13:26:00,"156 Street, Lagos",Lagos,Online,Consumer,South America,Card,4.0,Rep_C,
160,T160,AirPods Pro,Electronics,Accessories,2,638.0,1276.0,700.21,2023-09-20 11:09:00,"159 Street, Cairo",Cairo,In-Store,Corporate,Africa,Card,8.0,Rep_A,
161,T161,MacBook Air,Electronics,Laptops,5,347.0,1735.0,1162.12,2023-09-20 21:00:00,"685 Street, Jakarta",Jakarta,In-Store,Consumer,Africa,Cash,7.0,Rep_C,
162,T162,Dell XPS 13,Electronics,Laptops,5,775.0,3875.0,3167.8,2023-09-28 09:23:00,"637 Street, Nairobi",Nairobi,Online,Small Business,Europe,Card,8.0,Rep_C,
163,T163,Logitech Mouse,Electronics,Accessories,2,908.0,1816.0,1107.62,2023-01-19 03:59:00,"857 Street, Jakarta",Jakarta,Wholesale,Consumer,Europe,Card,,Rep_D,
164,T164,MacBook Air,Electronics,Laptops,1,1512.0,1512.0,857.61,2023-04-18 01:32:00,"977 Street, São Paulo",São Paulo,Wholesale,Consumer,Africa,Card,5.0,Rep_C,
165,T165,MacBook Air,Electronics,Laptops,4,1528.0,6112.0,3623.06,2023-03-19 12:56:00,"770 Street, Jakarta",Jakarta,In-Store,Consumer,Asia,Card,7.0,Rep_B,
166,T166,iPhone 13,Electronics,Phones,3,1627.0,4881.0,3841.54,2023-08-29 10:38:00,"302 Street, Lagos",Lagos,Online,Small Business,Europe,Cash,6.0,Rep_C,
167,T167,27in 4K Gaming Monitor,Electronics,Monitors,5,1055.0,5275.0,3999.06,2023-06-13 02:08:00,"891 Street, São Paulo",São Paulo,Online,Consumer,South America,Transfer,7.0,Rep_D,
168,T168,AirPods Pro,Electronics,Accessories,1,877.0,877.0,719.27,2023-01-27 20:07:00,"562 Street, Bangkok",Bangkok,Online,Consumer,South America,Transfer,3.0,Rep_D,
169,T169,27in 4K Gaming Monitor,Electronics,Monitors,2,776.0,1552.0,1001.32,2023-10-18 01:22:00,"264 Street, Lagos",Lagos,In-Store,Small Business,Europe,Card,4.0,Rep_D,
170,T170,Samsung Galaxy S21,Electronics,Phones,5,336.0,1680.0,954.56,2023-04-16 22:15:00,"400 Street, Jakarta",Jakarta,In-Store,Consumer,Asia,Transfer,4.0,Rep_A,
171,T171,MacBook Air,Electronics,Laptops,5,1352.0,6760.0,3792.13,2023-01-05 19:39:00,"321 Street, Cairo",Cairo,Online,Consumer,Asia,Cash,5.0,Rep_B,
172,T172,MacBook Air,Electronics,Laptops,2,505.0,1010.0,556.6,2023-09-29 11:37:00,"509 Street, São Paulo",São Paulo,Online,Consumer,Asia,Cash,,Rep_D,
173,T173,Samsung Galaxy S21,Electronics,Phones,2,798.0,1596.0,853.95,2023-09-06 08:00:00,"180 Street, Mumbai",Mumbai,Online,Consumer,Africa,Cash,4.0,Rep_D,
174,T174,Samsung Galaxy S21,Electronics,Phones,3,455.0,1365.0,1224.22,2023-04-11 19:41:00,"561 Street, Lagos",Lagos,Wholesale,Consumer,Africa,Transfer,2.0,Rep_A,
175,T175,AirPods Pro,Electronics,Accessories,2,1743.0,3486.0,1940.0,2023-01-07 19:13:00,"405 Street, Bangkok",Bangkok,Wholesale,Consumer,Europe,Transfer,,Rep_B,
176,T176,Samsung Galaxy S21,Electronics,Phones,3,1539.0,4617.0,3366.79,2023-09-23 01:24:00,"289 Street, Lagos",Lagos,In-Store,Consumer,Asia,Cash,1.0,Rep_C,
177,T177,Dell XPS 13,Electronics,Laptops,5,1509.0,7545.0,4975.67,2023-01-25 12:52:00,"917 Street, Lagos",Lagos,In-Store,Consumer,Africa,Card,,Rep_B,
178,T178,iPhone 13,Electronics,Phones,4,1246.0,4984.0,4417.46,2023-04-06 12:30:00,"658 Street, Bangkok",Bangkok,Wholesale,Consumer,Europe,Cash,6.0,Rep_C,
179,T179,27in 4K Gaming Monitor,Electronics,Monitors,3,303.0,909.0,587.14,2023-10-14 18:04:00,"778 Street, Nairobi",Nairobi,Online,Small Business,Asia,Card,2.0,Rep_D,
180,T180,Dell XPS 13,Electronics,Laptops,1,1032.0,1032.0,574.72,2023-11-25 13:50:00,"400 Street, Cairo",Cairo,Wholesale,Small Business,South America,Card,,Rep_C,
181,T181,MacBook Air,Electronics,Laptops,1,150.0,150.0,93.38,2023-11-04 03:59:00,"690 Street, Bangkok",Bangkok,Wholesale,Small Business,Asia,Card,4.0,Rep_A,
182,T182,AirPods Pro,Electronics,Accessories,5,532.0,2660.0,1770.63,2023-01-14 06:36:00,"645 Street, Mumbai",Mumbai,Online,Small Business,Asia,Transfer,,Rep_B,
184,T184,27in 4K Gaming Monitor,Electronics,Monitors,5,1286.0,6430.0,3381.19,2023-06-09 03:16:00,"700 Street, São Paulo",São Paulo,In-Store,Consumer,South America,Transfer,5.0,Rep_C,
185,T185,27in 4K Gaming Monitor,Electronics,Monitors,5,1867.0,9335.0,7896.14,2023-04-22 17:39:00,"733 Street, Nairobi",Nairobi,Online,Corporate,Europe,Card,6.0,Rep_C,
186,T186,Samsung Galaxy S21,Electronics,Phones,2,446.0,892.0,482.45,2023-04-30 08:40:00,"572 Street, Mumbai",Mumbai,Online,Consumer,Africa,Cash,,Rep_A,
187,T187,AirPods Pro,Electronics,Accessories,2,1899.0,3798.0,3085.75,2023-10-11 10:54:00,"955 Street, Nairobi",Nairobi,Online,Small Business,Africa,Transfer,1.0,Rep_C,
188,T188,Logitech Mouse,Electronics,Accessories,4,1928.0,7712.0,4319.24,2023-03-28 04:07:00,"505 Street, Jakarta",Jakarta,Wholesale,Small Business,Africa,Transfer,1.0,Rep_A,
190,T190,MacBook Air,Electronics,Laptops,3,491.0,1473.0,1125.55,2023-12-18 07:09:00,"992 Street, Cairo",Cairo,Wholesale,Small Business,South America,Transfer,1.0,Rep_B,
191,T191,27in 4K Gaming Monitor,Electronics,Monitors,1,378.0,378.0,220.1,2023-02-18 03:03:00,"169 Street, Cairo",Cairo,In-Store,Small Business,Asia,Card,7.0,Rep_A,
192,T192,MacBook Air,Electronics,Laptops,2,1851.0,3702.0,2284.61,2023-09-15 21:12:00,"351 Street, Nairobi",Nairobi,Wholesale,Small Business,Europe,Cash,2.0,Rep_D,
193,T193,27in 4K Gaming Monitor,Electronics,Monitors,1,985.0,985.0,529.93,2023-11-11 13:59:00,"626 Street, Mumbai",Mumbai,In-Store,Corporate,Asia,Cash,4.0,Rep_A,
195,T195,Logitech Mouse,Electronics,Accessories,5,1711.0,8555.0,6770.4,2023-05-15 22:43:00,"256 Street, São Paulo",São Paulo,In-Store,Corporate,Europe,Transfer,9.0,Rep_C,
196,T196,Logitech Mouse,Electronics,Accessories,5,1854.0,9270.0,5123.45,2023-10-10 17:30:00,"407 Street, Nairobi",Nairobi,Online,Corporate,Africa,Card,6.0,Rep_A,
197,T197,iPhone 13,Electronics,Phones,5,1426.0,7130.0,4413.61,2023-01-19 22:28:00,"108 Street, Mumbai",Mumbai,Online,Small Business,Europe,Cash,5.0,Rep_A,
199,T199,27in 4K Gaming Monitor,Electronics,Monitors,2,1478.0,2956.0,2206.34,2023-03-07 08:47:00,"500 Street, Mumbai",Mumbai,Online,Corporate,Africa,Cash,6.0,Rep_C,
200,T200,iPhone 13,Electronics,Phones,1,1491.0,1491.0,1150.09,2023-08-31 22:05:00,"101 Street, Jakarta",Jakarta,Online,Consumer,Asia,Transfer,4.0,Rep_A,
201,T201,MacBook Air,Electronics,Laptops,3,1227.0,3681.0,2448.04,2023-12-25 20:09:00,"772 Street, Nairobi",Nairobi,Wholesale,Small Business,Africa,Transfer,4.0,Rep_B,
202,T202,MacBook Air,Electronics,Laptops,4,1294.0,5176.0,2722.27,2023-12-02 22:51:00,"766 Street, Nairobi",Nairobi,Online,Small Business,South America,Transfer,2.0,Rep_C,
203,T203,Dell XPS 13,Electronics,Laptops,4,109.0,436.0,329.0,2023-07-30 21:23:00,"542 Street, Bangkok",Bangkok,In-Store,Consumer,Asia,Cash,5.0,Rep_D,
204,T204,Dell XPS 13,Electronics,Laptops,3,481.0,1443.0,792.14,2023-04-23 22:32:00,"628 Street, Nairobi",Nairobi,In-Store,Consumer,South America,Card,,Rep_A,
205,T205,iPhone 13,Electronics,Phones,3,1898.0,5694.0,4310.51,2023-07-17 03:19:00,"987 Street, Cairo",Cairo,Online,Corporate,Europe,Transfer,7.0,Rep_A,
206,T206,iPhone 13,Electronics,Phones,5,1578.0,7890.0,7036.77,2023-09-16 12:42:00,"254 Street, Cairo",Cairo,Online,Small Business,Asia,Cash,6.0,Rep_D,
207,T207,Dell XPS 13,Electronics,Laptops,5,612.0,3060.0,1847.38,2023-10-29 18:04:00,"933 Street, Jakarta",Jakarta,Online,Consumer,Africa,Cash,5.0,Rep_D,
208,T208,AirPods Pro,Electronics,Accessories,5,405.0,2025.0,1077.79,2023-08-19 06:49:00,"792 Street, Bangkok",Bangkok,In-Store,Corporate,Asia,Card,6.0,Rep_C,
209,T209,Dell XPS 13,Electronics,Laptops,4,1437.0,5748.0,4601.56,2023-06-01 03:20:00,"876 Street, Nairobi",Nairobi,In-Store,Corporate,Asia,Card,,Rep_C,
210,T210,27in 4K Gaming Monitor,Electronics,Monitors,3,1293.0,3879.0,3452.05,2023-07-01 09:24:00,"556 Street, Nairobi",Nairobi,Online,Corporate,Africa,Transfer,4.0,Rep_C,
211,T211,MacBook Air,Electronics,Laptops,4,1923.0,7692.0,4274.43,2023-07-15 17:32:00,"70 Street, Mumbai",Mumbai,In-Store,Corporate,Europe,Card,2.0,Rep_C,
212,T212,Dell XPS 13,Electronics,Laptops,3,1221.0,3663.0,3124.01,2023-06-03 11:55:00,"313 Street, São Paulo",São Paulo,Online,Small Business,Asia,Card,5.0,Rep_D,
213,T213,Dell XPS 13,Electronics,Laptops,3,1672.0,5016.0,3642.28,2023-12-11 20:11:00,"425 Street, Cairo",Cairo,In-Store,Corporate,Africa,Transfer,,Rep_D,
214,T214,Logitech Mouse,Electronics,Accessories,2,1066.0,2132.0,1544.61,2023-03-22 23:33:00,"43 Street, Lagos",Lagos,Wholesale,Consumer,South America,Cash,,Rep_B,
215,T215,MacBook Air,Electronics,Laptops,1,1683.0,1683.0,1150.03,2023-03-06 09:20:00,"22 Street, Bangkok",Bangkok,Wholesale,Corporate,Asia,Card,2.0,Rep_D,
216,T216,AirPods Pro,Electronics,Accessories,3,686.0,2058.0,1268.21,2023-10-21 09:34:00,"831 Street, Jakarta",Jakarta,Online,Consumer,South America,Card,7.0,Rep_A,
217,T217,Samsung Galaxy S21,Electronics,Phones,2,432.0,864.0,692.62,2023-05-23 23:39:00,"726 Street, Jakarta",Jakarta,Wholesale,Consumer,Asia,Transfer,9.0,Rep_D,
218,T218,Dell XPS 13,Electronics,Laptops,4,1099.0,4396.0,3169.54,2023-09-05 02:07:00,"554 Street, Mumbai",Mumbai,Online,Small Business,South America,Cash,6.0,Rep_B,
219,T219,iPhone 13,Electronics,Phones,1,428.0,428.0,346.78,2023-11-03 10:55:00,"8 Street, Jakarta",Jakarta,Wholesale,Small Business,Asia,Cash,9.0,Rep_B,
220,T220,iPhone 13,Electronics,Phones,5,1145.0,5725.0,3769.27,2023-08-26 07:17:00,"468 Street, São Paulo",São Paulo,Wholesale,Consumer,Africa,Card,2.0,Rep_C,
221,T221,iPhone 13,Electronics,Phones,3,926.0,2778.0,1696.7,2023-02-09 05:32:00,"520 Street, Nairobi",Nairobi,In-Store,Small Business,Asia,Card,5.0,Rep_C,
222,T222,MacBook Air,Electronics,Laptops,3,593.0,1779.0,1415.89,2023-01-16 00:44:00,"533 Street, Bangkok",Bangkok,Wholesale,Corporate,Africa,Cash,2.0,Rep_A,
223,T223,Logitech Mouse,Electronics,Accessories,2,1808.0,3616.0,1995.78,2023-11-21 02:32:00,"916 Street, Bangkok",Bangkok,Online,Consumer,Asia,Card,5.0,Rep_B,
224,T224,Samsung Galaxy S21,Electronics,Phones,4,1550.0,6200.0,5377.16,2023-05-14 18:59:00,"395 Street, Nairobi",Nairobi,Online,Corporate,South America,Card,9.0,Rep_D,
225,T225,iPhone 13,Electronics,Phones,2,1031.0,2062.0,1307.48,2023-10-04 23:25:00,"981 Street, Jakarta",Jakarta,Wholesale,Corporate,South America,Transfer,2.0,Rep_B,
226,T226,27in 4K Gaming Monitor,Electronics,Monitors,2,1387.0,2774.0,1870.24,2023-05-30 16:04:00,"862 Street, Jakarta",Jakarta,Online,Small Business,Europe,Cash,3.0,Rep_D,
227,T227,Samsung Galaxy S21,Electronics,Phones,5,321.0,1605.0,1004.68,2023-09-05 14:38:00,"660 Street, Mumbai",Mumbai,In-Store,Corporate,Asia,Card,8.0,Rep_D,
228,T228,Logitech Mouse,Electronics,Accessories,3,565.0,1695.0,993.63,2023-05-23 20:34:00,"949 Street, Jakarta",Jakarta,In-Store,Consumer,Europe,Card,4.0,Rep_A,
229,T229,27in 4K Gaming Monitor,Electronics,Monitors,1,1940.0,1940.0,1667.51,2023-04-25 00:05:00,"407 Street, São Paulo",São Paulo,Wholesale,Corporate,Africa,Card,2.0,Rep_B,
230,T230,Dell XPS 13,Electronics,Laptops,4,550.0,2200.0,1434.75,2023-01-30 13:58:00,"281 Street, Cairo",Cairo,Wholesale,Corporate,Africa,Card,6.0,Rep_A,
231,T231,Samsung Galaxy S21,Electronics,Phones,1,132.0,132.0,109.61,2023-10-02 08:27:00,"327 Street, São Paulo",São Paulo,In-Store,Small Business,Europe,Cash,9.0,Rep_D,
232,T232,Logitech Mouse,Electronics,Accessories,1,1581.0,1581.0,1074.98,2023-04-30 05:52:00,"936 Street, Nairobi",Nairobi,Online,Corporate,South America,Transfer,9.0,Rep_D,
233,T233,Samsung Galaxy S21,Electronics,Phones,4,138.0,552.0,292.39,2023-11-30 08:03:00,"988 Street, Mumbai",Mumbai,In-Store,Small Business,Africa,Transfer,9.0,Rep_D,
234,T234,Logitech Mouse,Electronics,Accessories,1,1705.0,1705.0,906.36,2023-03-03 16:47:00,"35 Street, Lagos",Lagos,Wholesale,Consumer,Asia,Card,2.0,Rep_B,
235,T235,Samsung Galaxy S21,Electronics,Phones,5,1398.0,6990.0,4110.75,2023-06-21 00:52:00,"445 Street, Bangkok",Bangkok,Wholesale,Consumer,Africa,Transfer,,Rep_B,
236,T236,iPhone 13,Electronics,Phones,2,777.0,1554.0,792.63,2023-12-09 14:39:00,"588 Street, Lagos",Lagos,Online,Corporate,Africa,Cash,9.0,Rep_D,
237,T237,MacBook Air,Electronics,Laptops,4,654.0,2616.0,2300.1,2023-02-07 19:56:00,"132 Street, Nairobi",Nairobi,Wholesale,Small Business,Asia,Cash,4.0,Rep_D,
238,T238,MacBook Air,Electronics,Laptops,5,628.0,3140.0,2763.87,2023-06-11 22:40:00,"87 Street, Lagos",Lagos,Wholesale,Corporate,Europe,Transfer,6.0,Rep_C,
239,T239,Samsung Galaxy S21,Electronics,Phones,1,622.0,622.0,322.36,2023-05-16 18:59:00,"441 Street, São Paulo",São Paulo,Online,Small Business,Europe,Transfer,1.0,Rep_A,
240,T240,27in 4K Gaming Monitor,Electronics,Monitors,3,1505.0,4515.0,2631.33,2023-05-21 05:48:00,"190 Street, Lagos",Lagos,Online,Consumer,Europe,Card,4.0,Rep_D,
241,T241,AirPods Pro,Electronics,Accessories,2,1880.0,3760.0,2740.36,2023-11-14 09:42:00,"233 Street, Nairobi",Nairobi,In-Store,Corporate,Asia,Transfer,5.0,Rep_A,
242,T242,Dell XPS 13,Electronics,Laptops,1,905.0,905.0,771.01,2023-07-02 08:38:00,"779 Street, Mumbai",Mumbai,Wholesale,Corporate,Europe,Cash,,Rep_C,
243,T243,AirPods Pro,Electronics,Accessories,5,50.0,250.0,197.99,2023-03-13 07:52:00,"445 Street, Jakarta",Jakarta,Online,Consumer,Europe,Card,7.0,Rep_C,
244,T244,Dell XPS 13,Electronics,Laptops,5,569.0,2845.0,1424.89,2023-06-07 12:46:00,"687 Street, Mumbai",Mumbai,Wholesale,Corporate,Europe,Card,2.0,Rep_D,
245,T245,Logitech Mouse,Electronics,Accessories,1,688.0,688.0,369.4,2023-08-27 07:19:00,"332 Street, Cairo",Cairo,Wholesale,Corporate,Africa,Cash,,Rep_D,
246,T246,AirPods Pro,Electronics,Accessories,2,1008.0,2016.0,1529.3,2023-11-03 10:12:00,"210 Street, São Paulo",São Paulo,Wholesale,Corporate,South America,Transfer,9.0,Rep_B,
247,T247,AirPods Pro,Electronics,Accessories,4,820.0,3280.0,1798.17,2023-01-02 05:02:00,"296 Street, Cairo",Cairo,Online,Corporate,Europe,Transfer,9.0,Rep_C,
248,T248,Samsung Galaxy S21,Electronics,Phones,3,284.0,852.0,622.71,2023-12-23 20:48:00,"921 Street, São Paulo",São Paulo,Online,Corporate,Asia,Card,9.0,Rep_B,
249,T249,AirPods Pro,Electronics,Accessories,5,1511.0,7555.0,4998.08,2023-03-14 20:37:00,"188 Street, Nairobi",Nairobi,In-Store,Corporate,Europe,Cash,3.0,Rep_D,
250,T250,Samsung Galaxy S21,Electronics,Phones,4,896.0,3584.0,1933.75,2023-03-16 15:31:00,"825 Street, Cairo",Cairo,In-Store,Corporate,Asia,Card,,Rep_D,
251,T251,Logitech Mouse,Electronics,Accessories,2,489.0,978.0,741.61,2023-02-25 00:00:00,"787 Street, Cairo",Cairo,Wholesale,Small Business,South America,Transfer,,Rep_A,
252,T252,Dell XPS 13,Electronics,Laptops,4,1492.0,5968.0,3155.19,2023-05-06 10:48:00,"576 Street, Nairobi",Nairobi,Online,Consumer,Asia,Transfer,2.0,Rep_D,
253,T253,AirPods Pro,Electronics,Accessories,4,1559.0,6236.0,4834.83,2023-12-31 17:04:00,"344 Street, São Paulo",São Paulo,In-Store,Consumer,Africa,Transfer,4.0,Rep_A,
254,T254,27in 4K Gaming Monitor,Electronics,Monitors,3,497.0,1491.0,981.34,2023-09-19 14:52:00,"485 Street, Jakarta",Jakarta,Online,Small Business,Europe,Transfer,5.0,Rep_B,
255,T255,Samsung Galaxy S21,Electronics,Phones,5,1108.0,5540.0,4106.12,2023-07-20 16:28:00,"431 Street, São Paulo",São Paulo,Wholesale,Consumer,Asia,Cash,1.0,Rep_A,
256,T256,27in 4K Gaming Monitor,Electronics,Monitors,4,1142.0,4568.0,3295.74,2023-06-11 12:21:00,"343 Street, Cairo",Cairo,In-Store,Corporate,Africa,Cash,2.0,Rep_A,
257,T257,MacBook Air,Electronics,Laptops,3,811.0,2433.0,1549.77,2023-01-21 11:10:00,"499 Street, Bangkok",Bangkok,Wholesale,Consumer,Asia,Cash,8.0,Rep_C,
258,T258,AirPods Pro,Electronics,Accessories,5,1184.0,5920.0,3450.91,2023-09-30 02:59:00,"214 Street, São Paulo",São Paulo,Wholesale,Consumer,Africa,Cash,3.0,Rep_A,
260,T260,AirPods Pro,Electronics,Accessories,4,295.0,1180.0,963.12,2023-01-05 16:55:00,"558 Street, Bangkok",Bangkok,Online,Small Business,South America,Cash,,Rep_D,
261,T261,MacBook Air,Electronics,Laptops,3,196.0,588.0,316.03,2023-11-04 05:54:00,"102 Street, São Paulo",São Paulo,Wholesale,Small Business,South America,Transfer,8.0,Rep_B,
262,T262,Samsung Galaxy S21,Electronics,Phones,3,764.0,2292.0,1478.13,2023-06-28 20:13:00,"604 Street, São Paulo",São Paulo,Wholesale,Small Business,Europe,Cash,4.0,Rep_B,
263,T263,AirPods Pro,Electronics,Accessories,3,1121.0,3363.0,1761.5,2023-12-03 16:48:00,"840 Street, Bangkok",Bangkok,In-Store,Small Business,Europe,Transfer,,Rep_A,
264,T264,AirPods Pro,Electronics,Accessories,3,886.0,2658.0,1995.19,2023-10-14 22:15:00,"22 Street, Lagos",Lagos,In-Store,Small Business,Europe,Cash,3.0,Rep_A,
265,T265,MacBook Air,Electronics,Laptops,2,369.0,738.0,474.89,2023-07-13 08:23:00,"286 Street, Cairo",Cairo,In-Store,Corporate,Asia,Cash,3.0,Rep_B,
266,T266,27in 4K Gaming Monitor,Electronics,Monitors,2,162.0,324.0,162.3,2023-03-08 00:35:00,"1 Street, São Paulo",São Paulo,Wholesale,Consumer,Asia,Cash,,Rep_A,
267,T267,AirPods Pro,Electronics,Accessories,5,237.0,1185.0,955.64,2023-06-13 02:01:00,"535 Street, Jakarta",Jakarta,Wholesale,Consumer,Africa,Card,4.0,Rep_A,
268,T268,Logitech Mouse,Electronics,Accessories,3,1428.0,4284.0,3225.15,2023-06-22 01:44:00,"123 Street, Nairobi",Nairobi,Online,Consumer,South America,Cash,2.0,Rep_C,
269,T269,27in 4K Gaming Monitor,Electronics,Monitors,2,1819.0,3638.0,2514.96,2023-11-18 01:25:00,"111 Street, Nairobi",Nairobi,In-Store,Corporate,Asia,Card,2.0,Rep_A,
270,T270,27in 4K Gaming Monitor,Electronics,Monitors,3,1703.0,5109.0,3528.15,2023-11-17 16:40:00,"781 Street, Cairo",Cairo,Wholesale,Corporate,Europe,Cash,5.0,Rep_B,
271,T271,27in 4K Gaming Monitor,Electronics,Monitors,1,775.0,775.0,610.64,2023-02-01 09:09:00,"566 Street, São Paulo",São Paulo,Online,Corporate,South America,Card,,Rep_D,
272,T272,Samsung Galaxy S21,Electronics,Phones,2,461.0,922.0,572.82,2023-12-01 21:29:00,"205 Street, Lagos",Lagos,Online,Small Business,Europe,Card,8.0,Rep_C,
273,T273,iPhone 13,Electronics,Phones,2,899.0,1798.0,1418.06,2023-12-27 11:48:00,"991 Street, Cairo",Cairo,Online,Small Business,Europe,Transfer,2.0,Rep_C,
274,T274,MacBook Air,Electronics,Laptops,1,1416.0,1416.0,972.49,2023-11-21 11:56:00,"668 Street, Cairo",Cairo,Online,Corporate,Africa,Cash,1.0,Rep_A,
275,T275,MacBook Air,Electronics,Laptops,1,1996.0,1996.0,1454.53,2023-12-04 14:50:00,"177 Street, Jakarta",Jakarta,In-Store,Small Business,Europe,Card,8.0,Rep_B,
276,T276,Logitech Mouse,Electronics,Accessories,5,450.0,2250.0,1569.43,2023-11-12 23:54:00,"23 Street, Mumbai",Mumbai,Wholesale,Corporate,South America,Card,5.0,Rep_D,
277,T277,MacBook Air,Electronics,Laptops,4,572.0,2288.0,1786.97,2023-04-04 08:20:00,"723 Street, Mumbai",Mumbai,Online,Consumer,South America,Cash,1.0,Rep_C,
278,T278,Logitech Mouse,Electronics,Accessories,4,1073.0,4292.0,2931.78,2023-05-26 13:34:00,"892 Street, Mumbai",Mumbai,In-Store,Corporate,South America,Cash,2.0,Rep_B,
279,T279,Dell XPS 13,Electronics,Laptops,4,80.0,320.0,207.51,2023-06-15 10:53:00,"993 Street, São Paulo",São Paulo,Wholesale,Consumer,South America,Transfer,7.0,Rep_C,
280,T280,MacBook Air,Electronics,Laptops,2,1978.0,3956.0,3009.15,2023-10-01 02:27:00,"940 Street, Jakarta",Jakarta,In-Store,Corporate,Asia,Transfer,8.0,Rep_D,
281,T281,Dell XPS 13,Electronics,Laptops,1,405.0,405.0,209.47,2023-01-13 16:53:00,"565 Street, Cairo",Cairo,Wholesale,Small Business,South America,Card,5.0,Rep_C,
282,T282,Dell XPS 13,Electronics,Laptops,5,1750.0,8750.0,7308.93,2023-12-03 03:13:00,"921 Street, Bangkok",Bangkok,Online,Consumer,South America,Card,6.0,Rep_C,
283,T283,MacBook Air,Electronics,Laptops,4,1609.0,6436.0,5477.41,2023-07-07 05:00:00,"156 Street, Bangkok",Bangkok,Online,Consumer,Europe,Cash,1.0,Rep_C,
284,T284,Dell XPS 13,Electronics,Laptops,2,1868.0,3736.0,1982.15,2023-06-24 08:33:00,"391 Street, Mumbai",Mumbai,Wholesale,Consumer,Europe,Card,,Rep_A,
285,T285,Dell XPS 13,Electronics,Laptops,1,104.0,104.0,66.48,2023-05-06 11:15:00,"373 Street, Mumbai",Mumbai,Wholesale,Consumer,Africa,Transfer,7.0,Rep_D,
286,T286,iPhone 13,Electronics,Phones,3,506.0,1518.0,1262.83,2023-08-05 23:07:00,"59 Street, Cairo",Cairo,Online,Consumer,Europe,Transfer,3.0,Rep_B,
287,T287,27in 4K Gaming Monitor,Electronics,Monitors,5,659.0,3295.0,2271.44,2023-05-04 22:43:00,"602 Street, São Paulo",São Paulo,Online,Small Business,Asia,Transfer,7.0,Rep_D,
288,T288,iPhone 13,Electronics,Phones,4,483.0,1932.0,1399.77,2023-10-05 08:16:00,"492 Street, Mumbai",Mumbai,In-Store,Corporate,South America,Transfer,9.0,Rep_C,
289,T289,Logitech Mouse,Electronics,Accessories,2,556.0,1112.0,621.37,2023-06-30 07:39:00,"863 Street, Cairo",Cairo,Online,Corporate,Europe,Transfer,1.0,Rep_C,
290,T290,AirPods Pro,Electronics,Accessories,4,1175.0,4700.0,3233.58,2023-02-16 08:45:00,"753 Street, Nairobi",Nairobi,Wholesale,Small Business,Africa,Cash,4.0,Rep_B,
291,T291,Dell XPS 13,Electronics,Laptops,3,297.0,891.0,786.91,2023-08-14 14:31:00,"277 Street, Nairobi",Nairobi,Wholesale,Corporate,South America,Cash,6.0,Rep_D,
292,T292,iPhone 13,Electronics,Phones,2,1663.0,3326.0,2238.82,2023-08-10 02:29:00,"520 Street, Jakarta",Jakarta,Online,Small Business,Europe,Card,1.0,Rep_C,
293,T293,MacBook Air,Electronics,Laptops,3,382.0,1146.0,752.63,2023-03-11 08:15:00,"252 Street, Cairo",Cairo,In-Store,Consumer,Asia,Cash,9.0,Rep_B,
294,T294,MacBook Air,Electronics,Laptops,5,1674.0,8370.0,4774.57,2023-12-24 21:17:00,"260 Street, Jakarta",Jakarta,Online,Corporate,Africa,Transfer,2.0,Rep_A,
295,T295,Logitech Mouse,Electronics,Accessories,3,294.0,882.0,782.18,2023-01-08 12:41:00,"352 Street, São Paulo",São Paulo,Wholesale,Consumer,South America,Transfer,1.0,Rep_B,
296,T296,iPhone 13,Electronics,Phones,1,236.0,236.0,190.08,2023-04-03 21:43:00,"74 Street, Lagos",Lagos,Wholesale,Corporate,South America,Transfer,5.0,Rep_C,
297,T297,Dell XPS 13,Electronics,Laptops,4,921.0,3684.0,2916.05,2023-04-01 21:36:00,"349 Street, Lagos",Lagos,In-Store,Consumer,Asia,Transfer,4.0,Rep_B,
298,T298,27in 4K Gaming Monitor,Electronics,Monitors,3,595.0,1785.0,924.57,2023-04-03 06:48:00,"404 Street, São Paulo",São Paulo,Online,Consumer,Asia,Cash,3.0,Rep_C,
299,T299,AirPods Pro,Electronics,Accessories,3,1931.0,5793.0,4721.41,2023-04-26 19:52:00,"324 Street, São Paulo",São Paulo,Wholesale,Corporate,Africa,Card,1.0,Rep_D,
300,T300,iPhone 13,Electronics,Phones,5,1477.0,7385.0,5187.1,2023-07-22 08:40:00,"193 Street, São Paulo",São Paulo,Online,Corporate,South America,Card,2.0,Rep_B,
301,T301,MacBook Air,Electronics,Laptops,1,782.0,782.0,615.95,2023-11-08 18:20:00,"282 Street, Mumbai",Mumbai,Online,Consumer,Africa,Cash,7.0,Rep_B,
302,T302,Samsung Galaxy S21,Electronics,Phones,2,601.0,1202.0,967.9,2023-10-06 09:19:00,"628 Street, Mumbai",Mumbai,In-Store,Consumer,South America,Card,8.0,Rep_B,
303,T303,iPhone 13,Electronics,Phones,3,161.0,483.0,281.51,2023-11-20 14:34:00,"707 Street, Bangkok",Bangkok,Online,Small Business,Asia,Card,,Rep_A,
304,T304,Dell XPS 13,Electronics,Laptops,5,1237.0,6185.0,5000.26,2023-01-04 02:33:00,"471 Street, Nairobi",Nairobi,Online,Consumer,Europe,Transfer,,Rep_D,
305,T305,Dell XPS 13,Electronics,Laptops,5,630.0,3150.0,2263.84,2023-06-18 21:05:00,"650 Street, Cairo",Cairo,Online,Small Business,Europe,Transfer,7.0,Rep_D,
306,T306,Logitech Mouse,Electronics,Accessories,5,261.0,1305.0,653.27,2023-10-30 03:27:00,"511 Street, Nairobi",Nairobi,Wholesale,Corporate,Europe,Cash,9.0,Rep_C,
307,T307,27in 4K Gaming Monitor,Electronics,Monitors,2,355.0,710.0,587.32,2023-04-22 18:13:00,"496 Street, Cairo",Cairo,In-Store,Corporate,Africa,Cash,6.0,Rep_D,
308,T308,MacBook Air,Electronics,Laptops,5,359.0,1795.0,1372.11,2023-02-28 22:30:00,"32 Street, Jakarta",Jakarta,In-Store,Small Business,Africa,Card,9.0,Rep_C,
309,T309,Logitech Mouse,Electronics,Accessories,2,775.0,1550.0,1147.96,2023-04-21 20:36:00,"833 Street, Jakarta",Jakarta,In-Store,Consumer,Europe,Cash,3.0,Rep_A,
310,T310,27in 4K Gaming Monitor,Electronics,Monitors,1,944.0,944.0,735.27,2023-04-06 06:58:00,"407 Street, Mumbai",Mumbai,Wholesale,Corporate,Africa,Transfer,9.0,Rep_D,
311,T311,Logitech Mouse,Electronics,Accessories,3,730.0,2190.0,1397.52,2023-09-19 19:51:00,"337 Street, Nairobi",Nairobi,Wholesale,Small Business,Europe,Card,7.0,Rep_A,
312,T312,MacBook Air,Electronics,Laptops,1,1012.0,1012.0,711.1,2023-12-18 03:17:00,"43 Street, Mumbai",Mumbai,In-Store,Corporate,Asia,Transfer,8.0,Rep_C,
313,T313,MacBook Air,Electronics,Laptops,1,1343.0,1343.0,723.88,2023-08-04 18:05:00,"945 Street, São Paulo",São Paulo,In-Store,Small Business,Asia,Cash,5.0,Rep_D,
314,T314,Samsung Galaxy S21,Electronics,Phones,3,1409.0,4227.0,2416.59,2023-11-16 02:18:00,"891 Street, Cairo",Cairo,Wholesale,Small Business,Asia,Card,9.0,Rep_B,
315,T315,iPhone 13,Electronics,Phones,4,477.0,1908.0,1619.06,2023-11-09 04:07:00,"952 Street, Cairo",Cairo,In-Store,Consumer,South America,Cash,2.0,Rep_C,
317,T317,iPhone 13,Electronics,Phones,5,618.0,3090.0,2293.4,2023-02-28 00:49:00,"19 Street, Cairo",Cairo,Online,Corporate,Europe,Transfer,2.0,Rep_D,
318,T318,Logitech Mouse,Electronics,Accessories,4,338.0,1352.0,1039.14,2023-03-20 22:13:00,"128 Street, São Paulo",São Paulo,In-Store,Small Business,South America,Cash,8.0,Rep_C,
319,T319,27in 4K Gaming Monitor,Electronics,Monitors,2,880.0,1760.0,1570.18,2023-08-06 09:16:00,"570 Street, Bangkok",Bangkok,Wholesale,Small Business,South America,Cash,9.0,Rep_D,
320,T320,Logitech Mouse,Electronics,Accessories,2,1541.0,3082.0,1968.19,2023-07-23 06:58:00,"98 Street, São Paulo",São Paulo,Wholesale,Corporate,Africa,Transfer,2.0,Rep_C,
321,T321,iPhone 13,Electronics,Phones,2,215.0,430.0,318.83,2023-10-22 14:37:00,"553 Street, São Paulo",São Paulo,Wholesale,Small Business,South America,Card,,Rep_A,
322,T322,Logitech Mouse,Electronics,Accessories,4,1556.0,6224.0,3777.72,2023-10-17 21:02:00,"283 Street, Lagos",Lagos,Online,Small Business,Europe,Transfer,1.0,Rep_A,
323,T323,Logitech Mouse,Electronics,Accessories,1,1516.0,1516.0,1120.43,2023-03-06 18:25:00,"821 Street, São Paulo",São Paulo,Wholesale,Corporate,Africa,Card,6.0,Rep_A,
324,T324,Dell XPS 13,Electronics,Laptops,5,940.0,4700.0,3525.38,2023-01-25 12:27:00,"301 Street, Nairobi",Nairobi,In-Store,Corporate,South America,Card,1.0,Rep_A,
325,T325,MacBook Air,Electronics,Laptops,3,1970.0,5910.0,4670.62,2023-02-15 09:31:00,"176 Street, Mumbai",Mumbai,In-Store,Corporate,Africa,Transfer,2.0,Rep_B,
326,T326,27in 4K Gaming Monitor,Electronics,Monitors,2,1492.0,2984.0,1592.62,2023-09-28 03:28:00,"923 Street, São Paulo",São Paulo,In-Store,Consumer,South America,Cash,,Rep_C,
327,T327,Samsung Galaxy S21,Electronics,Phones,1,92.0,92.0,54.91,2023-07-31 12:39:00,"757 Street, Jakarta",Jakarta,In-Store,Small Business,Africa,Transfer,4.0,Rep_D,
328,T328,Samsung Galaxy S21,Electronics,Phones,1,1439.0,1439.0,862.0,2023-10-23 10:49:00,"314 Street, Cairo",Cairo,Online,Small Business,Africa,Transfer,2.0,Rep_B,
329,T329,Dell XPS 13,Electronics,Laptops,2,1411.0,2822.0,2339.98,2023-11-15 12:55:00,"970 Street, São Paulo",São Paulo,Wholesale,Corporate,Asia,Transfer,7.0,Rep_D,
330,T330,iPhone 13,Electronics,Phones,3,543.0,1629.0,1414.47,2023-04-17 06:48:00,"865 Street, São Paulo",São Paulo,In-Store,Corporate,Asia,Cash,9.0,Rep_D,
331,T331,Dell XPS 13,Electronics,Laptops,3,902.0,2706.0,2298.72,2023-05-03 05:57:00,"626 Street, São Paulo",São Paulo,Wholesale,Small Business,South America,Transfer,5.0,Rep_D,
332,T332,Logitech Mouse,Electronics,Accessories,2,1939.0,3878.0,3156.84,2023-07-05 12:03:00,"135 Street, São Paulo",São Paulo,Online,Corporate,South America,Card,,Rep_B,
333,T333,iPhone 13,Electronics,Phones,4,1037.0,4148.0,3342.36,2023-08-30 00:37:00,"925 Street, Jakarta",Jakarta,Wholesale,Small Business,Asia,Transfer,,Rep_A,
334,T334,Logitech Mouse,Electronics,Accessories,5,291.0,1455.0,1201.32,2023-03-25 18:34:00,"129 Street, Jakarta",Jakarta,Wholesale,Consumer,Africa,Cash,8.0,Rep_B,
335,T335,Logitech Mouse,Electronics,Accessories,1,326.0,326.0,172.99,2023-12-10 12:54:00,"567 Street, Lagos",Lagos,Wholesale,Consumer,Asia,Card,4.0,Rep_A,
336,T336,Logitech Mouse,Electronics,Accessories,1,1435.0,1435.0,850.54,2023-08-01 08:05:00,"547 Street, Nairobi",Nairobi,Wholesale,Small Business,Africa,Transfer,9.0,Rep_D,
337,T337,iPhone 13,Electronics,Phones,2,136.0,272.0,229.43,2023-11-09 21:08:00,"677 Street, Cairo",Cairo,Online,Small Business,Africa,Card,4.0,Rep_A,
338,T338,Logitech Mouse,Electronics,Accessories,5,1474.0,7370.0,6229.04,2023-05-14 11:17:00,"758 Street, Jakarta",Jakarta,Online,Consumer,Africa,Transfer,,Rep_D,
339,T339,Logitech Mouse,Electronics,Accessories,3,465.0,1395.0,832.28,2023-05-18 14:59:00,"674 Street, Lagos",Lagos,Online,Small Business,Africa,Card,7.0,Rep_A,
340,T340,Logitech Mouse,Electronics,Accessories,3,167.0,501.0,442.86,2023-03-13 10:08:00,"958 Street, Cairo",Cairo,Online,Consumer,Europe,Transfer,3.0,Rep_C,
341,T341,MacBook Air,Electronics,Laptops,2,498.0,996.0,628.5,2023-05-21 21:00:00,"944 Street, Bangkok",Bangkok,In-Store,Consumer,South America,Card,1.0,Rep_C,
342,T342,AirPods Pro,Electronics,Accessories,5,974.0,4870.0,4344.89,2023-01-17 06:12:00,"305 Street, Lagos",Lagos,In-Store,Small Business,Europe,Card,1.0,Rep_D,
343,T343,Dell XPS 13,Electronics,Laptops,1,1826.0,1826.0,1539.18,2023-09-08 02:14:00,"416 Street, Jakarta",Jakarta,In-Store,Small Business,South America,Card,9.0,Rep_D,
344,T344,Logitech Mouse,Electronics,Accessories,1,681.0,681.0,467.18,2023-03-27 15:40:00,"947 Street, Bangkok",Bangkok,Online,Small Business,Asia,Transfer,7.0,Rep_C,
345,T345,iPhone 13,Electronics,Phones,3,708.0,2124.0,1811.82,2023-05-19 20:45:00,"232 Street, Bangkok",Bangkok,Wholesale,Small Business,South America,Card,,Rep_C,
347,T347,Logitech Mouse,Electronics,Accessories,5,384.0,1920.0,1683.88,2023-08-22 02:18:00,"206 Street, Jakarta",Jakarta,Wholesale,Consumer,South America,Transfer,7.0,Rep_D,
348,T348,Logitech Mouse,Electronics,Accessories,3,1645.0,4935.0,3763.88,2023-04-17 10:01:00,"561 Street, São Paulo",São Paulo,Wholesale,Small Business,South America,Transfer,2.0,Rep_B,
349,T349,iPhone 13,Electronics,Phones,1,1209.0,1209.0,869.53,2023-11-14 06:31:00,"721 Street, Lagos",Lagos,In-Store,Consumer,Europe,Card,,Rep_C,
350,T350,AirPods Pro,Electronics,Accessories,4,1614.0,6456.0,4938.8,2023-08-08 05:28:00,"400 Street, Nairobi",Nairobi,In-Store,Consumer,Africa,Cash,3.0,Rep_B,
351,T351,Logitech Mouse,Electronics,Accessories,2,853.0,1706.0,1222.62,2023-03-03 09:11:00,"269 Street, Bangkok",Bangkok,Online,Consumer,South America,Cash,8.0,Rep_D,
352,T352,AirPods Pro,Electronics,Accessories,1,1113.0,1113.0,940.05,2023-08-10 11:09:00,"207 Street, Nairobi",Nairobi,Wholesale,Consumer,Africa,Transfer,2.0,Rep_C,
353,T353,Logitech Mouse,Electronics,Accessories,3,907.0,2721.0,2403.73,2023-03-03 05:56:00,"678 Street, Cairo",Cairo,Wholesale,Consumer,South America,Card,1.0,Rep_D,
354,T354,AirPods Pro,Electronics,Accessories,4,1990.0,7960.0,4676.39,2023-12-22 06:21:00,"437 Street, Mumbai",Mumbai,Online,Corporate,Asia,Card,4.0,Rep_D,
355,T355,MacBook Air,Electronics,Laptops,4,1942.0,7768.0,4351.97,2023-09-14 04:21:00,"405 Street, Lagos",Lagos,In-Store,Consumer,Europe,Cash,5.0,Rep_A,
356,T356,Samsung Galaxy S21,Electronics,Phones,2,1761.0,3522.0,3025.99,2023-07-06 23:39:00,"455 Street, Nairobi",Nairobi,Online,Small Business,Europe,Transfer,6.0,Rep_D,
357,T357,Logitech Mouse,Electronics,Accessories,3,1255.0,3765.0,3339.2,2023-01-27 19:11:00,"799 Street, Nairobi",Nairobi,Wholesale,Small Business,Asia,Card,3.0,Rep_A,
359,T359,Dell XPS 13,Electronics,Laptops,2,1506.0,3012.0,1552.91,2023-07-26 10:57:00,"208 Street, Lagos",Lagos,In-Store,Consumer,South America,Cash,3.0,Rep_A,
360,T360,iPhone 13,Electronics,Phones,5,1614.0,8070.0,5462.72,2023-03-15 10:24:00,"211 Street, São Paulo",São Paulo,Wholesale,Consumer,South America,Transfer,2.0,Rep_C,
361,T361,MacBook Air,Electronics,Laptops,5,1264.0,6320.0,5676.96,2023-09-25 17:03:00,"170 Street, Bangkok",Bangkok,Wholesale,Corporate,Africa,Card,9.0,Rep_A,
362,T362,iPhone 13,Electronics,Phones,3,238.0,714.0,550.5,2023-07-29 23:22:00,"940 Street, Mumbai",Mumbai,Wholesale,Corporate,Africa,Cash,9.0,Rep_A,
363,T363,Logitech Mouse,Electronics,Accessories,1,1050.0,1050.0,757.97,2023-11-17 06:03:00,"616 Street, Mumbai",Mumbai,Wholesale,Corporate,Asia,Transfer,6.0,Rep_D,
364,T364,MacBook Air,Electronics,Laptops,1,142.0,142.0,74.44,2023-04-22 00:54:00,"207 Street, Lagos",Lagos,In-Store,Corporate,Africa,Card,6.0,Rep_A,
365,T365,Dell XPS 13,Electronics,Laptops,3,1229.0,3687.0,2436.2,2023-11-18 04:48:00,"804 Street, Lagos",Lagos,In-Store,Consumer,Africa,Transfer,,Rep_B,
366,T366,Logitech Mouse,Electronics,Accessories,4,1884.0,7536.0,3863.69,2023-10-23 16:19:00,"144 Street, Jakarta",Jakarta,In-Store,Small Business,Africa,Cash,7.0,Rep_C,
367,T367,Samsung Galaxy S21,Electronics,Phones,3,1312.0,3936.0,2559.09,2023-08-03 23:08:00,"212 Street, Jakarta",Jakarta,Wholesale,Corporate,Europe,Cash,1.0,Rep_A,
368,T368,AirPods Pro,Electronics,Accessories,1,1337.0,1337.0,1083.46,2023-10-03 06:52:00,"945 Street, Cairo",Cairo,In-Store,Corporate,South America,Transfer,3.0,Rep_B,
369,T369,AirPods Pro,Electronics,Accessories,2,1144.0,2288.0,1353.92,2023-10-03 17:37:00,"928 Street, Bangkok",Bangkok,Online,Consumer,Asia,Cash,5.0,Rep_A,
370,T370,Logitech Mouse,Electronics,Accessories,5,1711.0,8555.0,4669.08,2023-08-24 23:22:00,"110 Street, Mumbai",Mumbai,In-Store,Small Business,Africa,Card,8.0,Rep_A,
371,T371,Samsung Galaxy S21,Electronics,Phones,4,1122.0,4488.0,2787.01,2023-02-05 04:25:00,"223 Street, Lagos",Lagos,Wholesale,Corporate,Asia,Transfer,6.0,Rep_B,
372,T372,Logitech Mouse,Electronics,Accessories,2,80.0,160.0,116.06,2023-04-06 04:37:00,"128 Street, Mumbai",Mumbai,In-Store,Corporate,South America,Transfer,3.0,Rep_C,
373,T373,iPhone 13,Electronics,Phones,4,1519.0,6076.0,4111.62,2023-08-11 09:56:00,"181 Street, Mumbai",Mumbai,In-Store,Corporate,South America,Card,9.0,Rep_D,
374,T374,iPhone 13,Electronics,Phones,1,737.0,737.0,660.87,2023-04-16 14:14:00,"679 Street, Jakarta",Jakarta,Wholesale,Consumer,Europe,Card,9.0,Rep_C,
375,T375,Logitech Mouse,Electronics,Accessories,2,1804.0,3608.0,2483.56,2023-07-20 11:43:00,"444 Street, Nairobi",Nairobi,Online,Consumer,South America,Transfer,3.0,Rep_A,
376,T376,iPhone 13,Electronics,Phones,4,236.0,944.0,519.58,2023-12-31 16:48:00,"979 Street, Nairobi",Nairobi,Wholesale,Consumer,South America,Cash,6.0,Rep_B,
377,T377,Logitech Mouse,Electronics,Accessories,1,894.0,894.0,497.5,2023-04-30 20:29:00,"643 Street, Lagos",Lagos,Wholesale,Corporate,South America,Card,2.0,Rep_C,
378,T378,AirPods Pro,Electronics,Accessories,5,471.0,2355.0,1715.63,2023-07-04 05:13:00,"906 Street, Mumbai",Mumbai,In-Store,Corporate,South America,Transfer,1.0,Rep_A,
379,T379,AirPods Pro,Electronics,Accessories,5,1328.0,6640.0,5945.51,2023-05-07 08:30:00,"762 Street, São Paulo",São Paulo,Online,Corporate,Europe,Card,6.0,Rep_D,
380,T380,MacBook Air,Electronics,Laptops,5,688.0,3440.0,1793.64,2023-07-24 16:53:00,"897 Street, Nairobi",Nairobi,In-Store,Small Business,Europe,Cash,1.0,Rep_A,
382,T382,Dell XPS 13,Electronics,Laptops,2,807.0,1614.0,1192.37,2023-12-25 12:31:00,"238 Street, Nairobi",Nairobi,Wholesale,Consumer,Europe,Cash,5.0,Rep_A,
383,T383,iPhone 13,Electronics,Phones,1,985.0,985.0,756.49,2023-06-29 09:43:00,"471 Street, Cairo",Cairo,Online,Corporate,South America,Cash,1.0,Rep_B,
384,T384,MacBook Air,Electronics,Laptops,1,1767.0,1767.0,1446.12,2023-11-27 01:15:00,"783 Street, São Paulo",São Paulo,Wholesale,Small Business,South America,Card,9.0,Rep_B,
385,T385,iPhone 13,Electronics,Phones,3,1263.0,3789.0,2820.18,2023-02-11 18:10:00,"863 Street, Nairobi",Nairobi,Online,Small Business,Europe,Card,5.0,Rep_D,
388,T388,27in 4K Gaming Monitor,Electronics,Monitors,4,1653.0,6612.0,5720.52,2023-06-13 12:51:00,"977 Street, Nairobi",Nairobi,Online,Consumer,Asia,Cash,7.0,Rep_A,
389,T389,Dell XPS 13,Electronics,Laptops,3,1259.0,3777.0,2103.42,2023-07-03 00:41:00,"808 Street, Jakarta",Jakarta,In-Store,Small Business,South America,Transfer,8.0,Rep_A,
390,T390,Samsung Galaxy S21,Electronics,Phones,2,949.0,1898.0,1074.18,2023-07-03 11:30:00,"654 Street, Cairo",Cairo,Online,Small Business,Europe,Card,2.0,Rep_C,
391,T391,MacBook Air,Electronics,Laptops,2,1146.0,2292.0,1837.15,2023-01-10 18:02:00,"195 Street, Jakarta",Jakarta,In-Store,Corporate,South America,Card,1.0,Rep_A,
392,T392,iPhone 13,Electronics,Phones,4,154.0,616.0,409.32,2023-06-11 22:30:00,"140 Street, Cairo",Cairo,Online,Consumer,Africa,Card,7.0,Rep_C,
393,T393,Samsung Galaxy S21,Electronics,Phones,1,1319.0,1319.0,756.91,2023-05-29 19:48:00,"469 Street, Mumbai",Mumbai,Wholesale,Small Business,Asia,Transfer,1.0,Rep_A,
394,T394,Samsung Galaxy S21,Electronics,Phones,5,1216.0,6080.0,3373.4,2023-10-29 20:23:00,"901 Street, Cairo",Cairo,Wholesale,Consumer,South America,Transfer,7.0,Rep_B,
395,T395,MacBook Air,Electronics,Laptops,2,710.0,1420.0,1031.83,2023-05-31 02:39:00,"345 Street, Jakarta",Jakarta,Wholesale,Corporate,Asia,Cash,8.0,Rep_D,
396,T396,Logitech Mouse,Electronics,Accessories,5,241.0,1205.0,880.55,2023-11-07 04:55:00,"870 Street, Jakarta",Jakarta,In-Store,Consumer,Africa,Card,9.0,Rep_D,
397,T397,Logitech Mouse,Electronics,Accessories,2,1522.0,3044.0,2273.19,2023-09-24 11:11:00,"717 Street, Cairo",Cairo,Online,Small Business,South America,Card,6.0,Rep_C,
398,T398,MacBook Air,Electronics,Laptops,1,664.0,664.0,446.54,2023-06-11 22:30:00,"588 Street, Cairo",Cairo,Wholesale,Corporate,South America,Card,6.0,Rep_C,
399,T399,Logitech Mouse,Electronics,Accessories,1,1906.0,1906.0,1478.11,2023-12-01 16:21:00,"208 Street, Bangkok",Bangkok,Wholesale,Corporate,Europe,Card,1.0,Rep_A,
400,T400,Logitech Mouse,Electronics,Accessories,2,1726.0,3452.0,2370.41,2023-03-19 12:05:00,"526 Street, Bangkok",Bangkok,Online,Consumer,Africa,Transfer,6.0,Rep_A,
401,T401,iPhone 13,Electronics,Phones,5,1826.0,9130.0,5310.91,2023-03-01 05:04:00,"817 Street, Cairo",Cairo,In-Store,Small Business,Asia,Card,2.0,Rep_B,
402,T402,27in 4K Gaming Monitor,Electronics,Monitors,5,1035.0,5175.0,2921.22,2023-08-30 17:03:00,"526 Street, Bangkok",Bangkok,Online,Consumer,Europe,Transfer,7.0,Rep_D,
403,T403,iPhone 13,Electronics,Phones,3,624.0,1872.0,1431.54,2023-12-03 02:18:00,"675 Street, Cairo",Cairo,In-Store,Corporate,South America,Cash,8.0,Rep_A,
404,T404,iPhone 13,Electronics,Phones,5,194.0,970.0,858.36,2023-12-21 03:12:00,"128 Street, Nairobi",Nairobi,Online,Small Business,Europe,Transfer,4.0,Rep_D,
406,T406,AirPods Pro,Electronics,Accessories,2,1849.0,3698.0,2536.26,2023-04-13 09:56:00,"798 Street, Nairobi",Nairobi,Wholesale,Corporate,Europe,Transfer,2.0,Rep_A,
407,T407,Logitech Mouse,Electronics,Accessories,5,782.0,3910.0,2649.27,2023-06-22 22:04:00,"952 Street, Mumbai",Mumbai,In-Store,Consumer,South America,Cash,4.0,Rep_D,
408,T408,Logitech Mouse,Electronics,Accessories,2,1219.0,2438.0,1752.89,2023-08-17 09:19:00,"376 Street, São Paulo",São Paulo,In-Store,Consumer,South America,Card,,Rep_C,
409,T409,iPhone 13,Electronics,Phones,3,860.0,2580.0,2286.65,2023-12-03 08:18:00,"726 Street, Lagos",Lagos,In-Store,Small Business,Africa,Transfer,3.0,Rep_D,
410,T410,MacBook Air,Electronics,Laptops,4,199.0,796.0,482.67,2023-09-08 09:02:00,"76 Street, Bangkok",Bangkok,In-Store,Small Business,Africa,Cash,1.0,Rep_C,
411,T411,Samsung Galaxy S21,Electronics,Phones,3,1306.0,3918.0,2061.95,2023-05-05 14:04:00,"256 Street, Lagos",Lagos,Online,Consumer,South America,Card,9.0,Rep_D,
412,T412,Logitech Mouse,Electronics,Accessories,5,1321.0,6605.0,5303.24,2023-07-25 09:56:00,"606 Street, São Paulo",São Paulo,In-Store,Corporate,South America,Transfer,9.0,Rep_D,
413,T413,Samsung Galaxy S21,Electronics,Phones,3,165.0,495.0,262.71,2023-01-11 20:20:00,"903 Street, Mumbai",Mumbai,Online,Consumer,Asia,Cash,2.0,Rep_C,
414,T414,27in 4K Gaming Monitor,Electronics,Monitors,2,1027.0,2054.0,1059.36,2023-08-29 18:17:00,"187 Street, Bangkok",Bangkok,Wholesale,Consumer,Europe,Cash,6.0,Rep_C,
415,T415,Samsung Galaxy S21,Electronics,Phones,3,480.0,1440.0,1121.88,2023-07-07 12:03:00,"642 Street, São Paulo",São Paulo,In-Store,Consumer,Europe,Transfer,,Rep_B,
416,T416,Logitech Mouse,Electronics,Accessories,4,61.0,244.0,137.94,2023-03-04 16:55:00,"520 Street, Nairobi",Nairobi,Online,Consumer,Europe,Cash,4.0,Rep_C,
417,T417,iPhone 13,Electronics,Phones,5,1248.0,6240.0,3328.48,2023-09-27 09:06:00,"124 Street, Bangkok",Bangkok,Online,Consumer,Africa,Card,3.0,Rep_C,
418,T418,iPhone 13,Electronics,Phones,4,1860.0,7440.0,4340.76,2023-06-14 22:51:00,"281 Street, Cairo",Cairo,In-Store,Consumer,Europe,Card,4.0,Rep_C,
419,T419,Logitech Mouse,Electronics,Accessories,2,1014.0,2028.0,1488.42,2023-10-02 22:33:00,"830 Street, Mumbai",Mumbai,Wholesale,Corporate,Europe,Cash,4.0,Rep_C,
420,T420,27in 4K Gaming Monitor,Electronics,Monitors,4,1440.0,5760.0,3409.91,2023-02-07 05:51:00,"441 Street, Mumbai",Mumbai,Online,Small Business,Africa,Card,4.0,Rep_B,
421,T421,MacBook Air,Electronics,Laptops,5,965.0,4825.0,3445.34,2023-10-05 03:28:00,"589 Street, Lagos",Lagos,In-Store,Small Business,Asia,Cash,7.0,Rep_D,
422,T422,MacBook Air,Electronics,Laptops,2,527.0,1054.0,848.12,2023-12-07 18:30:00,"834 Street, Cairo",Cairo,Wholesale,Consumer,Africa,Card,2.0,Rep_C,
423,T423,iPhone 13,Electronics,Phones,1,1937.0,1937.0,1124.64,2023-09-02 10:23:00,"887 Street, Jakarta",Jakarta,Online,Consumer,Europe,Transfer,,Rep_C,
425,T425,MacBook Air,Electronics,Laptops,3,459.0,1377.0,739.87,2023-11-27 12:02:00,"490 Street, São Paulo",São Paulo,In-Store,Small Business,Europe,Cash,6.0,Rep_B,
427,T427,27in 4K Gaming Monitor,Electronics,Monitors,5,1319.0,6595.0,4896.12,2023-08-30 10:26:00,"162 Street, Mumbai",Mumbai,Online,Small Business,Africa,Card,9.0,Rep_D,
429,T429,Dell XPS 13,Electronics,Laptops,3,1459.0,4377.0,3878.55,2023-10-12 14:11:00,"340 Street, Cairo",Cairo,Online,Small Business,Asia,Card,8.0,Rep_A,
430,T430,Samsung Galaxy S21,Electronics,Phones,5,1731.0,8655.0,7097.81,2023-11-10 11:21:00,"36 Street, Bangkok",Bangkok,Wholesale,Small Business,South America,Card,6.0,Rep_B,
431,T431,MacBook Air,Electronics,Laptops,5,1429.0,7145.0,4452.44,2023-06-13 19:17:00,"663 Street, Nairobi",Nairobi,Wholesale,Corporate,Asia,Card,,Rep_B,
432,T432,Dell XPS 13,Electronics,Laptops,3,1014.0,3042.0,2292.1,2023-08-19 13:05:00,"337 Street, Lagos",Lagos,Online,Small Business,Asia,Transfer,7.0,Rep_D,
433,T433,27in 4K Gaming Monitor,Electronics,Monitors,4,1474.0,5896.0,5113.95,2023-04-08 04:44:00,"855 Street, Lagos",Lagos,In-Store,Small Business,South America,Transfer,1.0,Rep_A,
434,T434,AirPods Pro,Electronics,Accessories,3,834.0,2502.0,1399.34,2023-07-09 22:31:00,"251 Street, Nairobi",Nairobi,Wholesale,Small Business,Africa,Transfer,5.0,Rep_A,
435,T435,27in 4K Gaming Monitor,Electronics,Monitors,1,1680.0,1680.0,1247.99,2023-08-07 07:54:00,"940 Street, Nairobi",Nairobi,Wholesale,Consumer,Africa,Transfer,,Rep_B,
436,T436,MacBook Air,Electronics,Laptops,3,1998.0,5994.0,3154.79,2023-01-20 13:02:00,"58 Street, Cairo",Cairo,Wholesale,Corporate,Europe,Transfer,1.0,Rep_C,
437,T437,Samsung Galaxy S21,Electronics,Phones,5,901.0,4505.0,2820.56,2023-06-10 02:59:00,"475 Street, Cairo",Cairo,Online,Corporate,South America,Transfer,4.0,Rep_A,
438,T438,MacBook Air,Electronics,Laptops,1,1752.0,1752.0,1226.37,2023-04-12 12:42:00,"188 Street, São Paulo",São Paulo,Online,Small Business,Africa,Card,4.0,Rep_C,
439,T439,Samsung Galaxy S21,Electronics,Phones,5,1927.0,9635.0,5688.63,2023-07-19 09:25:00,"26 Street, Jakarta",Jakarta,Wholesale,Small Business,Africa,Cash,9.0,Rep_A,
440,T440,Dell XPS 13,Electronics,Laptops,3,801.0,2403.0,1764.37,2023-09-24 09:26:00,"610 Street, Nairobi",Nairobi,Online,Corporate,Asia,Cash,6.0,Rep_B,
441,T441,Samsung Galaxy S21,Electronics,Phones,1,1293.0,1293.0,1065.39,2023-02-21 21:46:00,"267 Street, Cairo",Cairo,Online,Consumer,Africa,Card,4.0,Rep_C,
442,T442,MacBook Air,Electronics,Laptops,2,1943.0,3886.0,2500.44,2023-04-27 04:45:00,"720 Street, São Paulo",São Paulo,Online,Corporate,South America,Cash,,Rep_C,
443,T443,Samsung Galaxy S21,Electronics,Phones,1,165.0,165.0,108.63,2023-11-01 06:45:00,"348 Street, Mumbai",Mumbai,Online,Consumer,South America,Transfer,7.0,Rep_C,
444,T444,MacBook Air,Electronics,Laptops,2,1613.0,3226.0,2058.99,2023-02-23 18:32:00,"334 Street, Nairobi",Nairobi,Online,Corporate,South America,Transfer,,Rep_D,
445,T445,Dell XPS 13,Electronics,Laptops,3,769.0,2307.0,2021.9,2023-06-22 14:45:00,"947 Street, São Paulo",São Paulo,Online,Corporate,South America,Card,,Rep_D,
446,T446,Samsung Galaxy S21,Electronics,Phones,5,625.0,3125.0,2058.68,2023-11-16 22:24:00,"278 Street, Bangkok",Bangkok,Wholesale,Corporate,South America,Transfer,1.0,Rep_C,
447,T447,AirPods Pro,Electronics,Accessories,2,1514.0,3028.0,2218.6,2023-08-18 19:32:00,"949 Street, Nairobi",Nairobi,Online,Small Business,Asia,Cash,4.0,Rep_B,
448,T448,iPhone 13,Electronics,Phones,3,551.0,1653.0,1191.72,2023-06-27 08:34:00,"920 Street, Lagos",Lagos,Wholesale,Consumer,Europe,Card,2.0,Rep_C,
449,T449,Dell XPS 13,Electronics,Laptops,3,1356.0,4068.0,2275.41,2023-06-05 15:34:00,"187 Street, Mumbai",Mumbai,Online,Small Business,South America,Card,5.0,Rep_A,
450,T450,27in 4K Gaming Monitor,Electronics,Monitors,2,1112.0,2224.0,1290.61,2023-10-05 10:01:00,"222 Street, Lagos",Lagos,Wholesale,Small Business,South America,Transfer,5.0,Rep_B,
451,T451,Samsung Galaxy S21,Electronics,Phones,5,306.0,1530.0,1369.5,2023-03-31 12:05:00,"712 Street, Cairo",Cairo,In-Store,Consumer,Africa,Card,3.0,Rep_A,
452,T452,iPhone 13,Electronics,Phones,5,1615.0,8075.0,5592.03,2023-08-17 11:53:00,"423 Street, Mumbai",Mumbai,In-Store,Corporate,Asia,Card,5.0,Rep_C,
453,T453,iPhone 13,Electronics,Phones,5,1234.0,6170.0,3952.61,2023-09-15 19:38:00,"950 Street, Nairobi",Nairobi,Online,Small Business,South America,Transfer,7.0,Rep_B,
454,T454,MacBook Air,Electronics,Laptops,4,471.0,1884.0,1275.53,2023-04-05 10:03:00,"196 Street, Cairo",Cairo,In-Store,Small Business,Africa,Cash,8.0,Rep_C,
455,T455,Logitech Mouse,Electronics,Accessories,4,432.0,1728.0,1406.18,2023-07-04 20:54:00,"863 Street, Jakarta",Jakarta,In-Store,Consumer,Asia,Card,3.0,Rep_A,
456,T456,AirPods Pro,Electronics,Accessories,1,1003.0,1003.0,525.41,2023-08-03 04:41:00,"443 Street, São Paulo",São Paulo,Online,Corporate,Africa,Card,7.0,Rep_A,
457,T457,Samsung Galaxy S21,Electronics,Phones,5,172.0,860.0,493.45,2023-12-14 14:34:00,"623 Street, Mumbai",Mumbai,In-Store,Small Business,Europe,Cash,3.0,Rep_A,
458,T458,Logitech Mouse,Electronics,Accessories,2,389.0,778.0,391.28,2023-02-14 07:22:00,"195 Street, Nairobi",Nairobi,Wholesale,Corporate,Europe,Transfer,5.0,Rep_C,
459,T459,27in 4K Gaming Monitor,Electronics,Monitors,2,1498.0,2996.0,2127.04,2023-01-01 09:42:00,"712 Street, Nairobi",Nairobi,Wholesale,Corporate,Asia,Cash,9.0,Rep_C,
460,T460,MacBook Air,Electronics,Laptops,1,1538.0,1538.0,1234.56,2023-11-30 08:35:00,"171 Street, São Paulo",São Paulo,In-Store,Corporate,Asia,Cash,5.0,Rep_B,
461,T461,Logitech Mouse,Electronics,Accessories,2,1263.0,2526.0,1823.5,2023-05-26 18:55:00,"111 Street, Mumbai",Mumbai,In-Store,Corporate,Africa,Cash,4.0,Rep_C,
462,T462,AirPods Pro,Electronics,Accessories,4,863.0,3452.0,1783.2,2023-01-06 15:23:00,"606 Street, São Paulo",São Paulo,Online,Corporate,Europe,Transfer,5.0,Rep_D,
463,T463,Samsung Galaxy S21,Electronics,Phones,2,416.0,832.0,611.59,2023-10-28 17:46:00,"495 Street, Cairo",Cairo,In-Store,Consumer,Asia,Cash,9.0,Rep_D,
464,T464,27in 4K Gaming Monitor,Electronics,Monitors,3,84.0,252.0,195.28,2023-01-14 21:44:00,"233 Street, São Paulo",São Paulo,Wholesale,Corporate,Asia,Cash,7.0,Rep_A,
465,T465,iPhone 13,Electronics,Phones,3,1923.0,5769.0,3513.67,2023-07-06 00:18:00,"692 Street, Jakarta",Jakarta,Online,Small Business,South America,Card,1.0,Rep_A,
466,T466,27in 4K Gaming Monitor,Electronics,Monitors,3,1683.0,5049.0,3452.8,2023-10-21 12:22:00,"662 Street, Mumbai",Mumbai,In-Store,Consumer,Europe,Cash,3.0,Rep_B,
467,T467,MacBook Air,Electronics,Laptops,4,1512.0,6048.0,5151.93,2023-08-20 20:24:00,"646 Street, Bangkok",Bangkok,Wholesale,Small Business,Asia,Card,7.0,Rep_A,
468,T468,MacBook Air,Electronics,Laptops,5,540.0,2700.0,1613.31,2023-11-09 06:22:00,"940 Street, Jakarta",Jakarta,Wholesale,Small Business,Europe,Cash,3.0,Rep_B,
469,T469,Samsung Galaxy S21,Electronics,Phones,3,731.0,2193.0,1134.5,2023-12-13 05:26:00,"109 Street, Lagos",Lagos,Online,Small Business,South America,Card,5.0,Rep_D,
470,T470,Dell XPS 13,Electronics,Laptops,5,1662.0,8310.0,5209.72,2023-09-03 20:27:00,"937 Street, São Paulo",São Paulo,In-Store,Corporate,South America,Transfer,2.0,Rep_B,
471,T471,iPhone 13,Electronics,Phones,3,298.0,894.0,479.65,2023-03-16 13:01:00,"503 Street, Lagos",Lagos,In-Store,Corporate,Africa,Card,1.0,Rep_D,
472,T472,Samsung Galaxy S21,Electronics,Phones,2,1314.0,2628.0,1445.79,2023-02-04 00:35:00,"945 Street, Lagos",Lagos,In-Store,Corporate,Europe,Transfer,2.0,Rep_C,
473,T473,Dell XPS 13,Electronics,Laptops,2,270.0,540.0,362.81,2023-01-16 21:50:00,"42 Street, Jakarta",Jakarta,Wholesale,Consumer,South America,Transfer,2.0,Rep_C,
474,T474,MacBook Air,Electronics,Laptops,2,1619.0,3238.0,2388.41,2023-01-21 05:31:00,"491 Street, Jakarta",Jakarta,In-Store,Corporate,Africa,Transfer,,Rep_C,
475,T475,Samsung Galaxy S21,Electronics,Phones,1,805.0,805.0,407.2,2023-11-25 14:03:00,"521 Street, Bangkok",Bangkok,Wholesale,Small Business,Asia,Cash,4.0,Rep_C,
476,T476,AirPods Pro,Electronics,Accessories,3,1962.0,5886.0,4022.54,2023-10-03 14:17:00,"605 Street, Jakarta",Jakarta,Wholesale,Corporate,South America,Cash,9.0,Rep_C,
477,T477,27in 4K Gaming Monitor,Electronics,Monitors,1,1039.0,1039.0,611.2,2023-10-25 12:35:00,"268 Street, Cairo",Cairo,In-Store,Corporate,Africa,Card,8.0,Rep_B,
478,T478,Dell XPS 13,Electronics,Laptops,2,1831.0,3662.0,2138.15,2023-10-23 06:20:00,"206 Street, Mumbai",Mumbai,Online,Consumer,Europe,Cash,5.0,Rep_C,
479,T479,AirPods Pro,Electronics,Accessories,1,848.0,848.0,557.49,2023-07-28 12:01:00,"634 Street, Lagos",Lagos,Wholesale,Corporate,Asia,Transfer,7.0,Rep_C,
480,T480,iPhone 13,Electronics,Phones,2,1172.0,2344.0,1776.96,2023-07-11 04:18:00,"956 Street, Nairobi",Nairobi,Online,Small Business,South America,Cash,8.0,Rep_B,
481,T481,iPhone 13,Electronics,Phones,1,1565.0,1565.0,1312.17,2023-12-24 03:06:00,"305 Street, São Paulo",São Paulo,Online,Consumer,Asia,Transfer,,Rep_B,
482,T482,27in 4K Gaming Monitor,Electronics,Monitors,3,1657.0,4971.0,3678.48,2023-03-24 09:16:00,"973 Street, Jakarta",Jakarta,Online,Consumer,Asia,Transfer,2.0,Rep_B,
483,T483,AirPods Pro,Electronics,Accessories,2,264.0,528.0,333.31,2023-12-03 13:23:00,"383 Street, Nairobi",Nairobi,In-Store,Consumer,South America,Card,2.0,Rep_D,
485,T485,iPhone 13,Electronics,Phones,3,1400.0,4200.0,3284.47,2023-07-10 07:55:00,"35 Street, Cairo",Cairo,In-Store,Consumer,South America,Cash,6.0,Rep_A,
486,T486,Dell XPS 13,Electronics,Laptops,3,50.0,150.0,125.95,2023-06-21 22:40:00,"298 Street, São Paulo",São Paulo,Wholesale,Small Business,Africa,Cash,2.0,Rep_C,
487,T487,Samsung Galaxy S21,Electronics,Phones,5,1772.0,8860.0,6063.42,2023-02-17 02:51:00,"611 Street, Mumbai",Mumbai,Online,Corporate,Africa,Transfer,1.0,Rep_D,
488,T488,Dell XPS 13,Electronics,Laptops,4,712.0,2848.0,1772.94,2023-12-01 14:05:00,"562 Street, Jakarta",Jakarta,Online,Corporate,Europe,Transfer,8.0,Rep_B,
489,T489,Dell XPS 13,Electronics,Laptops,5,1434.0,7170.0,6388.73,2023-07-08 19:48:00,"546 Street, Cairo",Cairo,In-Store,Small Business,Asia,Cash,9.0,Rep_D,
490,T490,Logitech Mouse,Electronics,Accessories,2,551.0,1102.0,565.66,2023-07-11 05:13:00,"310 Street, Lagos",Lagos,Wholesale,Small Business,Africa,Transfer,5.0,Rep_B,
491,T491,Logitech Mouse,Electronics,Accessories,5,389.0,1945.0,1583.28,2023-10-18 04:15:00,"128 Street, Bangkok",Bangkok,In-Store,Corporate,Africa,Card,1.0,Rep_D,
492,T492,iPhone 13,Electronics,Phones,2,1205.0,2410.0,1514.3,2023-03-22 06:24:00,"660 Street, Bangkok",Bangkok,Wholesale,Corporate,South America,Transfer,,Rep_B,
493,T493,27in 4K Gaming Monitor,Electronics,Monitors,5,1561.0,7805.0,6593.9,2023-11-18 08:42:00,"832 Street, Jakarta",Jakarta,Wholesale,Small Business,Asia,Cash,2.0,Rep_A,
494,T494,27in 4K Gaming Monitor,Electronics,Monitors,3,927.0,2781.0,2194.53,2023-04-07 00:23:00,"125 Street, Cairo",Cairo,Online,Consumer,Africa,Cash,1.0,Rep_A,
496,T496,27in 4K Gaming Monitor,Electronics,Monitors,5,162.0,810.0,623.89,2023-03-20 17:22:00,"798 Street, Jakarta",Jakarta,In-Store,Corporate,Asia,Transfer,4.0,Rep_D,
497,T497,27in 4K Gaming Monitor,Electronics,Monitors,2,1691.0,3382.0,2069.03,2023-07-12 03:45:00,"882 Street, Nairobi",Nairobi,In-Store,Corporate,Asia,Transfer,,Rep_C,
498,T498,MacBook Air,Electronics,Laptops,1,1836.0,1836.0,1618.65,2023-07-03 18:05:00,"984 Street, Mumbai",Mumbai,Wholesale,Consumer,Europe,Transfer,,Rep_D,
499,T499,27in 4K Gaming Monitor,Electronics,Monitors,1,1442.0,1442.0,760.33,2023-03-24 21:56:00,"611 Street, Nairobi",Nairobi,Online,Small Business,South America,Cash,6.0,Rep_D,
500,T500,iPhone 13,Electronics,Phones,5,1572.0,7860.0,4265.78,2023-01-31 15:17:00,"273 Street, Lagos",Lagos,Wholesale,Consumer,South America,Transfer,7.0,Rep_D,
501,T501,Samsung Galaxy S21,Electronics,Phones,3,1641.0,4923.0,3104.01,2023-10-18 17:00:00,"477 Street, São Paulo",São Paulo,Online,Small Business,South America,Transfer,1.0,Rep_C,
502,T502,MacBook Air,Electronics,Laptops,3,838.0,2514.0,1426.76,2023-03-02 21:39:00,"988 Street, Cairo",Cairo,Wholesale,Consumer,Asia,Cash,1.0,Rep_D,
503,T503,MacBook Air,Electronics,Laptops,4,742.0,2968.0,1827.06,2023-10-29 12:03:00,"16 Street, Nairobi",Nairobi,Wholesale,Corporate,South America,Card,3.0,Rep_C,
504,T504,MacBook Air,Electronics,Laptops,2,174.0,348.0,289.51,2023-05-30 08:19:00,"751 Street, Cairo",Cairo,Wholesale,Small Business,South America,Cash,6.0,Rep_D,
506,T506,MacBook Air,Electronics,Laptops,1,1142.0,1142.0,919.77,2023-04-07 15:22:00,"720 Street, São Paulo",São Paulo,In-Store,Small Business,Africa,Transfer,3.0,Rep_C,
507,T507,Logitech Mouse,Electronics,Accessories,5,595.0,2975.0,2119.52,2023-03-12 02:57:00,"594 Street, São Paulo",São Paulo,Online,Consumer,Asia,Cash,9.0,Rep_C,
508,T508,Dell XPS 13,Electronics,Laptops,4,1809.0,7236.0,5410.12,2023-03-31 01:29:00,"126 Street, Jakarta",Jakarta,In-Store,Consumer,Europe,Cash,1.0,Rep_C,
509,T509,AirPods Pro,Electronics,Accessories,2,1892.0,3784.0,2801.59,2023-02-10 14:26:00,"832 Street, Mumbai",Mumbai,Wholesale,Small Business,Europe,Card,2.0,Rep_A,
510,T510,27in 4K Gaming Monitor,Electronics,Monitors,4,163.0,652.0,415.44,2023-08-03 21:25:00,"74 Street, Jakarta",Jakarta,Wholesale,Consumer,Asia,Transfer,5.0,Rep_D,
511,T511,AirPods Pro,Electronics,Accessories,5,393.0,1965.0,1216.71,2023-05-25 23:36:00,"352 Street, Jakarta",Jakarta,Wholesale,Small Business,Africa,Card,8.0,Rep_C,
512,T512,Dell XPS 13,Electronics,Laptops,1,1346.0,1346.0,1193.0,2023-06-17 10:20:00,"695 Street, Bangkok",Bangkok,Wholesale,Consumer,Europe,Transfer,1.0,Rep_C,
513,T513,MacBook Air,Electronics,Laptops,4,150.0,600.0,348.3,2023-01-14 16:28:00,"338 Street, São Paulo",São Paulo,In-Store,Consumer,Europe,Card,8.0,Rep_B,
515,T515,AirPods Pro,Electronics,Accessories,5,1204.0,6020.0,5200.19,2023-09-30 11:32:00,"696 Street, São Paulo",São Paulo,Wholesale,Consumer,Africa,Card,1.0,Rep_A,
516,T516,Samsung Galaxy S21,Electronics,Phones,3,1785.0,5355.0,4693.11,2023-09-20 13:45:00,"408 Street, Nairobi",Nairobi,Wholesale,Corporate,Europe,Card,1.0,Rep_A,
517,T517,Dell XPS 13,Electronics,Laptops,2,1191.0,2382.0,1620.09,2023-06-06 06:27:00,"148 Street, Jakarta",Jakarta,In-Store,Consumer,Africa,Card,9.0,Rep_B,
518,T518,AirPods Pro,Electronics,Accessories,2,139.0,278.0,192.9,2023-05-01 12:19:00,"436 Street, Mumbai",Mumbai,Online,Small Business,Europe,Cash,2.0,Rep_C,
519,T519,Samsung Galaxy S21,Electronics,Phones,1,1213.0,1213.0,866.39,2023-03-19 23:33:00,"661 Street, Bangkok",Bangkok,Wholesale,Small Business,South America,Cash,4.0,Rep_C,
520,T520,Dell XPS 13,Electronics,Laptops,2,1530.0,3060.0,1938.4,2023-12-03 15:59:00,"276 Street, Jakarta",Jakarta,In-Store,Small Business,Asia,Cash,3.0,Rep_B,
521,T521,iPhone 13,Electronics,Phones,2,1585.0,3170.0,2312.28,2023-06-11 11:45:00,"192 Street, São Paulo",São Paulo,In-Store,Small Business,South America,Card,2.0,Rep_B,
522,T522,Dell XPS 13,Electronics,Laptops,3,1319.0,3957.0,2601.55,2023-03-12 15:18:00,"155 Street, São Paulo",São Paulo,Wholesale,Consumer,South America,Card,5.0,Rep_C,
523,T523,Logitech Mouse,Electronics,Accessories,3,1142.0,3426.0,2302.75,2023-03-10 22:52:00,"271 Street, Bangkok",Bangkok,In-Store,Small Business,Asia,Card,6.0,Rep_D,
524,T524,AirPods Pro,Electronics,Accessories,5,889.0,4445.0,3217.73,2023-11-24 09:23:00,"631 Street, Mumbai",Mumbai,Wholesale,Consumer,Africa,Cash,6.0,Rep_B,
525,T525,27in 4K Gaming Monitor,Electronics,Monitors,2,1242.0,2484.0,1342.73,2023-08-11 18:00:00,"516 Street, Nairobi",Nairobi,In-Store,Consumer,Europe,Card,2.0,Rep_D,
526,T526,Dell XPS 13,Electronics,Laptops,1,1205.0,1205.0,662.32,2023-01-12 16:09:00,"392 Street, Cairo",Cairo,Online,Small Business,Africa,Card,9.0,Rep_C,
527,T527,27in 4K Gaming Monitor,Electronics,Monitors,1,1075.0,1075.0,681.31,2023-11-05 03:09:00,"112 Street, Bangkok",Bangkok,Wholesale,Small Business,South America,Card,6.0,Rep_C,
528,T528,Samsung Galaxy S21,Electronics,Phones,5,285.0,1425.0,1244.23,2023-08-04 22:06:00,"410 Street, Lagos",Lagos,In-Store,Small Business,Asia,Card,6.0,Rep_A,
529,T529,MacBook Air,Electronics,Laptops,4,1915.0,7660.0,3866.78,2023-05-25 18:49:00,"563 Street, Bangkok",Bangkok,In-Store,Corporate,Asia,Cash,,Rep_C,
530,T530,MacBook Air,Electronics,Laptops,5,106.0,530.0,367.5,2023-01-18 23:27:00,"352 Street, Mumbai",Mumbai,In-Store,Small Business,South America,Transfer,9.0,Rep_C,
531,T531,MacBook Air,Electronics,Laptops,2,1867.0,3734.0,3049.84,2023-02-26 19:39:00,"477 Street, São Paulo",São Paulo,In-Store,Small Business,Europe,Cash,7.0,Rep_D,
532,T532,AirPods Pro,Electronics,Accessories,5,307.0,1535.0,1026.43,2023-08-14 19:34:00,"758 Street, Jakarta",Jakarta,In-Store,Corporate,South America,Transfer,8.0,Rep_B,
533,T533,Samsung Galaxy S21,Electronics,Phones,4,358.0,1432.0,1155.11,2023-05-19 01:57:00,"161 Street, São Paulo",São Paulo,Wholesale,Corporate,Asia,Cash,8.0,Rep_A,
534,T534,MacBook Air,Electronics,Laptops,2,964.0,1928.0,1187.68,2023-10-06 21:15:00,"792 Street, Jakarta",Jakarta,In-Store,Small Business,Asia,Transfer,9.0,Rep_C,
535,T535,Logitech Mouse,Electronics,Accessories,1,161.0,161.0,115.69,2023-01-13 18:28:00,"616 Street, São Paulo",São Paulo,Online,Consumer,Europe,Card,2.0,Rep_A,
536,T536,27in 4K Gaming Monitor,Electronics,Monitors,4,643.0,2572.0,1906.59,2023-09-15 04:06:00,"88 Street, Nairobi",Nairobi,Wholesale,Consumer,Africa,Card,7.0,Rep_D,
537,T537,Logitech Mouse,Electronics,Accessories,4,378.0,1512.0,1288.13,2023-01-05 10:09:00,"169 Street, Cairo",Cairo,In-Store,Small Business,Europe,Transfer,2.0,Rep_A,
538,T538,Samsung Galaxy S21,Electronics,Phones,4,465.0,1860.0,1395.36,2023-08-16 20:05:00,"11 Street, Bangkok",Bangkok,In-Store,Consumer,Asia,Cash,5.0,Rep_D,
539,T539,iPhone 13,Electronics,Phones,5,545.0,2725.0,1845.18,2023-05-31 15:29:00,"68 Street, Lagos",Lagos,In-Store,Corporate,South America,Cash,5.0,Rep_B,
540,T540,AirPods Pro,Electronics,Accessories,4,1981.0,7924.0,4918.61,2023-12-19 08:11:00,"756 Street, Mumbai",Mumbai,In-Store,Corporate,South America,Card,8.0,Rep_D,
541,T541,Dell XPS 13,Electronics,Laptops,2,927.0,1854.0,1257.22,2023-12-31 15:57:00,"42 Street, Bangkok",Bangkok,In-Store,Consumer,Africa,Card,5.0,Rep_A,
542,T542,Logitech Mouse,Electronics,Accessories,1,1273.0,1273.0,1144.44,2023-06-20 14:37:00,"221 Street, Mumbai",Mumbai,Wholesale,Consumer,South America,Transfer,3.0,Rep_B,
543,T543,27in 4K Gaming Monitor,Electronics,Monitors,4,912.0,3648.0,2871.23,2023-10-08 22:11:00,"101 Street, Mumbai",Mumbai,In-Store,Consumer,South America,Transfer,5.0,Rep_B,
544,T544,Logitech Mouse,Electronics,Accessories,3,1583.0,4749.0,2994.19,2023-04-15 13:03:00,"255 Street, Nairobi",Nairobi,Online,Corporate,Africa,Cash,4.0,Rep_A,
545,T545,Logitech Mouse,Electronics,Accessories,2,1586.0,3172.0,2036.17,2023-09-08 23:34:00,"758 Street, Lagos",Lagos,Online,Small Business,Asia,Cash,1.0,Rep_C,
546,T546,Logitech Mouse,Electronics,Accessories,4,482.0,1928.0,1415.38,2023-08-03 01:48:00,"247 Street, São Paulo",São Paulo,Wholesale,Corporate,Asia,Transfer,8.0,Rep_C,
547,T547,Samsung Galaxy S21,Electronics,Phones,3,1683.0,5049.0,3467.41,2023-03-21 14:12:00,"452 Street, Cairo",Cairo,Online,Small Business,Africa,Cash,4.0,Rep_D,
548,T548,AirPods Pro,Electronics,Accessories,1,903.0,903.0,811.55,2023-05-04 16:11:00,"824 Street, Jakarta",Jakarta,Online,Consumer,Europe,Transfer,7.0,Rep_B,
549,T549,27in 4K Gaming Monitor,Electronics,Monitors,4,256.0,1024.0,639.54,2023-05-25 17:36:00,"414 Street, São Paulo",São Paulo,In-Store,Consumer,Asia,Card,4.0,Rep_D,
550,T550,Logitech Mouse,Electronics,Accessories,4,68.0,272.0,160.75,2023-04-27 03:58:00,"325 Street, Nairobi",Nairobi,Online,Corporate,Asia,Card,,Rep_C,
551,T551,Logitech Mouse,Electronics,Accessories,1,280.0,280.0,191.56,2023-12-24 18:20:00,"604 Street, Nairobi",Nairobi,Wholesale,Consumer,Asia,Card,5.0,Rep_C,
553,T553,Dell XPS 13,Electronics,Laptops,1,495.0,495.0,353.54,2023-04-18 09:30:00,"897 Street, Cairo",Cairo,In-Store,Consumer,Africa,Transfer,5.0,Rep_C,
554,T554,Samsung Galaxy S21,Electronics,Phones,4,965.0,3860.0,3304.84,2023-01-05 23:20:00,"710 Street, Nairobi",Nairobi,Online,Small Business,Asia,Card,3.0,Rep_D,
555,T555,MacBook Air,Electronics,Laptops,1,286.0,286.0,209.19,2023-08-21 07:02:00,"237 Street, Nairobi",Nairobi,Online,Consumer,South America,Transfer,7.0,Rep_A,
556,T556,MacBook Air,Electronics,Laptops,4,158.0,632.0,435.38,2023-07-17 18:52:00,"599 Street, Bangkok",Bangkok,Wholesale,Small Business,Africa,Cash,2.0,Rep_B,
557,T557,iPhone 13,Electronics,Phones,2,91.0,182.0,148.38,2023-10-10 14:01:00,"612 Street, Mumbai",Mumbai,Online,Consumer,South America,Card,5.0,Rep_A,
558,T558,iPhone 13,Electronics,Phones,5,807.0,4035.0,2878.28,2023-02-05 07:44:00,"921 Street, Mumbai",Mumbai,In-Store,Corporate,Europe,Cash,4.0,Rep_D,
559,T559,iPhone 13,Electronics,Phones,1,245.0,245.0,190.61,2023-05-26 09:56:00,"210 Street, Jakarta",Jakarta,Online,Consumer,Asia,Card,8.0,Rep_B,
560,T560,MacBook Air,Electronics,Laptops,1,690.0,690.0,464.18,2023-09-28 23:59:00,"726 Street, Jakarta",Jakarta,Online,Small Business,Asia,Cash,4.0,Rep_B,
561,T561,Dell XPS 13,Electronics,Laptops,1,158.0,158.0,95.49,2023-11-11 06:59:00,"880 Street, Mumbai",Mumbai,Wholesale,Consumer,Africa,Card,2.0,Rep_C,
562,T562,Dell XPS 13,Electronics,Laptops,1,1038.0,1038.0,705.89,2023-09-11 01:06:00,"508 Street, Cairo",Cairo,In-Store,Small Business,South America,Cash,9.0,Rep_D,
563,T563,Samsung Galaxy S21,Electronics,Phones,3,596.0,1788.0,1261.58,2023-06-07 03:38:00,"409 Street, Bangkok",Bangkok,Wholesale,Corporate,Europe,Cash,2.0,Rep_B,
564,T564,Dell XPS 13,Electronics,Laptops,4,942.0,3768.0,1958.3,2023-03-29 00:06:00,"140 Street, Lagos",Lagos,In-Store,Small Business,Europe,Cash,2.0,Rep_D,
565,T565,Samsung Galaxy S21,Electronics,Phones,4,957.0,3828.0,3107.36,2023-04-18 16:03:00,"809 Street, Cairo",Cairo,Wholesale,Consumer,Asia,Cash,7.0,Rep_C,
566,T566,MacBook Air,Electronics,Laptops,2,759.0,1518.0,1358.0,2023-06-28 01:43:00,"326 Street, Bangkok",Bangkok,Online,Corporate,Asia,Transfer,2.0,Rep_D,
567,T567,27in 4K Gaming Monitor,Electronics,Monitors,3,263.0,789.0,432.06,2023-11-28 15:16:00,"376 Street, São Paulo",São Paulo,In-Store,Corporate,Asia,Transfer,7.0,Rep_B,
568,T568,MacBook Air,Electronics,Laptops,4,1719.0,6876.0,5424.92,2023-08-07 12:18:00,"486 Street, Mumbai",Mumbai,Wholesale,Consumer,Europe,Transfer,3.0,Rep_C,
569,T569,Logitech Mouse,Electronics,Accessories,1,918.0,918.0,575.37,2023-02-25 11:24:00,"324 Street, Nairobi",Nairobi,Wholesale,Consumer,Europe,Cash,6.0,Rep_C,
570,T570,27in 4K Gaming Monitor,Electronics,Monitors,1,404.0,404.0,362.46,2023-03-18 19:01:00,"171 Street, Jakarta",Jakarta,Wholesale,Consumer,Europe,Card,6.0,Rep_D,
571,T571,27in 4K Gaming Monitor,Electronics,Monitors,3,276.0,828.0,739.87,2023-03-10 19:38:00,"809 Street, São Paulo",São Paulo,In-Store,Small Business,Asia,Transfer,8.0,Rep_A,
572,T572,Logitech Mouse,Electronics,Accessories,1,89.0,89.0,64.77,2023-02-04 02:55:00,"523 Street, Nairobi",Nairobi,Wholesale,Corporate,South America,Cash,5.0,Rep_B,
573,T573,Dell XPS 13,Electronics,Laptops,2,1189.0,2378.0,1237.67,2023-03-16 12:06:00,"70 Street, Cairo",Cairo,Online,Small Business,Europe,Cash,4.0,Rep_D,
574,T574,27in 4K Gaming Monitor,Electronics,Monitors,2,513.0,1026.0,567.7,2023-05-25 12:10:00,"919 Street, Nairobi",Nairobi,In-Store,Small Business,Asia,Transfer,6.0,Rep_D,
575,T575,iPhone 13,Electronics,Phones,4,1674.0,6696.0,3451.81,2023-03-13 04:48:00,"790 Street, Cairo",Cairo,Online,Corporate,Africa,Cash,5.0,Rep_A,
576,T576,Samsung Galaxy S21,Electronics,Phones,5,1878.0,9390.0,5794.21,2023-05-18 14:41:00,"300 Street, Lagos",Lagos,Wholesale,Corporate,South America,Cash,1.0,Rep_A,
577,T577,AirPods Pro,Electronics,Accessories,3,1683.0,5049.0,3591.23,2023-06-18 15:58:00,"92 Street, Lagos",Lagos,In-Store,Small Business,South America,Card,4.0,Rep_A,
578,T578,AirPods Pro,Electronics,Accessories,3,1935.0,5805.0,3017.0,2023-05-08 06:41:00,"187 Street, Cairo",Cairo,Online,Corporate,Africa,Transfer,7.0,Rep_D,
579,T579,AirPods Pro,Electronics,Accessories,5,1984.0,9920.0,6971.77,2023-05-27 08:28:00,"179 Street, Cairo",Cairo,Online,Corporate,Europe,Transfer,3.0,Rep_C,
580,T580,Samsung Galaxy S21,Electronics,Phones,5,421.0,2105.0,1892.98,2023-07-22 00:20:00,"102 Street, Lagos",Lagos,Wholesale,Small Business,South America,Transfer,4.0,Rep_A,
581,T581,Dell XPS 13,Electronics,Laptops,2,172.0,344.0,189.66,2023-06-08 06:00:00,"486 Street, São Paulo",São Paulo,Online,Consumer,Asia,Cash,3.0,Rep_C,
582,T582,27in 4K Gaming Monitor,Electronics,Monitors,4,1582.0,6328.0,3303.47,2023-09-15 01:59:00,"415 Street, Jakarta",Jakarta,Wholesale,Corporate,Africa,Cash,4.0,Rep_B,
583,T583,iPhone 13,Electronics,Phones,1,1568.0,1568.0,1009.83,2023-08-06 20:44:00,"255 Street, Nairobi",Nairobi,In-Store,Corporate,Africa,Card,8.0,Rep_B,
585,T585,iPhone 13,Electronics,Phones,2,1771.0,3542.0,1965.42,2023-08-05 10:07:00,"629 Street, São Paulo",São Paulo,Wholesale,Consumer,South America,Cash,6.0,Rep_D,
586,T586,Logitech Mouse,Electronics,Accessories,3,1063.0,3189.0,2564.0,2023-10-03 07:57:00,"498 Street, Nairobi",Nairobi,Wholesale,Consumer,Asia,Card,9.0,Rep_C,
587,T587,Dell XPS 13,Electronics,Laptops,2,1467.0,2934.0,1685.98,2023-03-25 12:53:00,"839 Street, Jakarta",Jakarta,In-Store,Small Business,Europe,Cash,8.0,Rep_C,
588,T588,iPhone 13,Electronics,Phones,4,481.0,1924.0,1592.68,2023-08-13 08:56:00,"216 Street, Lagos",Lagos,Online,Small Business,Europe,Cash,3.0,Rep_C,
589,T589,Dell XPS 13,Electronics,Laptops,4,1293.0,5172.0,4007.14,2023-02-11 06:41:00,"283 Street, São Paulo",São Paulo,Wholesale,Consumer,Europe,Transfer,2.0,Rep_D,
590,T590,AirPods Pro,Electronics,Accessories,5,972.0,4860.0,3651.51,2023-06-02 21:02:00,"314 Street, Lagos",Lagos,In-Store,Corporate,South America,Card,2.0,Rep_B,
591,T591,Logitech Mouse,Electronics,Accessories,2,1672.0,3344.0,2571.98,2023-04-13 23:47:00,"961 Street, Lagos",Lagos,Wholesale,Consumer,Europe,Cash,1.0,Rep_B,
592,T592,MacBook Air,Electronics,Laptops,5,1551.0,7755.0,6324.75,2023-11-07 10:23:00,"492 Street, Bangkok",Bangkok,Online,Consumer,Africa,Card,,Rep_B,
593,T593,AirPods Pro,Electronics,Accessories,2,1620.0,3240.0,1908.08,2023-01-16 16:50:00,"912 Street, Bangkok",Bangkok,Wholesale,Consumer,Asia,Card,2.0,Rep_A,
594,T594,Dell XPS 13,Electronics,Laptops,2,164.0,328.0,285.76,2023-03-16 17:33:00,"178 Street, Bangkok",Bangkok,Wholesale,Consumer,Europe,Card,7.0,Rep_B,
595,T595,iPhone 13,Electronics,Phones,1,1611.0,1611.0,1415.94,2023-01-02 08:06:00,"276 Street, Bangkok",Bangkok,Wholesale,Corporate,South America,Card,4.0,Rep_C,
596,T596,27in 4K Gaming Monitor,Electronics,Monitors,5,1074.0,5370.0,2837.59,2023-10-13 21:35:00,"729 Street, Mumbai",Mumbai,In-Store,Small Business,Asia,Transfer,3.0,Rep_D,
597,T597,Dell XPS 13,Electronics,Laptops,3,1607.0,4821.0,3825.26,2023-12-23 20:35:00,"292 Street, Nairobi",Nairobi,Online,Small Business,Asia,Transfer,2.0,Rep_A,
598,T598,Dell XPS 13,Electronics,Laptops,1,963.0,963.0,742.33,2023-10-27 06:46:00,"822 Street, São Paulo",São Paulo,In-Store,Small Business,Africa,Cash,1.0,Rep_B,
599,T599,AirPods Pro,Electronics,Accessories,3,1146.0,3438.0,2188.97,2023-01-02 19:47:00,"59 Street, Lagos",Lagos,Wholesale,Consumer,Asia,Cash,7.0,Rep_C,
600,T600,AirPods Pro,Electronics,Accessories,3,1587.0,4761.0,3867.26,2023-08-17 17:15:00,"541 Street, São Paulo",São Paulo,In-Store,Corporate,Asia,Cash,7.0,Rep_C,
601,T601,27in 4K Gaming Monitor,Electronics,Monitors,5,1410.0,7050.0,4791.95,2023-06-20 16:04:00,"649 Street, Jakarta",Jakarta,Wholesale,Corporate,Africa,Cash,4.0,Rep_A,
602,T602,AirPods Pro,Electronics,Accessories,1,1647.0,1647.0,1240.64,2023-05-23 05:55:00,"335 Street, Jakarta",Jakarta,Online,Consumer,Europe,Cash,2.0,Rep_B,
603,T603,Samsung Galaxy S21,Electronics,Phones,1,1245.0,1245.0,1088.34,2023-04-24 09:37:00,"722 Street, São Paulo",São Paulo,In-Store,Consumer,South America,Card,4.0,Rep_A,
604,T604,27in 4K Gaming Monitor,Electronics,Monitors,1,1386.0,1386.0,840.01,2023-12-19 19:36:00,"98 Street, Lagos",Lagos,Online,Consumer,Asia,Card,6.0,Rep_D,
605,T605,MacBook Air,Electronics,Laptops,5,698.0,3490.0,2770.15,2023-03-08 17:11:00,"474 Street, Bangkok",Bangkok,In-Store,Consumer,Asia,Card,9.0,Rep_B,
606,T606,iPhone 13,Electronics,Phones,3,479.0,1437.0,1126.01,2023-08-19 11:34:00,"393 Street, São Paulo",São Paulo,In-Store,Small Business,Europe,Cash,,Rep_C,
607,T607,MacBook Air,Electronics,Laptops,4,625.0,2500.0,2036.51,2023-12-18 17:12:00,"58 Street, Nairobi",Nairobi,In-Store,Consumer,Asia,Transfer,,Rep_A,
608,T608,27in 4K Gaming Monitor,Electronics,Monitors,3,1456.0,4368.0,3297.49,2023-03-12 05:53:00,"397 Street, Lagos",Lagos,In-Store,Consumer,Europe,Cash,,Rep_D,
609,T609,Logitech Mouse,Electronics,Accessories,5,1271.0,6355.0,4691.04,2023-10-25 11:48:00,"523 Street, Cairo",Cairo,Online,Consumer,Europe,Card,2.0,Rep_B,
610,T610,MacBook Air,Electronics,Laptops,4,1631.0,6524.0,3985.24,2023-04-24 10:59:00,"610 Street, Bangkok",Bangkok,Wholesale,Small Business,Europe,Cash,9.0,Rep_A,
611,T611,MacBook Air,Electronics,Laptops,1,1348.0,1348.0,1085.07,2023-11-24 18:22:00,"992 Street, São Paulo",São Paulo,In-Store,Consumer,Asia,Cash,3.0,Rep_C,
612,T612,AirPods Pro,Electronics,Accessories,2,462.0,924.0,727.4,2023-08-17 18:32:00,"791 Street, Jakarta",Jakarta,Wholesale,Small Business,Asia,Transfer,8.0,Rep_A,
613,T613,Dell XPS 13,Electronics,Laptops,4,1958.0,7832.0,5218.08,2023-01-22 14:12:00,"619 Street, Nairobi",Nairobi,In-Store,Consumer,Africa,Cash,2.0,Rep_B,
614,T614,MacBook Air,Electronics,Laptops,2,1217.0,2434.0,1710.99,2023-06-25 00:48:00,"369 Street, Mumbai",Mumbai,Online,Corporate,Asia,Transfer,2.0,Rep_B,
615,T615,MacBook Air,Electronics,Laptops,2,1996.0,3992.0,2984.02,2023-09-30 22:28:00,"974 Street, Bangkok",Bangkok,Wholesale,Corporate,Africa,Card,6.0,Rep_B,
616,T616,27in 4K Gaming Monitor,Electronics,Monitors,4,1172.0,4688.0,4029.18,2023-04-14 17:24:00,"233 Street, Mumbai",Mumbai,Online,Consumer,South America,Cash,7.0,Rep_C,
617,T617,Logitech Mouse,Electronics,Accessories,4,947.0,3788.0,3308.56,2023-07-05 01:34:00,"632 Street, São Paulo",São Paulo,In-Store,Consumer,Africa,Cash,7.0,Rep_C,
618,T618,iPhone 13,Electronics,Phones,1,1476.0,1476.0,1308.23,2023-05-13 02:10:00,"452 Street, Bangkok",Bangkok,In-Store,Corporate,Asia,Cash,2.0,Rep_B,
620,T620,27in 4K Gaming Monitor,Electronics,Monitors,4,400.0,1600.0,812.58,2023-11-26 16:31:00,"770 Street, Jakarta",Jakarta,In-Store,Consumer,Europe,Cash,2.0,Rep_A,
621,T621,Samsung Galaxy S21,Electronics,Phones,3,1305.0,3915.0,2207.54,2023-11-30 15:00:00,"502 Street, São Paulo",São Paulo,Wholesale,Consumer,Asia,Card,9.0,Rep_B,
622,T622,Logitech Mouse,Electronics,Accessories,5,810.0,4050.0,3392.58,2023-07-17 22:43:00,"429 Street, Nairobi",Nairobi,Wholesale,Corporate,South America,Transfer,8.0,Rep_D,
623,T623,iPhone 13,Electronics,Phones,3,125.0,375.0,220.07,2023-10-29 21:22:00,"393 Street, Mumbai",Mumbai,Wholesale,Corporate,South America,Card,5.0,Rep_A,
624,T624,Samsung Galaxy S21,Electronics,Phones,1,1011.0,1011.0,738.35,2023-04-04 13:36:00,"956 Street, São Paulo",São Paulo,Wholesale,Small Business,Europe,Card,,Rep_D,
626,T626,Logitech Mouse,Electronics,Accessories,4,1610.0,6440.0,5191.02,2023-06-18 02:32:00,"773 Street, Lagos",Lagos,In-Store,Corporate,South America,Cash,9.0,Rep_C,
627,T627,iPhone 13,Electronics,Phones,3,381.0,1143.0,838.93,2023-12-25 12:56:00,"387 Street, Jakarta",Jakarta,Online,Small Business,Africa,Transfer,4.0,Rep_A,
628,T628,27in 4K Gaming Monitor,Electronics,Monitors,1,249.0,249.0,191.16,2023-01-16 17:51:00,"877 Street, Lagos",Lagos,In-Store,Corporate,Africa,Cash,,Rep_B,
629,T629,27in 4K Gaming Monitor,Electronics,Monitors,4,698.0,2792.0,1413.78,2023-06-27 12:59:00,"527 Street, Lagos",Lagos,Wholesale,Corporate,South America,Cash,5.0,Rep_A,
630,T630,27in 4K Gaming Monitor,Electronics,Monitors,1,1403.0,1403.0,772.66,2023-09-20 03:25:00,"311 Street, Cairo",Cairo,In-Store,Small Business,South America,Cash,2.0,Rep_B,
631,T631,Dell XPS 13,Electronics,Laptops,5,831.0,4155.0,2208.68,2023-10-04 16:22:00,"977 Street, São Paulo",São Paulo,Online,Corporate,Africa,Transfer,4.0,Rep_A,
632,T632,iPhone 13,Electronics,Phones,5,1432.0,7160.0,5886.86,2023-08-26 00:38:00,"73 Street, Cairo",Cairo,Wholesale,Consumer,South America,Cash,6.0,Rep_B,
633,T633,iPhone 13,Electronics,Phones,3,375.0,1125.0,781.42,2023-03-25 03:09:00,"853 Street, Mumbai",Mumbai,In-Store,Corporate,Asia,Card,1.0,Rep_C,
634,T634,MacBook Air,Electronics,Laptops,3,1067.0,3201.0,1705.51,2023-10-18 16:20:00,"228 Street, São Paulo",São Paulo,In-Store,Corporate,Asia,Card,9.0,Rep_B,
635,T635,27in 4K Gaming Monitor,Electronics,Monitors,3,453.0,1359.0,721.15,2023-11-13 05:02:00,"103 Street, Mumbai",Mumbai,In-Store,Corporate,Asia,Card,1.0,Rep_B,
636,T636,Samsung Galaxy S21,Electronics,Phones,5,275.0,1375.0,941.94,2023-05-01 13:57:00,"814 Street, Cairo",Cairo,Online,Corporate,Africa,Transfer,8.0,Rep_B,
637,T637,Logitech Mouse,Electronics,Accessories,5,667.0,3335.0,2360.12,2023-09-13 15:23:00,"502 Street, São Paulo",São Paulo,Wholesale,Corporate,South America,Transfer,4.0,Rep_C,
638,T638,AirPods Pro,Electronics,Accessories,2,1110.0,2220.0,1695.1,2023-11-16 07:19:00,"86 Street, Jakarta",Jakarta,Online,Small Business,Asia,Card,,Rep_C,
639,T639,Samsung Galaxy S21,Electronics,Phones,3,1308.0,3924.0,3221.25,2023-04-10 22:18:00,"415 Street, Bangkok",Bangkok,Online,Small Business,Africa,Transfer,5.0,Rep_A,
640,T640,Dell XPS 13,Electronics,Laptops,2,1692.0,3384.0,1716.4,2023-09-28 19:03:00,"166 Street, Jakarta",Jakarta,In-Store,Consumer,South America,Transfer,3.0,Rep_A,
641,T641,Logitech Mouse,Electronics,Accessories,2,172.0,344.0,188.24,2023-10-01 22:49:00,"714 Street, Nairobi",Nairobi,Online,Corporate,Africa,Card,3.0,Rep_C,
642,T642,AirPods Pro,Electronics,Accessories,4,1533.0,6132.0,4843.76,2023-03-16 06:24:00,"171 Street, São Paulo",São Paulo,In-Store,Consumer,Africa,Card,6.0,Rep_A,
643,T643,iPhone 13,Electronics,Phones,4,1553.0,6212.0,4031.11,2023-09-17 13:07:00,"371 Street, Lagos",Lagos,Wholesale,Corporate,Europe,Cash,5.0,Rep_A,
644,T644,Logitech Mouse,Electronics,Accessories,1,1017.0,1017.0,530.67,2023-02-12 01:05:00,"67 Street, Lagos",Lagos,Wholesale,Corporate,Africa,Transfer,2.0,Rep_D,
645,T645,MacBook Air,Electronics,Laptops,5,1922.0,9610.0,5228.39,2023-05-22 11:29:00,"326 Street, Cairo",Cairo,In-Store,Corporate,Africa,Cash,6.0,Rep_A,
646,T646,iPhone 13,Electronics,Phones,5,1961.0,9805.0,7972.43,2023-02-16 14:10:00,"24 Street, Mumbai",Mumbai,In-Store,Corporate,Africa,Transfer,9.0,Rep_B,
647,T647,iPhone 13,Electronics,Phones,4,760.0,3040.0,2638.77,2023-08-22 02:51:00,"796 Street, Lagos",Lagos,Online,Consumer,South America,Cash,2.0,Rep_A,
648,T648,Dell XPS 13,Electronics,Laptops,2,167.0,334.0,220.57,2023-04-10 04:32:00,"286 Street, Cairo",Cairo,Wholesale,Small Business,Europe,Card,9.0,Rep_B,
649,T649,MacBook Air,Electronics,Laptops,4,1263.0,5052.0,2621.43,2023-02-22 17:37:00,"978 Street, Jakarta",Jakarta,Online,Corporate,Africa,Transfer,9.0,Rep_A,
650,T650,MacBook Air,Electronics,Laptops,4,1270.0,5080.0,2894.58,2023-09-07 19:18:00,"907 Street, Nairobi",Nairobi,Online,Corporate,Africa,Cash,7.0,Rep_B,
651,T651,27in 4K Gaming Monitor,Electronics,Monitors,5,504.0,2520.0,1808.48,2023-02-27 08:47:00,"41 Street, Nairobi",Nairobi,Online,Small Business,South America,Cash,9.0,Rep_B,
652,T652,AirPods Pro,Electronics,Accessories,4,842.0,3368.0,1918.38,2023-12-02 07:09:00,"147 Street, Cairo",Cairo,Online,Consumer,Europe,Card,5.0,Rep_B,
653,T653,27in 4K Gaming Monitor,Electronics,Monitors,1,801.0,801.0,673.33,2023-09-16 04:40:00,"432 Street, Nairobi",Nairobi,Online,Corporate,Africa,Card,6.0,Rep_D,
654,T654,Dell XPS 13,Electronics,Laptops,3,1294.0,3882.0,2982.72,2023-09-15 00:09:00,"183 Street, Mumbai",Mumbai,Wholesale,Small Business,South America,Cash,6.0,Rep_A,
655,T655,Logitech Mouse,Electronics,Accessories,4,1200.0,4800.0,3480.3,2023-06-04 00:42:00,"510 Street, Nairobi",Nairobi,Online,Corporate,Africa,Cash,5.0,Rep_C,
656,T656,Dell XPS 13,Electronics,Laptops,1,347.0,347.0,193.32,2023-08-30 06:14:00,"596 Street, Jakarta",Jakarta,In-Store,Corporate,Africa,Transfer,3.0,Rep_B,
658,T658,AirPods Pro,Electronics,Accessories,2,1937.0,3874.0,3252.0,2023-06-10 14:45:00,"976 Street, Mumbai",Mumbai,In-Store,Corporate,South America,Transfer,1.0,Rep_A,
659,T659,AirPods Pro,Electronics,Accessories,5,1278.0,6390.0,4850.57,2023-09-23 05:55:00,"653 Street, São Paulo",São Paulo,Online,Consumer,Africa,Card,9.0,Rep_B,
660,T660,Logitech Mouse,Electronics,Accessories,2,1018.0,2036.0,1350.84,2023-01-12 09:24:00,"217 Street, Bangkok",Bangkok,In-Store,Small Business,South America,Cash,6.0,Rep_A,
661,T661,Dell XPS 13,Electronics,Laptops,5,267.0,1335.0,734.63,2023-02-25 21:03:00,"780 Street, Bangkok",Bangkok,Online,Corporate,Asia,Cash,4.0,Rep_A,
662,T662,MacBook Air,Electronics,Laptops,3,904.0,2712.0,1435.28,2023-01-22 10:55:00,"93 Street, Jakarta",Jakarta,Wholesale,Corporate,Africa,Cash,7.0,Rep_D,
663,T663,iPhone 13,Electronics,Phones,3,616.0,1848.0,1254.26,2023-03-31 07:08:00,"333 Street, Cairo",Cairo,Online,Corporate,South America,Transfer,4.0,Rep_C,
664,T664,iPhone 13,Electronics,Phones,4,706.0,2824.0,2123.0,2023-04-24 14:30:00,"545 Street, Bangkok",Bangkok,Online,Small Business,Africa,Card,5.0,Rep_C,
666,T666,iPhone 13,Electronics,Phones,3,111.0,333.0,203.76,2023-03-27 07:16:00,"289 Street, Mumbai",Mumbai,Wholesale,Corporate,South America,Transfer,8.0,Rep_D,
667,T667,AirPods Pro,Electronics,Accessories,2,1454.0,2908.0,2480.46,2023-04-24 19:15:00,"531 Street, Bangkok",Bangkok,In-Store,Small Business,Africa,Cash,8.0,Rep_D,
668,T668,AirPods Pro,Electronics,Accessories,5,910.0,4550.0,2361.96,2023-10-27 11:54:00,"585 Street, Cairo",Cairo,Wholesale,Corporate,Europe,Card,9.0,Rep_D,
669,T669,MacBook Air,Electronics,Laptops,2,285.0,570.0,298.28,2023-08-18 23:53:00,"965 Street, Mumbai",Mumbai,Wholesale,Small Business,South America,Transfer,8.0,Rep_D,
670,T670,27in 4K Gaming Monitor,Electronics,Monitors,2,805.0,1610.0,1411.18,2023-07-03 11:52:00,"916 Street, Nairobi",Nairobi,Online,Consumer,Asia,Cash,9.0,Rep_A,
671,T671,iPhone 13,Electronics,Phones,5,1025.0,5125.0,4025.49,2023-01-08 19:50:00,"293 Street, São Paulo",São Paulo,In-Store,Corporate,Africa,Card,6.0,Rep_A,
672,T672,Dell XPS 13,Electronics,Laptops,3,1127.0,3381.0,1757.57,2023-04-23 21:22:00,"647 Street, São Paulo",São Paulo,In-Store,Consumer,Asia,Card,,Rep_D,
673,T673,Logitech Mouse,Electronics,Accessories,3,1285.0,3855.0,2336.48,2023-12-30 16:58:00,"852 Street, Bangkok",Bangkok,Wholesale,Corporate,Europe,Transfer,1.0,Rep_B,
674,T674,iPhone 13,Electronics,Phones,2,316.0,632.0,560.95,2023-07-09 14:33:00,"657 Street, Cairo",Cairo,In-Store,Corporate,South America,Transfer,6.0,Rep_B,
675,T675,iPhone 13,Electronics,Phones,3,372.0,1116.0,835.92,2023-03-24 14:05:00,"240 Street, Nairobi",Nairobi,In-Store,Consumer,Europe,Cash,7.0,Rep_A,
676,T676,iPhone 13,Electronics,Phones,1,445.0,445.0,348.17,2023-11-07 00:48:00,"293 Street, Nairobi",Nairobi,Wholesale,Corporate,Asia,Cash,7.0,Rep_D,
677,T677,Dell XPS 13,Electronics,Laptops,2,1282.0,2564.0,1905.24,2023-10-07 10:08:00,"447 Street, São Paulo",São Paulo,Wholesale,Small Business,Asia,Transfer,9.0,Rep_D,
678,T678,27in 4K Gaming Monitor,Electronics,Monitors,3,278.0,834.0,678.16,2023-10-17 06:10:00,"128 Street, Cairo",Cairo,Online,Corporate,South America,Card,2.0,Rep_B,
679,T679,MacBook Air,Electronics,Laptops,1,124.0,124.0,93.11,2023-01-29 01:15:00,"805 Street, Lagos",Lagos,Online,Corporate,Africa,Cash,3.0,Rep_B,
680,T680,iPhone 13,Electronics,Phones,5,278.0,1390.0,1196.31,2023-03-02 06:56:00,"326 Street, Jakarta",Jakarta,Online,Small Business,South America,Transfer,7.0,Rep_D,
681,T681,Samsung Galaxy S21,Electronics,Phones,4,1771.0,7084.0,5125.85,2023-03-02 06:08:00,"127 Street, Bangkok",Bangkok,Wholesale,Consumer,South America,Cash,6.0,Rep_C,
682,T682,iPhone 13,Electronics,Phones,4,188.0,752.0,532.97,2023-12-06 00:51:00,"718 Street, Mumbai",Mumbai,In-Store,Consumer,Africa,Card,1.0,Rep_D,
683,T683,iPhone 13,Electronics,Phones,5,981.0,4905.0,2923.68,2023-03-27 01:54:00,"772 Street, Mumbai",Mumbai,Wholesale,Small Business,South America,Transfer,4.0,Rep_A,
684,T684,Dell XPS 13,Electronics,Laptops,5,650.0,3250.0,2339.69,2023-06-10 13:55:00,"149 Street, Nairobi",Nairobi,Online,Corporate,Asia,Card,8.0,Rep_A,
685,T685,Dell XPS 13,Electronics,Laptops,4,569.0,2276.0,1940.71,2023-12-19 01:14:00,"202 Street, Bangkok",Bangkok,Online,Corporate,Africa,Card,1.0,Rep_B,
686,T686,27in 4K Gaming Monitor,Electronics,Monitors,1,1974.0,1974.0,1611.19,2023-11-30 23:02:00,"319 Street, Lagos",Lagos,Online,Corporate,Africa,Transfer,3.0,Rep_B,
687,T687,Samsung Galaxy S21,Electronics,Phones,4,1229.0,4916.0,4231.51,2023-10-23 16:20:00,"852 Street, Lagos",Lagos,Online,Corporate,Asia,Cash,9.0,Rep_B,
688,T688,Samsung Galaxy S21,Electronics,Phones,2,1403.0,2806.0,2005.57,2023-08-04 11:42:00,"155 Street, Nairobi",Nairobi,Online,Small Business,South America,Card,5.0,Rep_A,
689,T689,Logitech Mouse,Electronics,Accessories,2,1095.0,2190.0,1611.99,2023-03-20 07:50:00,"870 Street, Jakarta",Jakarta,In-Store,Consumer,Europe,Transfer,6.0,Rep_C,
690,T690,iPhone 13,Electronics,Phones,1,1389.0,1389.0,853.31,2023-09-24 11:41:00,"455 Street, São Paulo",São Paulo,Online,Consumer,Asia,Card,4.0,Rep_B,
691,T691,Dell XPS 13,Electronics,Laptops,5,1219.0,6095.0,3216.46,2023-07-20 22:40:00,"386 Street, Jakarta",Jakarta,In-Store,Consumer,Africa,Card,3.0,Rep_A,
692,T692,27in 4K Gaming Monitor,Electronics,Monitors,3,1129.0,3387.0,2249.78,2023-04-26 09:37:00,"562 Street, Lagos",Lagos,Wholesale,Corporate,Europe,Transfer,2.0,Rep_A,
693,T693,Samsung Galaxy S21,Electronics,Phones,1,649.0,649.0,476.51,2023-02-12 06:37:00,"133 Street, Nairobi",Nairobi,In-Store,Small Business,South America,Transfer,2.0,Rep_D,
694,T694,Samsung Galaxy S21,Electronics,Phones,3,1971.0,5913.0,4839.12,2023-05-29 23:03:00,"790 Street, Cairo",Cairo,In-Store,Consumer,Africa,Cash,1.0,Rep_B,
695,T695,Samsung Galaxy S21,Electronics,Phones,1,1865.0,1865.0,1116.28,2023-01-24 22:12:00,"717 Street, Bangkok",Bangkok,Wholesale,Small Business,Asia,Card,2.0,Rep_A,
696,T696,Samsung Galaxy S21,Electronics,Phones,1,1570.0,1570.0,796.08,2023-01-29 04:16:00,"295 Street, Bangkok",Bangkok,In-Store,Consumer,Europe,Cash,3.0,Rep_C,
697,T697,Logitech Mouse,Electronics,Accessories,3,959.0,2877.0,1764.81,2023-10-15 09:31:00,"385 Street, São Paulo",São Paulo,Wholesale,Consumer,South America,Card,2.0,Rep_C,
698,T698,AirPods Pro,Electronics,Accessories,4,140.0,560.0,382.89,2023-02-18 00:08:00,"979 Street, Cairo",Cairo,In-Store,Corporate,Europe,Card,8.0,Rep_A,
699,T699,Logitech Mouse,Electronics,Accessories,1,154.0,154.0,90.45,2023-12-28 10:38:00,"723 Street, Bangkok",Bangkok,Online,Corporate,Africa,Card,7.0,Rep_C,
700,T700,iPhone 13,Electronics,Phones,1,420.0,420.0,349.03,2023-06-14 16:25:00,"328 Street, Nairobi",Nairobi,In-Store,Consumer,Europe,Transfer,,Rep_C,
701,T701,Samsung Galaxy S21,Electronics,Phones,4,749.0,2996.0,2616.65,2023-05-12 04:03:00,"973 Street, Jakarta",Jakarta,Online,Consumer,Africa,Card,,Rep_C,
702,T702,MacBook Air,Electronics,Laptops,2,1249.0,2498.0,1362.15,2023-01-28 02:56:00,"394 Street, Bangkok",Bangkok,Wholesale,Corporate,Europe,Card,5.0,Rep_B,
703,T703,Logitech Mouse,Electronics,Accessories,3,490.0,1470.0,802.14,2023-11-16 08:22:00,"919 Street, Lagos",Lagos,Online,Consumer,Africa,Transfer,9.0,Rep_A,
704,T704,27in 4K Gaming Monitor,Electronics,Monitors,2,1264.0,2528.0,1327.9,2023-08-13 18:59:00,"287 Street, Nairobi",Nairobi,In-Store,Small Business,Asia,Transfer,4.0,Rep_D,
705,T705,AirPods Pro,Electronics,Accessories,2,1621.0,3242.0,2749.25,2023-07-27 21:11:00,"104 Street, São Paulo",São Paulo,Wholesale,Corporate,Europe,Card,5.0,Rep_D,
706,T706,Logitech Mouse,Electronics,Accessories,2,1595.0,3190.0,2048.0,2023-10-22 20:00:00,"188 Street, Mumbai",Mumbai,In-Store,Corporate,Asia,Card,7.0,Rep_C,
707,T707,Logitech Mouse,Electronics,Accessories,4,159.0,636.0,458.06,2023-11-13 09:53:00,"333 Street, Lagos",Lagos,Online,Small Business,Asia,Card,1.0,Rep_A,
708,T708,iPhone 13,Electronics,Phones,5,668.0,3340.0,1801.84,2023-05-19 09:31:00,"123 Street, Cairo",Cairo,Wholesale,Small Business,Europe,Transfer,1.0,Rep_C,
709,T709,iPhone 13,Electronics,Phones,2,569.0,1138.0,713.06,2023-07-16 05:29:00,"971 Street, Cairo",Cairo,Online,Corporate,Asia,Cash,9.0,Rep_C,
710,T710,AirPods Pro,Electronics,Accessories,1,1205.0,1205.0,1053.53,2023-09-22 21:22:00,"802 Street, Mumbai",Mumbai,In-Store,Consumer,South America,Cash,6.0,Rep_C,
711,T711,27in 4K Gaming Monitor,Electronics,Monitors,2,399.0,798.0,467.16,2023-07-23 00:52:00,"306 Street, Mumbai",Mumbai,In-Store,Small Business,South America,Card,,Rep_C,
712,T712,MacBook Air,Electronics,Laptops,2,1631.0,3262.0,2140.25,2023-06-15 10:52:00,"916 Street, São Paulo",São Paulo,In-Store,Corporate,South America,Transfer,9.0,Rep_B,
713,T713,Logitech Mouse,Electronics,Accessories,2,1227.0,2454.0,1551.9,2023-06-08 09:54:00,"445 Street, Lagos",Lagos,Online,Corporate,Europe,Transfer,4.0,Rep_A,
714,T714,Samsung Galaxy S21,Electronics,Phones,1,324.0,324.0,164.51,2023-11-15 10:15:00,"104 Street, Jakarta",Jakarta,In-Store,Small Business,Europe,Card,7.0,Rep_D,
715,T715,27in 4K Gaming Monitor,Electronics,Monitors,1,580.0,580.0,344.27,2023-01-23 14:12:00,"706 Street, Nairobi",Nairobi,Online,Small Business,Europe,Transfer,3.0,Rep_B,
716,T716,27in 4K Gaming Monitor,Electronics,Monitors,5,465.0,2325.0,1958.51,2023-10-24 15:01:00,"950 Street, Mumbai",Mumbai,Online,Consumer,Africa,Cash,5.0,Rep_D,
717,T717,MacBook Air,Electronics,Laptops,1,379.0,379.0,260.07,2023-05-18 14:10:00,"396 Street, Lagos",Lagos,In-Store,Corporate,Africa,Card,3.0,Rep_D,
718,T718,Samsung Galaxy S21,Electronics,Phones,5,1754.0,8770.0,7647.46,2023-08-27 13:33:00,"31 Street, Jakarta",Jakarta,Online,Small Business,Asia,Transfer,2.0,Rep_A,
719,T719,iPhone 13,Electronics,Phones,5,68.0,340.0,255.53,2023-01-03 02:43:00,"465 Street, Jakarta",Jakarta,Online,Consumer,Asia,Card,3.0,Rep_B,
720,T720,Samsung Galaxy S21,Electronics,Phones,5,1750.0,8750.0,7619.51,2023-02-22 14:45:00,"648 Street, São Paulo",São Paulo,Wholesale,Consumer,South America,Transfer,8.0,Rep_D,
722,T722,Logitech Mouse,Electronics,Accessories,2,1687.0,3374.0,2377.44,2023-11-10 18:23:00,"77 Street, Bangkok",Bangkok,Online,Consumer,Europe,Card,,Rep_B,
723,T723,MacBook Air,Electronics,Laptops,2,1851.0,3702.0,2303.6,2023-07-20 00:13:00,"84 Street, Bangkok",Bangkok,Wholesale,Small Business,Europe,Transfer,,Rep_A,
724,T724,AirPods Pro,Electronics,Accessories,5,1007.0,5035.0,2558.03,2023-07-28 10:07:00,"637 Street, Bangkok",Bangkok,In-Store,Corporate,Asia,Transfer,5.0,Rep_C,
725,T725,Logitech Mouse,Electronics,Accessories,3,610.0,1830.0,1207.59,2023-11-28 14:17:00,"510 Street, Lagos",Lagos,Online,Consumer,South America,Transfer,1.0,Rep_C,
726,T726,Dell XPS 13,Electronics,Laptops,4,795.0,3180.0,1667.19,2023-09-06 21:43:00,"735 Street, Nairobi",Nairobi,In-Store,Small Business,South America,Card,4.0,Rep_A,
727,T727,27in 4K Gaming Monitor,Electronics,Monitors,1,1924.0,1924.0,1374.97,2023-11-24 13:08:00,"343 Street, São Paulo",São Paulo,In-Store,Consumer,Asia,Cash,9.0,Rep_A,
728,T728,Samsung Galaxy S21,Electronics,Phones,5,677.0,3385.0,2164.72,2023-05-11 05:53:00,"722 Street, Cairo",Cairo,Online,Small Business,Africa,Cash,2.0,Rep_B,
729,T729,iPhone 13,Electronics,Phones,1,1560.0,1560.0,804.21,2023-10-10 10:48:00,"83 Street, Nairobi",Nairobi,In-Store,Corporate,South America,Card,3.0,Rep_C,
730,T730,Samsung Galaxy S21,Electronics,Phones,4,1231.0,4924.0,2955.35,2023-05-02 08:38:00,"23 Street, São Paulo",São Paulo,In-Store,Consumer,South America,Card,5.0,Rep_C,
731,T731,Samsung Galaxy S21,Electronics,Phones,5,973.0,4865.0,4172.58,2023-07-28 05:35:00,"191 Street, Cairo",Cairo,Wholesale,Corporate,Africa,Card,8.0,Rep_B,
732,T732,iPhone 13,Electronics,Phones,3,1373.0,4119.0,2691.32,2023-08-31 08:09:00,"365 Street, Cairo",Cairo,Wholesale,Small Business,Africa,Cash,2.0,Rep_C,
733,T733,Dell XPS 13,Electronics,Laptops,5,1648.0,8240.0,6703.97,2023-10-08 10:08:00,"702 Street, Nairobi",Nairobi,Wholesale,Corporate,Asia,Transfer,,Rep_C,
734,T734,Logitech Mouse,Electronics,Accessories,1,1087.0,1087.0,755.28,2023-11-24 04:04:00,"147 Street, Mumbai",Mumbai,Wholesale,Small Business,Africa,Transfer,6.0,Rep_D,
735,T735,Samsung Galaxy S21,Electronics,Phones,1,1459.0,1459.0,1254.51,2023-07-05 15:14:00,"172 Street, Jakarta",Jakarta,Wholesale,Small Business,Africa,Card,8.0,Rep_B,
736,T736,27in 4K Gaming Monitor,Electronics,Monitors,3,121.0,363.0,203.98,2023-12-21 22:48:00,"535 Street, Mumbai",Mumbai,In-Store,Small Business,South America,Cash,5.0,Rep_A,
737,T737,iPhone 13,Electronics,Phones,1,373.0,373.0,281.6,2023-12-12 16:38:00,"672 Street, São Paulo",São Paulo,Online,Corporate,Africa,Transfer,2.0,Rep_A,
738,T738,AirPods Pro,Electronics,Accessories,5,649.0,3245.0,1989.83,2023-09-23 08:26:00,"52 Street, Nairobi",Nairobi,In-Store,Corporate,Europe,Card,1.0,Rep_C,
739,T739,AirPods Pro,Electronics,Accessories,4,1723.0,6892.0,5749.5,2023-07-29 14:37:00,"582 Street, Bangkok",Bangkok,Wholesale,Consumer,South America,Card,,Rep_C,
740,T740,Logitech Mouse,Electronics,Accessories,4,1448.0,5792.0,3502.24,2023-01-31 06:57:00,"522 Street, São Paulo",São Paulo,In-Store,Corporate,Asia,Card,7.0,Rep_C,
741,T741,iPhone 13,Electronics,Phones,5,680.0,3400.0,2636.23,2023-08-01 19:36:00,"836 Street, Bangkok",Bangkok,Wholesale,Consumer,Asia,Transfer,7.0,Rep_B,
742,T742,27in 4K Gaming Monitor,Electronics,Monitors,4,1864.0,7456.0,4093.29,2023-10-27 21:23:00,"218 Street, São Paulo",São Paulo,In-Store,Corporate,Asia,Card,6.0,Rep_B,
743,T743,Logitech Mouse,Electronics,Accessories,2,924.0,1848.0,1597.85,2023-03-13 05:29:00,"288 Street, São Paulo",São Paulo,Wholesale,Small Business,Europe,Card,,Rep_C,
744,T744,AirPods Pro,Electronics,Accessories,5,1850.0,9250.0,7349.14,2023-07-05 02:34:00,"832 Street, Cairo",Cairo,Online,Consumer,Asia,Card,2.0,Rep_B,
745,T745,Samsung Galaxy S21,Electronics,Phones,3,1856.0,5568.0,3271.89,2023-12-31 20:32:00,"83 Street, Lagos",Lagos,Online,Consumer,Europe,Cash,5.0,Rep_A,
746,T746,27in 4K Gaming Monitor,Electronics,Monitors,3,156.0,468.0,370.83,2023-03-14 04:19:00,"538 Street, São Paulo",São Paulo,In-Store,Corporate,Africa,Card,7.0,Rep_B,
747,T747,MacBook Air,Electronics,Laptops,3,1382.0,4146.0,2832.97,2023-12-14 23:12:00,"51 Street, São Paulo",São Paulo,Wholesale,Corporate,Europe,Cash,3.0,Rep_A,
748,T748,iPhone 13,Electronics,Phones,5,1229.0,6145.0,4193.59,2023-12-22 09:28:00,"44 Street, Lagos",Lagos,In-Store,Corporate,Europe,Transfer,4.0,Rep_A,
749,T749,iPhone 13,Electronics,Phones,3,1184.0,3552.0,1981.92,2023-07-17 07:34:00,"146 Street, Cairo",Cairo,Wholesale,Small Business,Africa,Cash,7.0,Rep_B,
750,T750,27in 4K Gaming Monitor,Electronics,Monitors,4,858.0,3432.0,2355.05,2023-02-07 17:18:00,"986 Street, Bangkok",Bangkok,Wholesale,Consumer,Asia,Transfer,6.0,Rep_C,
751,T751,Logitech Mouse,Electronics,Accessories,1,1412.0,1412.0,848.76,2023-07-18 18:30:00,"743 Street, Jakarta",Jakarta,Wholesale,Small Business,South America,Cash,9.0,Rep_D,
752,T752,iPhone 13,Electronics,Phones,5,345.0,1725.0,1401.83,2023-10-10 10:04:00,"244 Street, Lagos",Lagos,In-Store,Corporate,Europe,Cash,,Rep_D,
753,T753,MacBook Air,Electronics,Laptops,5,956.0,4780.0,4240.76,2023-12-14 23:28:00,"772 Street, Mumbai",Mumbai,Wholesale,Small Business,Africa,Card,8.0,Rep_C,
754,T754,MacBook Air,Electronics,Laptops,1,1934.0,1934.0,1187.23,2023-07-06 02:53:00,"442 Street, São Paulo",São Paulo,In-Store,Corporate,Africa,Card,2.0,Rep_D,
755,T755,Logitech Mouse,Electronics,Accessories,4,675.0,2700.0,2241.49,2023-08-10 06:14:00,"888 Street, Nairobi",Nairobi,In-Store,Corporate,Asia,Card,9.0,Rep_A,
756,T756,AirPods Pro,Electronics,Accessories,2,1951.0,3902.0,2451.49,2023-03-03 16:35:00,"730 Street, Bangkok",Bangkok,Online,Small Business,Asia,Card,9.0,Rep_D,
757,T757,Logitech Mouse,Electronics,Accessories,1,679.0,679.0,428.25,2023-10-14 21:36:00,"882 Street, Nairobi",Nairobi,In-Store,Consumer,Europe,Cash,5.0,Rep_A,
759,T759,Samsung Galaxy S21,Electronics,Phones,5,1644.0,8220.0,5844.41,2023-10-24 16:47:00,"431 Street, Cairo",Cairo,Wholesale,Small Business,South America,Cash,5.0,Rep_B,
760,T760,Dell XPS 13,Electronics,Laptops,1,1522.0,1522.0,858.84,2023-08-22 02:48:00,"413 Street, Jakarta",Jakarta,Online,Corporate,South America,Cash,9.0,Rep_C,
761,T761,iPhone 13,Electronics,Phones,4,1439.0,5756.0,4921.96,2023-11-28 19:49:00,"57 Street, Cairo",Cairo,Online,Small Business,Africa,Card,1.0,Rep_C,
762,T762,Logitech Mouse,Electronics,Accessories,2,1344.0,2688.0,1627.87,2023-05-28 05:23:00,"374 Street, Lagos",Lagos,Wholesale,Consumer,Europe,Cash,2.0,Rep_A,
763,T763,Samsung Galaxy S21,Electronics,Phones,1,1799.0,1799.0,1336.8,2023-03-02 14:29:00,"214 Street, Lagos",Lagos,In-Store,Corporate,Asia,Cash,9.0,Rep_B,
764,T764,AirPods Pro,Electronics,Accessories,3,1254.0,3762.0,3374.92,2023-03-21 06:03:00,"759 Street, Bangkok",Bangkok,Wholesale,Small Business,Asia,Cash,4.0,Rep_D,
765,T765,Samsung Galaxy S21,Electronics,Phones,1,542.0,542.0,297.65,2023-04-27 10:47:00,"549 Street, Lagos",Lagos,Wholesale,Small Business,South America,Transfer,3.0,Rep_A,
766,T766,Samsung Galaxy S21,Electronics,Phones,5,971.0,4855.0,3745.71,2023-03-22 12:25:00,"570 Street, Lagos",Lagos,Online,Small Business,South America,Card,1.0,Rep_A,
767,T767,MacBook Air,Electronics,Laptops,3,1494.0,4482.0,3552.76,2023-03-26 08:12:00,"464 Street, Mumbai",Mumbai,Online,Corporate,Africa,Card,2.0,Rep_D,
768,T768,27in 4K Gaming Monitor,Electronics,Monitors,3,687.0,2061.0,1130.22,2023-07-14 19:12:00,"905 Street, Jakarta",Jakarta,In-Store,Corporate,Africa,Card,6.0,Rep_C,
769,T769,27in 4K Gaming Monitor,Electronics,Monitors,2,622.0,1244.0,964.07,2023-07-22 00:13:00,"417 Street, Bangkok",Bangkok,Online,Small Business,Europe,Card,7.0,Rep_B,
770,T770,Logitech Mouse,Electronics,Accessories,5,737.0,3685.0,2633.42,2023-04-17 15:18:00,"474 Street, Mumbai",Mumbai,In-Store,Corporate,Africa,Cash,1.0,Rep_D,
771,T771,AirPods Pro,Electronics,Accessories,1,656.0,656.0,451.08,2023-09-11 04:42:00,"164 Street, Lagos",Lagos,Online,Consumer,Europe,Cash,8.0,Rep_D,
772,T772,Logitech Mouse,Electronics,Accessories,1,984.0,984.0,667.82,2023-09-14 20:18:00,"338 Street, Jakarta",Jakarta,Wholesale,Consumer,Europe,Transfer,3.0,Rep_D,
773,T773,27in 4K Gaming Monitor,Electronics,Monitors,4,721.0,2884.0,1668.38,2023-11-21 03:57:00,"628 Street, Cairo",Cairo,Online,Small Business,Africa,Transfer,4.0,Rep_D,
774,T774,MacBook Air,Electronics,Laptops,4,635.0,2540.0,1946.44,2023-10-01 00:34:00,"186 Street, Mumbai",Mumbai,Online,Small Business,Africa,Card,1.0,Rep_A,
775,T775,iPhone 13,Electronics,Phones,5,516.0,2580.0,1578.55,2023-07-08 03:48:00,"731 Street, Jakarta",Jakarta,Wholesale,Consumer,Africa,Transfer,3.0,Rep_A,
776,T776,iPhone 13,Electronics,Phones,1,712.0,712.0,593.4,2023-08-11 20:25:00,"227 Street, Nairobi",Nairobi,In-Store,Consumer,Asia,Transfer,9.0,Rep_C,
777,T777,iPhone 13,Electronics,Phones,4,500.0,2000.0,1180.17,2023-05-27 13:48:00,"881 Street, Lagos",Lagos,In-Store,Small Business,Europe,Cash,1.0,Rep_C,
778,T778,Dell XPS 13,Electronics,Laptops,1,1469.0,1469.0,1095.39,2023-06-10 04:05:00,"31 Street, Mumbai",Mumbai,Online,Consumer,Europe,Transfer,1.0,Rep_D,
780,T780,Dell XPS 13,Electronics,Laptops,5,786.0,3930.0,3243.27,2023-04-30 02:59:00,"703 Street, São Paulo",São Paulo,Wholesale,Small Business,South America,Card,7.0,Rep_B,
781,T781,MacBook Air,Electronics,Laptops,2,1681.0,3362.0,1778.6,2023-04-23 07:14:00,"930 Street, Nairobi",Nairobi,Wholesale,Consumer,Asia,Card,9.0,Rep_B,
782,T782,iPhone 13,Electronics,Phones,2,683.0,1366.0,909.75,2023-02-23 00:32:00,"528 Street, Bangkok",Bangkok,Wholesale,Corporate,Africa,Transfer,7.0,Rep_B,
783,T783,MacBook Air,Electronics,Laptops,2,1160.0,2320.0,1473.4,2023-02-11 11:00:00,"643 Street, Mumbai",Mumbai,Online,Consumer,Africa,Transfer,9.0,Rep_C,
784,T784,MacBook Air,Electronics,Laptops,2,895.0,1790.0,1412.95,2023-08-30 23:08:00,"711 Street, Bangkok",Bangkok,Wholesale,Corporate,South America,Transfer,5.0,Rep_D,
785,T785,Samsung Galaxy S21,Electronics,Phones,3,466.0,1398.0,1091.16,2023-06-16 19:07:00,"521 Street, São Paulo",São Paulo,In-Store,Corporate,Asia,Cash,1.0,Rep_C,
786,T786,MacBook Air,Electronics,Laptops,4,1563.0,6252.0,5530.11,2023-01-17 05:03:00,"387 Street, Cairo",Cairo,Online,Consumer,South America,Cash,2.0,Rep_A,
787,T787,Samsung Galaxy S21,Electronics,Phones,4,313.0,1252.0,753.82,2023-05-01 00:26:00,"854 Street, Lagos",Lagos,In-Store,Small Business,Africa,Cash,8.0,Rep_B,
788,T788,Samsung Galaxy S21,Electronics,Phones,5,632.0,3160.0,2212.39,2023-09-25 10:23:00,"569 Street, Cairo",Cairo,In-Store,Small Business,Europe,Cash,6.0,Rep_A,
789,T789,Dell XPS 13,Electronics,Laptops,4,1029.0,4116.0,3221.54,2023-03-21 03:26:00,"427 Street, São Paulo",São Paulo,In-Store,Consumer,Africa,Transfer,4.0,Rep_A,
790,T790,27in 4K Gaming Monitor,Electronics,Monitors,3,710.0,2130.0,1640.95,2023-10-10 16:43:00,"8 Street, Jakarta",Jakarta,Online,Consumer,Europe,Transfer,1.0,Rep_B,
791,T791,MacBook Air,Electronics,Laptops,1,566.0,566.0,485.57,2023-12-04 00:18:00,"136 Street, Mumbai",Mumbai,Wholesale,Corporate,South America,Card,,Rep_A,
792,T792,Dell XPS 13,Electronics,Laptops,5,1768.0,8840.0,5044.75,2023-04-05 00:46:00,"953 Street, Bangkok",Bangkok,Wholesale,Small Business,Europe,Transfer,6.0,Rep_C,
793,T793,MacBook Air,Electronics,Laptops,3,486.0,1458.0,1255.0,2023-02-07 21:58:00,"541 Street, Bangkok",Bangkok,In-Store,Consumer,Asia,Card,1.0,Rep_C,
794,T794,MacBook Air,Electronics,Laptops,3,394.0,1182.0,910.8,2023-09-25 08:02:00,"377 Street, Lagos",Lagos,Online,Small Business,South America,Cash,8.0,Rep_B,
795,T795,AirPods Pro,Electronics,Accessories,1,771.0,771.0,617.01,2023-04-10 12:16:00,"558 Street, Jakarta",Jakarta,Wholesale,Consumer,Africa,Card,3.0,Rep_B,
796,T796,AirPods Pro,Electronics,Accessories,2,286.0,572.0,413.44,2023-05-18 12:15:00,"695 Street, Nairobi",Nairobi,In-Store,Consumer,South America,Transfer,6.0,Rep_B,
797,T797,Dell XPS 13,Electronics,Laptops,4,610.0,2440.0,1797.6,2023-06-27 20:58:00,"845 Street, Nairobi",Nairobi,In-Store,Small Business,South America,Card,1.0,Rep_C,
798,T798,AirPods Pro,Electronics,Accessories,4,1446.0,5784.0,3995.57,2023-09-11 06:22:00,"581 Street, Jakarta",Jakarta,Wholesale,Small Business,Europe,Card,9.0,Rep_B,
799,T799,Samsung Galaxy S21,Electronics,Phones,3,1281.0,3843.0,3206.27,2023-10-20 14:12:00,"47 Street, Lagos",Lagos,Online,Consumer,Asia,Transfer,2.0,Rep_D,
800,T800,Samsung Galaxy S21,Electronics,Phones,2,1595.0,3190.0,2825.95,2023-03-18 00:22:00,"579 Street, Lagos",Lagos,In-Store,Small Business,Asia,Transfer,3.0,Rep_D,
801,T801,MacBook Air,Electronics,Laptops,3,1934.0,5802.0,3532.92,2023-11-12 05:39:00,"330 Street, Lagos",Lagos,Online,Consumer,South America,Transfer,3.0,Rep_C,
802,T802,iPhone 13,Electronics,Phones,3,192.0,576.0,394.43,2023-12-31 15:35:00,"77 Street, São Paulo",São Paulo,Online,Consumer,South America,Transfer,5.0,Rep_B,
804,T804,Samsung Galaxy S21,Electronics,Phones,5,1352.0,6760.0,5873.92,2023-12-31 12:50:00,"19 Street, Jakarta",Jakarta,In-Store,Consumer,Europe,Cash,6.0,Rep_C,
805,T805,Samsung Galaxy S21,Electronics,Phones,2,601.0,1202.0,803.68,2023-07-28 22:50:00,"776 Street, Jakarta",Jakarta,Online,Corporate,Europe,Transfer,8.0,Rep_D,
806,T806,AirPods Pro,Electronics,Accessories,2,385.0,770.0,558.67,2023-03-31 18:27:00,"24 Street, Jakarta",Jakarta,Online,Small Business,Africa,Cash,5.0,Rep_C,
807,T807,AirPods Pro,Electronics,Accessories,3,849.0,2547.0,1726.62,2023-07-08 01:41:00,"249 Street, Lagos",Lagos,Wholesale,Small Business,Europe,Transfer,4.0,Rep_B,
808,T808,iPhone 13,Electronics,Phones,4,1879.0,7516.0,6007.92,2023-12-11 17:05:00,"592 Street, Jakarta",Jakarta,In-Store,Corporate,Europe,Transfer,8.0,Rep_B,
809,T809,iPhone 13,Electronics,Phones,3,237.0,711.0,634.95,2023-10-15 21:54:00,"781 Street, Nairobi",Nairobi,In-Store,Consumer,Asia,Cash,6.0,Rep_D,
810,T810,AirPods Pro,Electronics,Accessories,1,846.0,846.0,536.1,2023-07-21 18:36:00,"675 Street, Mumbai",Mumbai,Online,Corporate,Africa,Card,2.0,Rep_A,
811,T811,MacBook Air,Electronics,Laptops,4,330.0,1320.0,811.44,2023-01-07 13:22:00,"86 Street, Lagos",Lagos,Online,Corporate,Asia,Cash,5.0,Rep_A,
812,T812,AirPods Pro,Electronics,Accessories,3,1454.0,4362.0,2929.32,2023-01-03 19:40:00,"70 Street, Nairobi",Nairobi,Online,Small Business,Europe,Cash,9.0,Rep_A,
813,T813,27in 4K Gaming Monitor,Electronics,Monitors,1,1217.0,1217.0,829.44,2023-08-22 12:46:00,"869 Street, São Paulo",São Paulo,In-Store,Corporate,Asia,Card,2.0,Rep_D,
814,T814,MacBook Air,Electronics,Laptops,3,971.0,2913.0,1522.35,2023-11-12 17:32:00,"31 Street, Bangkok",Bangkok,Wholesale,Corporate,Asia,Cash,2.0,Rep_D,
815,T815,Logitech Mouse,Electronics,Accessories,5,1308.0,6540.0,4197.17,2023-08-14 06:06:00,"245 Street, São Paulo",São Paulo,In-Store,Corporate,Africa,Card,3.0,Rep_A,
816,T816,Logitech Mouse,Electronics,Accessories,4,1194.0,4776.0,3162.12,2023-03-25 17:30:00,"166 Street, Jakarta",Jakarta,In-Store,Small Business,Asia,Card,1.0,Rep_B,
817,T817,MacBook Air,Electronics,Laptops,1,431.0,431.0,313.48,2023-09-07 12:34:00,"952 Street, Bangkok",Bangkok,In-Store,Corporate,Europe,Cash,3.0,Rep_A,
818,T818,Logitech Mouse,Electronics,Accessories,2,440.0,880.0,481.66,2023-10-25 08:06:00,"296 Street, Nairobi",Nairobi,Online,Consumer,Europe,Transfer,5.0,Rep_C,
819,T819,Dell XPS 13,Electronics,Laptops,5,1305.0,6525.0,3775.86,2023-08-11 15:41:00,"428 Street, Jakarta",Jakarta,Online,Consumer,Africa,Transfer,2.0,Rep_D,
820,T820,27in 4K Gaming Monitor,Electronics,Monitors,1,184.0,184.0,149.15,2023-05-15 08:39:00,"706 Street, Lagos",Lagos,Wholesale,Small Business,Europe,Cash,2.0,Rep_B,
821,T821,AirPods Pro,Electronics,Accessories,4,293.0,1172.0,936.04,2023-01-17 23:27:00,"205 Street, Nairobi",Nairobi,Online,Corporate,Asia,Transfer,2.0,Rep_C,
822,T822,AirPods Pro,Electronics,Accessories,1,1996.0,1996.0,1350.52,2023-02-04 06:37:00,"911 Street, Cairo",Cairo,Wholesale,Corporate,Asia,Card,3.0,Rep_D,
823,T823,Samsung Galaxy S21,Electronics,Phones,3,1412.0,4236.0,3478.83,2023-07-12 18:28:00,"409 Street, Nairobi",Nairobi,Wholesale,Small Business,Europe,Cash,8.0,Rep_C,
825,T825,Samsung Galaxy S21,Electronics,Phones,4,1424.0,5696.0,3029.33,2023-02-20 16:35:00,"882 Street, Lagos",Lagos,Online,Consumer,Africa,Cash,8.0,Rep_C,
826,T826,AirPods Pro,Electronics,Accessories,4,758.0,3032.0,2701.42,2023-03-20 05:32:00,"127 Street, Nairobi",Nairobi,In-Store,Consumer,Asia,Card,6.0,Rep_B,
827,T827,Samsung Galaxy S21,Electronics,Phones,2,1767.0,3534.0,1998.72,2023-08-24 12:29:00,"970 Street, Bangkok",Bangkok,Wholesale,Corporate,Africa,Transfer,2.0,Rep_A,
828,T828,MacBook Air,Electronics,Laptops,2,1536.0,3072.0,2500.27,2023-12-24 15:01:00,"839 Street, Nairobi",Nairobi,Online,Consumer,South America,Transfer,7.0,Rep_B,
829,T829,Samsung Galaxy S21,Electronics,Phones,4,1496.0,5984.0,4424.11,2023-05-13 22:28:00,"541 Street, Lagos",Lagos,Online,Small Business,South America,Card,5.0,Rep_A,
831,T831,MacBook Air,Electronics,Laptops,5,1044.0,5220.0,3068.78,2023-11-16 09:12:00,"675 Street, Nairobi",Nairobi,Online,Corporate,Europe,Cash,8.0,Rep_D,
832,T832,Dell XPS 13,Electronics,Laptops,1,975.0,975.0,594.36,2023-01-02 17:40:00,"899 Street, Lagos",Lagos,In-Store,Corporate,Africa,Card,4.0,Rep_A,
833,T833,Logitech Mouse,Electronics,Accessories,2,261.0,522.0,324.37,2023-05-19 16:25:00,"279 Street, Bangkok",Bangkok,Wholesale,Corporate,Asia,Transfer,4.0,Rep_C,
834,T834,AirPods Pro,Electronics,Accessories,3,691.0,2073.0,1408.12,2023-05-21 03:34:00,"128 Street, Jakarta",Jakarta,In-Store,Small Business,Asia,Transfer,2.0,Rep_A,
835,T835,Dell XPS 13,Electronics,Laptops,2,541.0,1082.0,756.48,2023-05-11 19:09:00,"308 Street, Mumbai",Mumbai,Online,Small Business,Asia,Cash,2.0,Rep_B,
836,T836,iPhone 13,Electronics,Phones,5,174.0,870.0,715.52,2023-12-30 17:50:00,"221 Street, Jakarta",Jakarta,Wholesale,Small Business,Asia,Cash,5.0,Rep_D,
837,T837,Logitech Mouse,Electronics,Accessories,2,905.0,1810.0,1155.84,2023-01-12 06:16:00,"762 Street, São Paulo",São Paulo,Wholesale,Corporate,South America,Transfer,,Rep_C,
838,T838,MacBook Air,Electronics,Laptops,4,1618.0,6472.0,5067.64,2023-02-04 00:07:00,"502 Street, Lagos",Lagos,Wholesale,Corporate,Africa,Card,9.0,Rep_B,
839,T839,Logitech Mouse,Electronics,Accessories,4,1392.0,5568.0,3669.61,2023-11-22 07:03:00,"86 Street, São Paulo",São Paulo,In-Store,Consumer,South America,Transfer,7.0,Rep_B,
840,T840,Dell XPS 13,Electronics,Laptops,4,1711.0,6844.0,5990.02,2023-04-15 01:58:00,"528 Street, Jakarta",Jakarta,Wholesale,Consumer,Africa,Cash,7.0,Rep_D,
841,T841,27in 4K Gaming Monitor,Electronics,Monitors,2,978.0,1956.0,1514.63,2023-03-28 08:21:00,"892 Street, Mumbai",Mumbai,In-Store,Small Business,Africa,Cash,9.0,Rep_D,
842,T842,27in 4K Gaming Monitor,Electronics,Monitors,1,1338.0,1338.0,1146.91,2023-10-19 15:50:00,"95 Street, Bangkok",Bangkok,In-Store,Consumer,Europe,Card,4.0,Rep_B,
843,T843,Samsung Galaxy S21,Electronics,Phones,5,257.0,1285.0,930.86,2023-11-27 23:28:00,"74 Street, Nairobi",Nairobi,Online,Small Business,Asia,Card,1.0,Rep_C,
844,T844,AirPods Pro,Electronics,Accessories,2,1835.0,3670.0,2401.88,2023-08-23 03:27:00,"115 Street, Mumbai",Mumbai,Wholesale,Small Business,Europe,Transfer,4.0,Rep_A,
845,T845,AirPods Pro,Electronics,Accessories,5,867.0,4335.0,2696.74,2023-02-11 16:45:00,"19 Street, Cairo",Cairo,Wholesale,Consumer,Africa,Cash,9.0,Rep_C,
846,T846,Samsung Galaxy S21,Electronics,Phones,1,161.0,161.0,121.0,2023-05-19 06:40:00,"959 Street, Cairo",Cairo,Online,Small Business,Asia,Cash,,Rep_B,
847,T847,Samsung Galaxy S21,Electronics,Phones,2,938.0,1876.0,1113.3,2023-07-23 01:37:00,"709 Street, Bangkok",Bangkok,In-Store,Corporate,South America,Transfer,6.0,Rep_B,
848,T848,iPhone 13,Electronics,Phones,4,302.0,1208.0,864.44,2023-05-18 15:41:00,"573 Street, Nairobi",Nairobi,Wholesale,Consumer,Africa,Transfer,6.0,Rep_A,
849,T849,Dell XPS 13,Electronics,Laptops,5,1451.0,7255.0,4513.87,2023-07-06 14:24:00,"946 Street, São Paulo",São Paulo,In-Store,Consumer,Asia,Transfer,8.0,Rep_B,
850,T850,Samsung Galaxy S21,Electronics,Phones,3,741.0,2223.0,1885.04,2023-03-11 10:45:00,"181 Street, Lagos",Lagos,Online,Small Business,Europe,Card,9.0,Rep_A,
851,T851,Dell XPS 13,Electronics,Laptops,1,1666.0,1666.0,1075.03,2023-07-02 18:34:00,"833 Street, Jakarta",Jakarta,In-Store,Small Business,Europe,Cash,2.0,Rep_D,
852,T852,27in 4K Gaming Monitor,Electronics,Monitors,3,872.0,2616.0,2259.94,2023-05-09 07:32:00,"341 Street, São Paulo",São Paulo,Wholesale,Consumer,Africa,Cash,,Rep_D,
853,T853,Samsung Galaxy S21,Electronics,Phones,1,284.0,284.0,255.12,2023-11-08 11:32:00,"529 Street, Lagos",Lagos,In-Store,Small Business,Asia,Transfer,6.0,Rep_D,
854,T854,Logitech Mouse,Electronics,Accessories,5,1283.0,6415.0,4176.93,2023-07-19 23:12:00,"216 Street, Jakarta",Jakarta,Online,Consumer,Africa,Transfer,6.0,Rep_B,
855,T855,Samsung Galaxy S21,Electronics,Phones,1,67.0,67.0,44.39,2023-12-12 13:16:00,"319 Street, Mumbai",Mumbai,Wholesale,Corporate,Africa,Cash,7.0,Rep_A,
856,T856,AirPods Pro,Electronics,Accessories,4,824.0,3296.0,1668.88,2023-09-09 11:16:00,"282 Street, Lagos",Lagos,In-Store,Small Business,Africa,Transfer,5.0,Rep_A,
857,T857,MacBook Air,Electronics,Laptops,2,558.0,1116.0,601.58,2023-02-04 14:00:00,"537 Street, São Paulo",São Paulo,In-Store,Small Business,Europe,Transfer,6.0,Rep_C,
858,T858,Logitech Mouse,Electronics,Accessories,4,768.0,3072.0,2183.28,2023-09-10 20:58:00,"446 Street, São Paulo",São Paulo,In-Store,Consumer,Asia,Card,2.0,Rep_A,
859,T859,MacBook Air,Electronics,Laptops,2,1699.0,3398.0,2691.78,2023-11-14 21:14:00,"293 Street, Jakarta",Jakarta,In-Store,Small Business,Asia,Card,3.0,Rep_D,
860,T860,AirPods Pro,Electronics,Accessories,4,1965.0,7860.0,6181.57,2023-09-01 03:32:00,"816 Street, Jakarta",Jakarta,Online,Small Business,Asia,Transfer,8.0,Rep_A,
861,T861,AirPods Pro,Electronics,Accessories,5,617.0,3085.0,2129.91,2023-05-20 15:30:00,"447 Street, Cairo",Cairo,In-Store,Consumer,Africa,Cash,4.0,Rep_A,
862,T862,27in 4K Gaming Monitor,Electronics,Monitors,1,1400.0,1400.0,1156.67,2023-07-22 06:28:00,"841 Street, Cairo",Cairo,In-Store,Consumer,Africa,Transfer,3.0,Rep_D,
863,T863,Logitech Mouse,Electronics,Accessories,1,698.0,698.0,399.06,2023-09-22 06:15:00,"646 Street, Cairo",Cairo,Wholesale,Small Business,Asia,Transfer,5.0,Rep_C,
864,T864,Logitech Mouse,Electronics,Accessories,2,725.0,1450.0,834.83,2023-09-10 11:57:00,"680 Street, Lagos",Lagos,In-Store,Corporate,Asia,Card,2.0,Rep_C,
865,T865,AirPods Pro,Electronics,Accessories,2,186.0,372.0,221.75,2023-01-05 11:00:00,"806 Street, Bangkok",Bangkok,Online,Small Business,Europe,Transfer,3.0,Rep_D,
866,T866,Samsung Galaxy S21,Electronics,Phones,2,1452.0,2904.0,1485.88,2023-05-26 02:57:00,"899 Street, Jakarta",Jakarta,In-Store,Consumer,South America,Transfer,4.0,Rep_B,
867,T867,Dell XPS 13,Electronics,Laptops,1,1439.0,1439.0,840.91,2023-12-02 23:43:00,"40 Street, Cairo",Cairo,Wholesale,Small Business,Africa,Cash,6.0,Rep_B,
868,T868,Logitech Mouse,Electronics,Accessories,5,1950.0,9750.0,6428.76,2023-09-17 07:23:00,"882 Street, São Paulo",São Paulo,Wholesale,Consumer,Asia,Transfer,7.0,Rep_C,
870,T870,27in 4K Gaming Monitor,Electronics,Monitors,1,829.0,829.0,529.91,2023-02-10 20:28:00,"857 Street, Cairo",Cairo,Wholesale,Small Business,South America,Card,8.0,Rep_D,
871,T871,MacBook Air,Electronics,Laptops,4,641.0,2564.0,1812.36,2023-12-14 05:40:00,"398 Street, Nairobi",Nairobi,In-Store,Corporate,South America,Transfer,3.0,Rep_C,
872,T872,AirPods Pro,Electronics,Accessories,4,1040.0,4160.0,3317.26,2023-04-09 17:29:00,"651 Street, São Paulo",São Paulo,Online,Small Business,Asia,Card,3.0,Rep_D,
873,T873,iPhone 13,Electronics,Phones,3,579.0,1737.0,1276.44,2023-12-09 11:48:00,"92 Street, Nairobi",Nairobi,Online,Small Business,Asia,Transfer,9.0,Rep_D,
874,T874,Samsung Galaxy S21,Electronics,Phones,5,951.0,4755.0,3796.88,2023-09-22 15:58:00,"680 Street, São Paulo",São Paulo,Wholesale,Small Business,Europe,Cash,8.0,Rep_C,
875,T875,AirPods Pro,Electronics,Accessories,5,1510.0,7550.0,6341.96,2023-01-14 06:28:00,"391 Street, Bangkok",Bangkok,Online,Corporate,South America,Card,2.0,Rep_A,
876,T876,Dell XPS 13,Electronics,Laptops,3,1458.0,4374.0,3931.58,2023-02-04 22:26:00,"308 Street, Bangkok",Bangkok,Online,Small Business,South America,Cash,8.0,Rep_A,
877,T877,iPhone 13,Electronics,Phones,1,180.0,180.0,124.07,2023-09-09 14:05:00,"484 Street, Bangkok",Bangkok,Wholesale,Corporate,Europe,Cash,5.0,Rep_B,
878,T878,Samsung Galaxy S21,Electronics,Phones,1,1278.0,1278.0,939.43,2023-01-08 07:31:00,"718 Street, Cairo",Cairo,In-Store,Consumer,South America,Card,4.0,Rep_C,
879,T879,MacBook Air,Electronics,Laptops,3,1797.0,5391.0,3277.85,2023-09-02 12:40:00,"234 Street, São Paulo",São Paulo,In-Store,Small Business,Asia,Cash,1.0,Rep_A,
880,T880,Samsung Galaxy S21,Electronics,Phones,1,641.0,641.0,550.36,2023-06-26 18:54:00,"440 Street, Mumbai",Mumbai,Online,Corporate,Africa,Cash,9.0,Rep_A,
881,T881,Logitech Mouse,Electronics,Accessories,1,705.0,705.0,623.84,2023-08-11 07:48:00,"782 Street, São Paulo",São Paulo,In-Store,Small Business,Asia,Card,5.0,Rep_C,
882,T882,Logitech Mouse,Electronics,Accessories,3,1248.0,3744.0,1894.86,2023-10-27 17:15:00,"813 Street, Jakarta",Jakarta,In-Store,Corporate,Asia,Transfer,6.0,Rep_A,
883,T883,AirPods Pro,Electronics,Accessories,5,1048.0,5240.0,2626.33,2023-03-18 08:23:00,"525 Street, Cairo",Cairo,Wholesale,Corporate,Africa,Card,,Rep_D,
884,T884,Samsung Galaxy S21,Electronics,Phones,5,538.0,2690.0,1539.99,2023-03-02 07:16:00,"477 Street, Mumbai",Mumbai,Wholesale,Corporate,Asia,Card,1.0,Rep_D,
885,T885,Logitech Mouse,Electronics,Accessories,4,393.0,1572.0,892.99,2023-09-16 11:50:00,"950 Street, Lagos",Lagos,Wholesale,Corporate,Africa,Transfer,6.0,Rep_B,
887,T887,Dell XPS 13,Electronics,Laptops,5,106.0,530.0,320.86,2023-01-15 04:12:00,"574 Street, Cairo",Cairo,Wholesale,Corporate,Asia,Cash,5.0,Rep_D,
889,T889,Samsung Galaxy S21,Electronics,Phones,3,474.0,1422.0,797.56,2023-04-02 13:03:00,"546 Street, Cairo",Cairo,Online,Small Business,Europe,Card,8.0,Rep_A,
890,T890,iPhone 13,Electronics,Phones,3,1305.0,3915.0,2761.85,2023-02-21 14:45:00,"221 Street, Bangkok",Bangkok,Wholesale,Corporate,Asia,Transfer,,Rep_A,
891,T891,AirPods Pro,Electronics,Accessories,5,412.0,2060.0,1370.47,2023-01-14 09:43:00,"234 Street, Mumbai",Mumbai,Online,Corporate,Africa,Transfer,7.0,Rep_D,
892,T892,MacBook Air,Electronics,Laptops,5,101.0,505.0,385.04,2023-04-30 19:42:00,"885 Street, Nairobi",Nairobi,In-Store,Corporate,Asia,Cash,5.0,Rep_C,
893,T893,Dell XPS 13,Electronics,Laptops,1,781.0,781.0,511.64,2023-09-12 01:45:00,"149 Street, Cairo",Cairo,Online,Small Business,South America,Transfer,5.0,Rep_C,
894,T894,iPhone 13,Electronics,Phones,5,1466.0,7330.0,4456.56,2023-03-24 02:08:00,"479 Street, São Paulo",São Paulo,Online,Small Business,Asia,Cash,7.0,Rep_C,
895,T895,AirPods Pro,Electronics,Accessories,1,1690.0,1690.0,1298.43,2023-07-30 02:37:00,"671 Street, Nairobi",Nairobi,Wholesale,Consumer,South America,Transfer,5.0,Rep_B,
896,T896,Logitech Mouse,Electronics,Accessories,1,1447.0,1447.0,724.28,2023-06-30 22:29:00,"492 Street, Bangkok",Bangkok,Online,Corporate,South America,Cash,6.0,Rep_B,
897,T897,Logitech Mouse,Electronics,Accessories,1,745.0,745.0,633.99,2023-02-16 22:52:00,"770 Street, Cairo",Cairo,Wholesale,Consumer,Asia,Transfer,8.0,Rep_D,
898,T898,Logitech Mouse,Electronics,Accessories,2,76.0,152.0,115.16,2023-09-10 00:59:00,"441 Street, Jakarta",Jakarta,Wholesale,Consumer,Africa,Transfer,2.0,Rep_D,
899,T899,iPhone 13,Electronics,Phones,2,145.0,290.0,245.03,2023-08-19 07:18:00,"234 Street, Lagos",Lagos,Online,Small Business,South America,Card,1.0,Rep_A,
900,T900,Dell XPS 13,Electronics,Laptops,5,852.0,4260.0,3493.82,2023-05-23 10:46:00,"280 Street, São Paulo",São Paulo,Wholesale,Small Business,Europe,Cash,5.0,Rep_B,
901,T901,Dell XPS 13,Electronics,Laptops,1,1514.0,1514.0,942.31,2023-10-31 06:00:00,"652 Street, Cairo",Cairo,In-Store,Corporate,Africa,Cash,3.0,Rep_B,
902,T902,AirPods Pro,Electronics,Accessories,4,1151.0,4604.0,3113.71,2023-05-12 19:54:00,"778 Street, Lagos",Lagos,Online,Small Business,Asia,Transfer,3.0,Rep_A,
903,T903,iPhone 13,Electronics,Phones,3,236.0,708.0,617.69,2023-01-10 02:37:00,"87 Street, Nairobi",Nairobi,In-Store,Consumer,South America,Transfer,3.0,Rep_C,
904,T904,Dell XPS 13,Electronics,Laptops,2,224.0,448.0,262.38,2023-05-15 22:15:00,"531 Street, Lagos",Lagos,In-Store,Corporate,Africa,Transfer,3.0,Rep_A,
905,T905,MacBook Air,Electronics,Laptops,4,1342.0,5368.0,3062.32,2023-11-02 18:03:00,"887 Street, Lagos",Lagos,In-Store,Corporate,South America,Transfer,2.0,Rep_D,
906,T906,iPhone 13,Electronics,Phones,2,345.0,690.0,348.28,2023-06-05 09:21:00,"579 Street, Lagos",Lagos,Wholesale,Small Business,South America,Card,,Rep_D,
907,T907,Samsung Galaxy S21,Electronics,Phones,4,788.0,3152.0,2017.09,2023-03-27 05:56:00,"108 Street, Bangkok",Bangkok,In-Store,Small Business,Europe,Card,6.0,Rep_D,
908,T908,Dell XPS 13,Electronics,Laptops,5,1811.0,9055.0,7125.27,2023-02-17 20:34:00,"968 Street, Lagos",Lagos,Wholesale,Consumer,Asia,Cash,,Rep_B,
909,T909,Dell XPS 13,Electronics,Laptops,4,1238.0,4952.0,4107.5,2023-12-10 20:01:00,"737 Street, São Paulo",São Paulo,Wholesale,Small Business,Asia,Transfer,3.0,Rep_C,
910,T910,Samsung Galaxy S21,Electronics,Phones,4,1737.0,6948.0,4263.58,2023-01-13 07:09:00,"448 Street, Cairo",Cairo,Online,Small Business,Asia,Transfer,9.0,Rep_C,
911,T911,AirPods Pro,Electronics,Accessories,4,1203.0,4812.0,2578.9,2023-08-01 14:27:00,"302 Street, São Paulo",São Paulo,Online,Small Business,Africa,Card,2.0,Rep_B,
912,T912,AirPods Pro,Electronics,Accessories,4,881.0,3524.0,2834.23,2023-11-21 02:56:00,"514 Street, Cairo",Cairo,Online,Consumer,Africa,Transfer,6.0,Rep_B,
913,T913,MacBook Air,Electronics,Laptops,4,524.0,2096.0,1226.88,2023-04-12 23:24:00,"935 Street, Mumbai",Mumbai,Online,Consumer,South America,Card,,Rep_D,
914,T914,MacBook Air,Electronics,Laptops,4,1232.0,4928.0,2788.05,2023-05-30 20:00:00,"597 Street, Cairo",Cairo,In-Store,Consumer,Africa,Transfer,1.0,Rep_B,
916,T916,MacBook Air,Electronics,Laptops,5,1950.0,9750.0,6638.87,2023-10-06 20:41:00,"309 Street, Bangkok",Bangkok,Wholesale,Consumer,South America,Cash,5.0,Rep_A,
917,T917,MacBook Air,Electronics,Laptops,2,273.0,546.0,343.65,2023-04-30 01:19:00,"513 Street, Jakarta",Jakarta,Online,Small Business,South America,Cash,3.0,Rep_B,
918,T918,MacBook Air,Electronics,Laptops,4,664.0,2656.0,2057.5,2023-03-29 19:53:00,"937 Street, Mumbai",Mumbai,In-Store,Consumer,South America,Transfer,,Rep_C,
919,T919,Logitech Mouse,Electronics,Accessories,5,1272.0,6360.0,5331.57,2023-03-19 11:32:00,"788 Street, Cairo",Cairo,Wholesale,Corporate,Asia,Cash,4.0,Rep_B,
920,T920,Dell XPS 13,Electronics,Laptops,3,1496.0,4488.0,4026.28,2023-08-04 07:22:00,"330 Street, Mumbai",Mumbai,Wholesale,Small Business,Asia,Transfer,6.0,Rep_C,
921,T921,27in 4K Gaming Monitor,Electronics,Monitors,5,945.0,4725.0,3601.24,2023-06-15 17:44:00,"503 Street, Jakarta",Jakarta,In-Store,Consumer,Asia,Transfer,8.0,Rep_D,
922,T922,MacBook Air,Electronics,Laptops,1,1242.0,1242.0,1045.08,2023-05-05 01:35:00,"531 Street, Lagos",Lagos,Online,Small Business,South America,Cash,9.0,Rep_C,
923,T923,AirPods Pro,Electronics,Accessories,2,1110.0,2220.0,1551.02,2023-05-25 08:23:00,"46 Street, São Paulo",São Paulo,Wholesale,Corporate,South America,Card,5.0,Rep_C,
924,T924,27in 4K Gaming Monitor,Electronics,Monitors,4,794.0,3176.0,1891.33,2023-10-09 07:45:00,"558 Street, Cairo",Cairo,In-Store,Small Business,Africa,Cash,5.0,Rep_C,
925,T925,AirPods Pro,Electronics,Accessories,3,1101.0,3303.0,2114.23,2023-11-29 11:46:00,"487 Street, Jakarta",Jakarta,In-Store,Small Business,Africa,Cash,1.0,Rep_B,
926,T926,AirPods Pro,Electronics,Accessories,1,850.0,850.0,610.78,2023-02-13 23:37:00,"217 Street, Cairo",Cairo,Online,Consumer,Africa,Card,8.0,Rep_B,
927,T927,Dell XPS 13,Electronics,Laptops,2,1548.0,3096.0,2159.58,2023-08-19 19:08:00,"200 Street, Cairo",Cairo,Online,Consumer,Europe,Cash,7.0,Rep_D,
928,T928,iPhone 13,Electronics,Phones,4,947.0,3788.0,3076.65,2023-03-25 17:50:00,"78 Street, Nairobi",Nairobi,In-Store,Small Business,South America,Transfer,8.0,Rep_C,
929,T929,AirPods Pro,Electronics,Accessories,2,1635.0,3270.0,2651.25,2023-09-27 05:41:00,"766 Street, São Paulo",São Paulo,In-Store,Consumer,Africa,Cash,9.0,Rep_C,
930,T930,iPhone 13,Electronics,Phones,4,1314.0,5256.0,2860.28,2023-03-30 04:24:00,"166 Street, Bangkok",Bangkok,In-Store,Small Business,Europe,Cash,7.0,Rep_C,
931,T931,Samsung Galaxy S21,Electronics,Phones,1,1864.0,1864.0,1012.74,2023-05-21 03:38:00,"575 Street, Nairobi",Nairobi,Online,Small Business,Asia,Card,2.0,Rep_A,
932,T932,AirPods Pro,Electronics,Accessories,5,569.0,2845.0,1779.11,2023-08-16 02:45:00,"40 Street, Cairo",Cairo,In-Store,Corporate,Europe,Transfer,3.0,Rep_A,
933,T933,27in 4K Gaming Monitor,Electronics,Monitors,5,1613.0,8065.0,4929.49,2023-11-14 22:23:00,"166 Street, Bangkok",Bangkok,Wholesale,Consumer,Africa,Card,4.0,Rep_A,
934,T934,MacBook Air,Electronics,Laptops,5,497.0,2485.0,2090.55,2023-09-09 14:30:00,"619 Street, Lagos",Lagos,Online,Small Business,South America,Card,,Rep_A,
935,T935,Dell XPS 13,Electronics,Laptops,5,162.0,810.0,643.55,2023-06-15 21:42:00,"580 Street, Bangkok",Bangkok,Wholesale,Small Business,Europe,Card,1.0,Rep_B,
936,T936,Samsung Galaxy S21,Electronics,Phones,5,581.0,2905.0,2258.75,2023-09-09 21:12:00,"412 Street, Cairo",Cairo,Wholesale,Consumer,South America,Transfer,9.0,Rep_D,
937,T937,Logitech Mouse,Electronics,Accessories,2,60.0,120.0,77.93,2023-03-19 18:43:00,"373 Street, Lagos",Lagos,Wholesale,Consumer,South America,Cash,1.0,Rep_D,
938,T938,AirPods Pro,Electronics,Accessories,5,1205.0,6025.0,3726.02,2023-11-28 20:20:00,"168 Street, Bangkok",Bangkok,In-Store,Corporate,Africa,Card,5.0,Rep_D,
939,T939,AirPods Pro,Electronics,Accessories,4,110.0,440.0,369.98,2023-03-11 16:47:00,"532 Street, Lagos",Lagos,Online,Small Business,South America,Cash,5.0,Rep_D,
940,T940,iPhone 13,Electronics,Phones,1,1642.0,1642.0,1421.62,2023-07-06 05:32:00,"483 Street, Bangkok",Bangkok,Online,Small Business,South America,Cash,3.0,Rep_B,
941,T941,AirPods Pro,Electronics,Accessories,4,1160.0,4640.0,2507.95,2023-08-07 01:03:00,"62 Street, Nairobi",Nairobi,Online,Consumer,South America,Card,7.0,Rep_C,
942,T942,iPhone 13,Electronics,Phones,2,459.0,918.0,764.98,2023-01-20 09:44:00,"246 Street, São Paulo",São Paulo,In-Store,Small Business,Africa,Transfer,1.0,Rep_C,
943,T943,Samsung Galaxy S21,Electronics,Phones,5,839.0,4195.0,2797.32,2023-09-22 02:53:00,"862 Street, Bangkok",Bangkok,Online,Corporate,Africa,Cash,2.0,Rep_C,
944,T944,Dell XPS 13,Electronics,Laptops,3,803.0,2409.0,2165.37,2023-05-23 16:52:00,"870 Street, Lagos",Lagos,In-Store,Corporate,South America,Transfer,7.0,Rep_B,
945,T945,MacBook Air,Electronics,Laptops,5,1033.0,5165.0,3393.89,2023-01-16 07:38:00,"502 Street, Cairo",Cairo,In-Store,Consumer,Europe,Transfer,9.0,Rep_A,
946,T946,MacBook Air,Electronics,Laptops,1,1548.0,1548.0,840.18,2023-11-16 23:06:00,"268 Street, Bangkok",Bangkok,Wholesale,Consumer,Asia,Card,1.0,Rep_B,
947,T947,MacBook Air,Electronics,Laptops,5,419.0,2095.0,1417.16,2023-04-28 04:59:00,"533 Street, Bangkok",Bangkok,Wholesale,Corporate,Africa,Cash,2.0,Rep_B,
948,T948,Logitech Mouse,Electronics,Accessories,2,713.0,1426.0,781.35,2023-04-26 22:21:00,"120 Street, Bangkok",Bangkok,Wholesale,Small Business,Asia,Card,3.0,Rep_A,
949,T949,Dell XPS 13,Electronics,Laptops,2,713.0,1426.0,1175.73,2023-03-10 12:59:00,"93 Street, Nairobi",Nairobi,Online,Consumer,Africa,Cash,3.0,Rep_C,
950,T950,Samsung Galaxy S21,Electronics,Phones,3,1889.0,5667.0,3745.05,2023-05-16 22:43:00,"253 Street, Bangkok",Bangkok,Online,Corporate,Asia,Card,1.0,Rep_C,
951,T951,Logitech Mouse,Electronics,Accessories,1,1239.0,1239.0,825.56,2023-12-12 23:54:00,"17 Street, Lagos",Lagos,In-Store,Small Business,South America,Transfer,7.0,Rep_C,
952,T952,MacBook Air,Electronics,Laptops,2,1247.0,2494.0,2041.0,2023-07-02 17:47:00,"402 Street, Cairo",Cairo,Wholesale,Small Business,South America,Cash,5.0,Rep_B,
953,T953,iPhone 13,Electronics,Phones,5,1225.0,6125.0,4091.18,2023-12-27 04:01:00,"881 Street, Cairo",Cairo,In-Store,Small Business,Europe,Cash,2.0,Rep_A,
954,T954,Logitech Mouse,Electronics,Accessories,1,1141.0,1141.0,628.07,2023-06-19 14:04:00,"124 Street, Lagos",Lagos,In-Store,Corporate,South America,Cash,9.0,Rep_D,
955,T955,Logitech Mouse,Electronics,Accessories,3,255.0,765.0,676.26,2023-04-03 09:16:00,"328 Street, Jakarta",Jakarta,Online,Corporate,Europe,Cash,5.0,Rep_B,
957,T957,Dell XPS 13,Electronics,Laptops,3,242.0,726.0,411.58,2023-06-03 16:55:00,"318 Street, Jakarta",Jakarta,Online,Small Business,Asia,Cash,5.0,Rep_C,
958,T958,iPhone 13,Electronics,Phones,1,1162.0,1162.0,799.36,2023-06-29 09:27:00,"134 Street, Bangkok",Bangkok,Wholesale,Corporate,South America,Cash,,Rep_B,
959,T959,MacBook Air,Electronics,Laptops,4,1249.0,4996.0,3638.21,2023-12-17 14:06:00,"624 Street, Mumbai",Mumbai,Online,Small Business,Africa,Transfer,1.0,Rep_D,
960,T960,AirPods Pro,Electronics,Accessories,2,1652.0,3304.0,2698.58,2023-11-21 09:40:00,"896 Street, Bangkok",Bangkok,Online,Consumer,Europe,Transfer,6.0,Rep_C,
961,T961,AirPods Pro,Electronics,Accessories,3,887.0,2661.0,1466.21,2023-07-09 09:34:00,"717 Street, Mumbai",Mumbai,Wholesale,Corporate,Asia,Transfer,6.0,Rep_A,
962,T962,AirPods Pro,Electronics,Accessories,3,829.0,2487.0,1689.54,2023-08-07 08:24:00,"3 Street, São Paulo",São Paulo,Wholesale,Corporate,Europe,Transfer,7.0,Rep_A,
963,T963,Samsung Galaxy S21,Electronics,Phones,2,521.0,1042.0,528.87,2023-12-18 20:43:00,"13 Street, Mumbai",Mumbai,Wholesale,Small Business,Africa,Cash,6.0,Rep_B,
964,T964,Dell XPS 13,Electronics,Laptops,2,208.0,416.0,282.92,2023-10-04 13:24:00,"828 Street, Lagos",Lagos,Online,Small Business,Asia,Cash,3.0,Rep_A,
965,T965,AirPods Pro,Electronics,Accessories,3,1612.0,4836.0,2668.9,2023-08-03 14:58:00,"463 Street, Mumbai",Mumbai,Online,Small Business,South America,Cash,1.0,Rep_D,
966,T966,Samsung Galaxy S21,Electronics,Phones,3,1761.0,5283.0,2950.06,2023-01-14 17:25:00,"391 Street, Mumbai",Mumbai,Wholesale,Small Business,Africa,Transfer,7.0,Rep_C,
967,T967,Samsung Galaxy S21,Electronics,Phones,1,181.0,181.0,129.68,2023-04-21 03:05:00,"484 Street, Jakarta",Jakarta,Wholesale,Small Business,South America,Cash,9.0,Rep_B,
968,T968,MacBook Air,Electronics,Laptops,1,85.0,85.0,63.22,2023-02-25 09:35:00,"397 Street, São Paulo",São Paulo,In-Store,Consumer,Africa,Cash,2.0,Rep_A,
969,T969,AirPods Pro,Electronics,Accessories,1,118.0,118.0,96.83,2023-10-31 11:35:00,"417 Street, Cairo",Cairo,Wholesale,Small Business,South America,Transfer,8.0,Rep_D,
970,T970,AirPods Pro,Electronics,Accessories,2,371.0,742.0,419.89,2023-04-17 03:36:00,"395 Street, Bangkok",Bangkok,In-Store,Consumer,South America,Transfer,4.0,Rep_A,
971,T971,iPhone 13,Electronics,Phones,3,1001.0,3003.0,2639.68,2023-01-27 19:17:00,"272 Street, Nairobi",Nairobi,Online,Small Business,Asia,Card,2.0,Rep_D,
972,T972,Logitech Mouse,Electronics,Accessories,1,1025.0,1025.0,597.79,2023-05-22 05:39:00,"303 Street, Bangkok",Bangkok,Wholesale,Small Business,Africa,Transfer,9.0,Rep_C,
973,T973,Dell XPS 13,Electronics,Laptops,5,1937.0,9685.0,7129.06,2023-03-11 13:42:00,"989 Street, Lagos",Lagos,Online,Consumer,Europe,Transfer,9.0,Rep_A,
974,T974,Logitech Mouse,Electronics,Accessories,2,737.0,1474.0,1180.62,2023-05-09 20:53:00,"368 Street, Mumbai",Mumbai,Wholesale,Small Business,Africa,Cash,8.0,Rep_B,
975,T975,Samsung Galaxy S21,Electronics,Phones,1,1931.0,1931.0,1574.24,2023-07-06 11:21:00,"945 Street, Mumbai",Mumbai,Wholesale,Corporate,Asia,Cash,7.0,Rep_A,
976,T976,AirPods Pro,Electronics,Accessories,5,1737.0,8685.0,4583.58,2023-03-07 13:52:00,"96 Street, Jakarta",Jakarta,Wholesale,Small Business,Asia,Transfer,7.0,Rep_A,
977,T977,Dell XPS 13,Electronics,Laptops,5,1277.0,6385.0,3822.54,2023-02-12 18:45:00,"749 Street, Cairo",Cairo,In-Store,Small Business,South America,Transfer,1.0,Rep_A,
978,T978,Samsung Galaxy S21,Electronics,Phones,1,552.0,552.0,411.71,2023-03-12 19:06:00,"67 Street, Bangkok",Bangkok,In-Store,Corporate,Africa,Transfer,2.0,Rep_D,
979,T979,AirPods Pro,Electronics,Accessories,5,1839.0,9195.0,5463.33,2023-04-01 23:21:00,"638 Street, Lagos",Lagos,Wholesale,Small Business,Africa,Cash,,Rep_B,
980,T980,27in 4K Gaming Monitor,Electronics,Monitors,3,475.0,1425.0,1192.16,2023-07-10 16:30:00,"470 Street, Cairo",Cairo,In-Store,Consumer,South America,Transfer,,Rep_C,
981,T981,MacBook Air,Electronics,Laptops,4,1382.0,5528.0,2956.07,2023-11-06 19:48:00,"647 Street, Cairo",Cairo,Wholesale,Small Business,South America,Card,3.0,Rep_A,
982,T982,Dell XPS 13,Electronics,Laptops,5,1912.0,9560.0,6879.69,2023-02-01 16:12:00,"981 Street, São Paulo",São Paulo,Online,Consumer,Asia,Transfer,5.0,Rep_D,
983,T983,27in 4K Gaming Monitor,Electronics,Monitors,2,1349.0,2698.0,2237.06,2023-02-26 10:53:00,"941 Street, Nairobi",Nairobi,Wholesale,Consumer,Africa,Cash,4.0,Rep_D,
984,T984,AirPods Pro,Electronics,Accessories,2,752.0,1504.0,980.55,2023-12-06 12:46:00,"160 Street, Jakarta",Jakarta,Online,Corporate,South America,Card,5.0,Rep_B,
985,T985,Samsung Galaxy S21,Electronics,Phones,1,1877.0,1877.0,1150.99,2023-01-16 23:59:00,"266 Street, Nairobi",Nairobi,Online,Consumer,Asia,Cash,5.0,Rep_D,
986,T986,Dell XPS 13,Electronics,Laptops,1,1616.0,1616.0,1235.78,2023-02-05 00:03:00,"132 Street, São Paulo",São Paulo,Online,Small Business,Europe,Cash,3.0,Rep_A,
987,T987,iPhone 13,Electronics,Phones,5,558.0,2790.0,1748.6,2023-03-13 15:32:00,"230 Street, Bangkok",Bangkok,Wholesale,Consumer,Asia,Card,5.0,Rep_A,
988,T988,AirPods Pro,Electronics,Accessories,3,1138.0,3414.0,1851.69,2023-06-24 02:23:00,"329 Street, Mumbai",Mumbai,In-Store,Corporate,Europe,Transfer,3.0,Rep_A,
989,T989,iPhone 13,Electronics,Phones,1,1823.0,1823.0,984.22,2023-10-23 03:19:00,"581 Street, Cairo",Cairo,Online,Small Business,Africa,Cash,5.0,Rep_B,
990,T990,Samsung Galaxy S21,Electronics,Phones,2,668.0,1336.0,782.75,2023-09-08 17:53:00,"12 Street, Cairo",Cairo,In-Store,Small Business,Europe,Cash,6.0,Rep_D,
991,T991,Dell XPS 13,Electronics,Laptops,2,1650.0,3300.0,1861.61,2023-10-14 10:12:00,"82 Street, Cairo",Cairo,Online,Consumer,Asia,Transfer,1.0,Rep_A,
992,T992,iPhone 13,Electronics,Phones,4,571.0,2284.0,1394.23,2023-04-26 09:12:00,"359 Street, São Paulo",São Paulo,Wholesale,Corporate,Europe,Transfer,6.0,Rep_D,
993,T993,MacBook Air,Electronics,Laptops,4,1662.0,6648.0,3575.19,2023-12-23 01:22:00,"180 Street, Lagos",Lagos,Wholesale,Corporate,Europe,Card,3.0,Rep_D,
994,T994,Samsung Galaxy S21,Electronics,Phones,1,420.0,420.0,322.68,2023-09-22 06:47:00,"979 Street, Cairo",Cairo,In-Store,Small Business,South America,Card,7.0,Rep_C,
995,T995,Samsung Galaxy S21,Electronics,Phones,4,1327.0,5308.0,2881.95,2023-08-03 22:21:00,"844 Street, Bangkok",Bangkok,Wholesale,Corporate,Europe,Cash,1.0,Rep_B,
996,T996,27in 4K Gaming Monitor,Electronics,Monitors,2,995.0,1990.0,1508.64,2023-04-03 00:41:00,"618 Street, Nairobi",Nairobi,Online,Small Business,Europe,Transfer,5.0,Rep_A,
997,T997,MacBook Air,Electronics,Laptops,4,1593.0,6372.0,3820.18,2023-12-16 11:25:00,"474 Street, Jakarta",Jakarta,Wholesale,Corporate,Europe,Card,1.0,Rep_C,
998,T998,Logitech Mouse,Electronics,Accessories,2,946.0,1892.0,992.55,2023-06-21 15:53:00,"146 Street, Lagos",Lagos,Online,Small Business,Europe,Card,3.0,Rep_B,
999,T999,Logitech Mouse,Electronics,Accessories,5,1537.0,7685.0,4286.74,2023-08-01 12:17:00,"572 Street, São Paulo",São Paulo,Online,Small Business,Asia,Transfer,6.0,Rep_C,
1000,T1000,MacBook Air,Electronics,Laptops,5,123.0,615.0,362.77,2023-10-01 16:37:00,"366 Street, Mumbai",Mumbai,Online,Corporate,Europe,Transfer,5.0,Rep_D,
1001,T1001,iPhone 13,Electronics,Phones,3,702.0,2106.0,1491.05,2023-10-07 21:33:00,"937 Street, Cairo",Cairo,Wholesale,Consumer,Asia,Transfer,2.0,Rep_B,
1002,T1002,Samsung Galaxy S21,Electronics,Phones,4,683.0,2732.0,2304.92,2023-02-14 23:52:00,"619 Street, Bangkok",Bangkok,In-Store,Consumer,Africa,Cash,2.0,Rep_D,
1003,T1003,Logitech Mouse,Electronics,Accessories,2,682.0,1364.0,912.83,2023-04-04 14:50:00,"525 Street, Jakarta",Jakarta,Online,Corporate,Asia,Card,3.0,Rep_C,
1004,T1004,Logitech Mouse,Electronics,Accessories,1,428.0,428.0,377.76,2023-03-05 04:01:00,"843 Street, Nairobi",Nairobi,In-Store,Small Business,Asia,Transfer,3.0,Rep_D,
1005,T1005,Dell XPS 13,Electronics,Laptops,5,1499.0,7495.0,3812.34,2023-10-07 23:16:00,"962 Street, Mumbai",Mumbai,Online,Small Business,Africa,Cash,6.0,Rep_A,
1006,T1006,27in 4K Gaming Monitor,Electronics,Monitors,3,1442.0,4326.0,2713.2,2023-10-06 00:07:00,"688 Street, Lagos",Lagos,In-Store,Consumer,Africa,Card,5.0,Rep_C,
1007,T1007,iPhone 13,Electronics,Phones,2,998.0,1996.0,1510.31,2023-11-18 05:20:00,"36 Street, Jakarta",Jakarta,Online,Corporate,Africa,Card,9.0,Rep_B,
1008,T1008,Logitech Mouse,Electronics,Accessories,1,255.0,255.0,169.52,2023-11-12 21:28:00,"454 Street, Nairobi",Nairobi,Online,Corporate,Europe,Card,6.0,Rep_C,
1009,T1009,Logitech Mouse,Electronics,Accessories,2,1760.0,3520.0,2586.75,2023-02-19 22:12:00,"505 Street, São Paulo",São Paulo,Online,Small Business,Asia,Card,3.0,Rep_A,
1010,T1010,MacBook Air,Electronics,Laptops,2,1297.0,2594.0,1694.51,2023-03-31 23:48:00,"195 Street, Cairo",Cairo,Online,Consumer,South America,Card,2.0,Rep_A,
1011,T1011,Logitech Mouse,Electronics,Accessories,2,52.0,104.0,73.76,2023-11-03 10:00:00,"417 Street, Nairobi",Nairobi,In-Store,Small Business,Africa,Card,4.0,Rep_D,
1012,T1012,MacBook Air,Electronics,Laptops,3,1996.0,5988.0,3407.43,2023-02-15 11:48:00,"664 Street, Cairo",Cairo,In-Store,Corporate,Europe,Transfer,2.0,Rep_C,
1013,T1013,iPhone 13,Electronics,Phones,1,1815.0,1815.0,1014.08,2023-06-27 04:05:00,"548 Street, Mumbai",Mumbai,Online,Consumer,South America,Cash,,Rep_D,
1014,T1014,Dell XPS 13,Electronics,Laptops,4,1599.0,6396.0,4524.89,2023-09-18 07:45:00,"764 Street, Nairobi",Nairobi,In-Store,Corporate,Africa,Cash,9.0,Rep_C,
1015,T1015,Samsung Galaxy S21,Electronics,Phones,4,917.0,3668.0,2931.7,2023-08-24 04:05:00,"592 Street, Jakarta",Jakarta,Online,Consumer,Europe,Transfer,5.0,Rep_B,
1016,T1016,Samsung Galaxy S21,Electronics,Phones,3,175.0,525.0,351.79,2023-07-23 11:30:00,"336 Street, Nairobi",Nairobi,Wholesale,Consumer,Asia,Transfer,6.0,Rep_D,
1017,T1017,Dell XPS 13,Electronics,Laptops,5,1946.0,9730.0,6208.44,2023-05-10 02:57:00,"196 Street, Jakarta",Jakarta,Online,Small Business,Asia,Card,3.0,Rep_A,
1018,T1018,iPhone 13,Electronics,Phones,1,1602.0,1602.0,1169.79,2023-07-20 22:08:00,"553 Street, Mumbai",Mumbai,Online,Small Business,Asia,Card,8.0,Rep_A,
1019,T1019,27in 4K Gaming Monitor,Electronics,Monitors,5,965.0,4825.0,3332.8,2023-04-23 10:33:00,"632 Street, Lagos",Lagos,In-Store,Small Business,Africa,Transfer,2.0,Rep_B,
1020,T1020,Logitech Mouse,Electronics,Accessories,4,1830.0,7320.0,3972.01,2023-11-10 19:44:00,"50 Street, Bangkok",Bangkok,Wholesale,Corporate,Europe,Cash,4.0,Rep_C,
1021,T1021,MacBook Air,Electronics,Laptops,1,1346.0,1346.0,1083.8,2023-11-18 12:08:00,"166 Street, Mumbai",Mumbai,Online,Corporate,South America,Transfer,9.0,Rep_C,
1022,T1022,Dell XPS 13,Electronics,Laptops,3,1749.0,5247.0,4252.53,2023-06-01 03:49:00,"196 Street, Mumbai",Mumbai,Online,Small Business,South America,Transfer,3.0,Rep_D,
1023,T1023,AirPods Pro,Electronics,Accessories,2,1214.0,2428.0,1732.22,2023-05-22 17:07:00,"640 Street, Lagos",Lagos,Wholesale,Consumer,South America,Cash,7.0,Rep_D,
1024,T1024,Dell XPS 13,Electronics,Laptops,1,1652.0,1652.0,1007.51,2023-03-20 09:20:00,"272 Street, Bangkok",Bangkok,In-Store,Corporate,Asia,Cash,4.0,Rep_D,
1025,T1025,AirPods Pro,Electronics,Accessories,2,1245.0,2490.0,1607.93,2023-02-25 14:38:00,"517 Street, Bangkok",Bangkok,In-Store,Small Business,Asia,Cash,5.0,Rep_C,
1026,T1026,27in 4K Gaming Monitor,Electronics,Monitors,5,1906.0,9530.0,6131.63,2023-11-16 15:50:00,"174 Street, Bangkok",Bangkok,Online,Corporate,Asia,Transfer,5.0,Rep_A,
1027,T1027,Logitech Mouse,Electronics,Accessories,4,1906.0,7624.0,4070.39,2023-07-02 18:56:00,"71 Street, Bangkok",Bangkok,Wholesale,Small Business,South America,Card,5.0,Rep_D,
1028,T1028,MacBook Air,Electronics,Laptops,5,959.0,4795.0,3041.89,2023-04-29 05:36:00,"929 Street, Lagos",Lagos,In-Store,Small Business,Africa,Cash,6.0,Rep_B,
1029,T1029,AirPods Pro,Electronics,Accessories,1,1110.0,1110.0,642.68,2023-11-29 12:39:00,"954 Street, Cairo",Cairo,In-Store,Corporate,South America,Transfer,3.0,Rep_C,
1030,T1030,Logitech Mouse,Electronics,Accessories,2,1534.0,3068.0,2047.43,2023-10-16 23:01:00,"104 Street, Bangkok",Bangkok,In-Store,Consumer,Europe,Card,6.0,Rep_D,
1031,T1031,27in 4K Gaming Monitor,Electronics,Monitors,3,641.0,1923.0,1176.08,2023-03-04 15:22:00,"396 Street, Nairobi",Nairobi,In-Store,Consumer,Asia,Card,,Rep_B,
1032,T1032,MacBook Air,Electronics,Laptops,4,515.0,2060.0,1112.6,2023-08-09 08:25:00,"77 Street, Mumbai",Mumbai,In-Store,Corporate,South America,Transfer,9.0,Rep_B,
1033,T1033,iPhone 13,Electronics,Phones,3,1661.0,4983.0,4319.96,2023-09-07 21:51:00,"596 Street, Bangkok",Bangkok,In-Store,Small Business,South America,Card,7.0,Rep_A,
1034,T1034,Samsung Galaxy S21,Electronics,Phones,3,719.0,2157.0,1888.21,2023-01-22 11:16:00,"15 Street, Lagos",Lagos,Online,Corporate,Asia,Transfer,5.0,Rep_B,
1035,T1035,AirPods Pro,Electronics,Accessories,1,1326.0,1326.0,787.28,2023-01-16 01:46:00,"560 Street, Lagos",Lagos,In-Store,Consumer,Asia,Card,1.0,Rep_A,
1036,T1036,AirPods Pro,Electronics,Accessories,2,1224.0,2448.0,1602.1,2023-08-06 12:15:00,"557 Street, Jakarta",Jakarta,Wholesale,Consumer,South America,Transfer,8.0,Rep_B,
1037,T1037,Samsung Galaxy S21,Electronics,Phones,5,1989.0,9945.0,6288.77,2023-07-01 01:27:00,"249 Street, Cairo",Cairo,Wholesale,Corporate,Asia,Cash,3.0,Rep_C,
1038,T1038,Logitech Mouse,Electronics,Accessories,4,923.0,3692.0,2362.1,2023-07-21 22:36:00,"723 Street, Lagos",Lagos,In-Store,Consumer,South America,Cash,1.0,Rep_C,
1040,T1040,Logitech Mouse,Electronics,Accessories,3,108.0,324.0,169.83,2023-06-14 06:19:00,"162 Street, São Paulo",São Paulo,Wholesale,Small Business,Europe,Card,7.0,Rep_A,
1041,T1041,27in 4K Gaming Monitor,Electronics,Monitors,4,1496.0,5984.0,5169.75,2023-05-27 21:47:00,"687 Street, Mumbai",Mumbai,Online,Small Business,Africa,Cash,7.0,Rep_C,
1042,T1042,27in 4K Gaming Monitor,Electronics,Monitors,1,91.0,91.0,78.48,2023-09-30 16:13:00,"818 Street, Lagos",Lagos,In-Store,Consumer,South America,Cash,8.0,Rep_B,
1043,T1043,Samsung Galaxy S21,Electronics,Phones,4,1955.0,7820.0,5809.53,2023-05-03 18:30:00,"614 Street, Mumbai",Mumbai,Wholesale,Consumer,South America,Cash,4.0,Rep_A,
1044,T1044,Dell XPS 13,Electronics,Laptops,3,1095.0,3285.0,2861.64,2023-09-24 10:55:00,"38 Street, Bangkok",Bangkok,Online,Small Business,Africa,Card,8.0,Rep_B,
1046,T1046,AirPods Pro,Electronics,Accessories,2,1694.0,3388.0,2994.15,2023-03-24 10:04:00,"286 Street, Jakarta",Jakarta,Online,Corporate,Africa,Cash,6.0,Rep_D,
1047,T1047,iPhone 13,Electronics,Phones,4,1394.0,5576.0,4032.86,2023-11-24 10:58:00,"893 Street, Jakarta",Jakarta,Wholesale,Corporate,Africa,Cash,,Rep_D,
1048,T1048,AirPods Pro,Electronics,Accessories,4,1706.0,6824.0,4668.18,2023-05-13 22:36:00,"164 Street, Jakarta",Jakarta,Online,Corporate,South America,Transfer,6.0,Rep_C,
1049,T1049,Samsung Galaxy S21,Electronics,Phones,1,1462.0,1462.0,753.07,2023-11-05 17:07:00,"173 Street, Cairo",Cairo,Online,Small Business,Asia,Card,6.0,Rep_C,
1050,T1050,Logitech Mouse,Electronics,Accessories,4,627.0,2508.0,2075.02,2023-06-14 21:05:00,"854 Street, Lagos",Lagos,Wholesale,Corporate,Africa,Transfer,7.0,Rep_C,
1051,T1051,Samsung Galaxy S21,Electronics,Phones,3,312.0,936.0,834.35,2023-08-22 15:24:00,"24 Street, Nairobi",Nairobi,Wholesale,Corporate,Europe,Transfer,6.0,Rep_D,
1052,T1052,Dell XPS 13,Electronics,Laptops,1,323.0,323.0,175.43,2023-07-27 07:38:00,"124 Street, Mumbai",Mumbai,In-Store,Small Business,Europe,Transfer,4.0,Rep_A,
1053,T1053,iPhone 13,Electronics,Phones,2,496.0,992.0,591.71,2023-12-03 17:51:00,"328 Street, Cairo",Cairo,In-Store,Small Business,South America,Cash,9.0,Rep_A,
1054,T1054,iPhone 13,Electronics,Phones,4,1415.0,5660.0,4056.17,2023-06-12 02:33:00,"593 Street, Lagos",Lagos,Online,Corporate,Asia,Transfer,7.0,Rep_A,
1055,T1055,Dell XPS 13,Electronics,Laptops,1,127.0,127.0,97.48,2023-09-13 05:58:00,"424 Street, Cairo",Cairo,In-Store,Consumer,Africa,Cash,,Rep_C,
1056,T1056,AirPods Pro,Electronics,Accessories,3,1456.0,4368.0,2438.2,2023-07-13 13:55:00,"28 Street, Jakarta",Jakarta,Wholesale,Small Business,Asia,Card,2.0,Rep_B,
1057,T1057,MacBook Air,Electronics,Laptops,1,1448.0,1448.0,746.85,2023-09-17 23:19:00,"671 Street, São Paulo",São Paulo,Online,Corporate,Africa,Card,6.0,Rep_C,
1058,T1058,Logitech Mouse,Electronics,Accessories,5,1245.0,6225.0,3289.68,2023-06-27 23:24:00,"277 Street, São Paulo",São Paulo,In-Store,Corporate,South America,Card,5.0,Rep_D,
1059,T1059,MacBook Air,Electronics,Laptops,4,777.0,3108.0,2072.48,2023-09-09 21:15:00,"201 Street, Nairobi",Nairobi,Online,Consumer,Europe,Card,4.0,Rep_C,
1060,T1060,Samsung Galaxy S21,Electronics,Phones,2,1725.0,3450.0,2440.96,2023-09-05 16:51:00,"834 Street, Nairobi",Nairobi,In-Store,Corporate,Africa,Card,6.0,Rep_D,
1061,T1061,iPhone 13,Electronics,Phones,3,1530.0,4590.0,3074.19,2023-01-15 17:06:00,"104 Street, Jakarta",Jakarta,Online,Corporate,Europe,Transfer,2.0,Rep_B,
1062,T1062,AirPods Pro,Electronics,Accessories,2,413.0,826.0,707.4,2023-02-08 03:34:00,"36 Street, Jakarta",Jakarta,In-Store,Corporate,South America,Card,,Rep_C,
1064,T1064,Samsung Galaxy S21,Electronics,Phones,3,1608.0,4824.0,3417.84,2023-04-09 07:51:00,"112 Street, São Paulo",São Paulo,Wholesale,Corporate,Europe,Card,9.0,Rep_D,
1065,T1065,AirPods Pro,Electronics,Accessories,5,1509.0,7545.0,4772.1,2023-03-13 06:01:00,"62 Street, Cairo",Cairo,Online,Consumer,Africa,Card,6.0,Rep_A,
1066,T1066,MacBook Air,Electronics,Laptops,4,210.0,840.0,517.97,2023-04-16 02:36:00,"685 Street, Mumbai",Mumbai,Online,Consumer,South America,Cash,5.0,Rep_D,
1067,T1067,Dell XPS 13,Electronics,Laptops,1,418.0,418.0,241.39,2023-04-18 19:51:00,"584 Street, São Paulo",São Paulo,Wholesale,Small Business,South America,Transfer,3.0,Rep_A,
1068,T1068,Logitech Mouse,Electronics,Accessories,5,477.0,2385.0,1509.87,2023-03-06 06:43:00,"991 Street, Mumbai",Mumbai,Wholesale,Small Business,Europe,Cash,4.0,Rep_B,
1069,T1069,iPhone 13,Electronics,Phones,1,1232.0,1232.0,985.63,2023-06-04 12:40:00,"498 Street, Bangkok",Bangkok,Wholesale,Corporate,Africa,Cash,8.0,Rep_C,
1070,T1070,AirPods Pro,Electronics,Accessories,2,1427.0,2854.0,1440.43,2023-11-08 21:45:00,"747 Street, Mumbai",Mumbai,In-Store,Corporate,Asia,Transfer,7.0,Rep_A,
1071,T1071,AirPods Pro,Electronics,Accessories,5,1394.0,6970.0,3731.56,2023-08-24 04:40:00,"396 Street, Jakarta",Jakarta,Wholesale,Small Business,South America,Transfer,3.0,Rep_D,
1072,T1072,Samsung Galaxy S21,Electronics,Phones,5,922.0,4610.0,3190.56,2023-04-26 16:41:00,"502 Street, Cairo",Cairo,In-Store,Corporate,Asia,Cash,7.0,Rep_B,
1073,T1073,Dell XPS 13,Electronics,Laptops,4,1482.0,5928.0,3220.38,2023-11-21 05:22:00,"718 Street, Lagos",Lagos,In-Store,Small Business,Africa,Transfer,6.0,Rep_A,
1074,T1074,Samsung Galaxy S21,Electronics,Phones,4,499.0,1996.0,1622.76,2023-01-28 21:37:00,"736 Street, Lagos",Lagos,Online,Consumer,Africa,Card,3.0,Rep_B,
1075,T1075,Logitech Mouse,Electronics,Accessories,2,883.0,1766.0,885.53,2023-11-03 11:30:00,"858 Street, Cairo",Cairo,Online,Small Business,Asia,Transfer,2.0,Rep_A,
1076,T1076,AirPods Pro,Electronics,Accessories,5,1633.0,8165.0,6398.98,2023-12-29 23:33:00,"245 Street, Mumbai",Mumbai,Online,Consumer,Africa,Cash,7.0,Rep_B,
1077,T1077,iPhone 13,Electronics,Phones,5,98.0,490.0,327.81,2023-12-24 06:25:00,"416 Street, São Paulo",São Paulo,Online,Corporate,South America,Transfer,4.0,Rep_B,
1078,T1078,MacBook Air,Electronics,Laptops,4,939.0,3756.0,2379.22,2023-12-05 14:43:00,"50 Street, São Paulo",São Paulo,Online,Small Business,South America,Cash,4.0,Rep_B,
1079,T1079,Dell XPS 13,Electronics,Laptops,2,655.0,1310.0,893.67,2023-06-13 16:33:00,"78 Street, Mumbai",Mumbai,Wholesale,Corporate,Asia,Card,2.0,Rep_A,
1080,T1080,Dell XPS 13,Electronics,Laptops,1,1128.0,1128.0,909.24,2023-01-25 02:04:00,"794 Street, Nairobi",Nairobi,Online,Consumer,South America,Cash,6.0,Rep_A,
1081,T1081,Samsung Galaxy S21,Electronics,Phones,3,1816.0,5448.0,3558.81,2023-03-19 05:09:00,"462 Street, São Paulo",São Paulo,Wholesale,Consumer,South America,Transfer,5.0,Rep_D,
1082,T1082,Dell XPS 13,Electronics,Laptops,1,55.0,55.0,37.73,2023-10-26 14:34:00,"157 Street, Mumbai",Mumbai,Online,Corporate,South America,Card,3.0,Rep_C,
1083,T1083,AirPods Pro,Electronics,Accessories,1,1876.0,1876.0,1128.77,2023-08-21 10:20:00,"368 Street, São Paulo",São Paulo,Wholesale,Consumer,Asia,Transfer,5.0,Rep_B,
1084,T1084,AirPods Pro,Electronics,Accessories,4,1832.0,7328.0,5251.79,2023-05-29 07:43:00,"586 Street, Mumbai",Mumbai,Online,Consumer,Africa,Cash,9.0,Rep_C,
1085,T1085,iPhone 13,Electronics,Phones,1,1623.0,1623.0,914.63,2023-08-29 01:10:00,"23 Street, São Paulo",São Paulo,Wholesale,Small Business,Africa,Cash,2.0,Rep_B,
1086,T1086,Samsung Galaxy S21,Electronics,Phones,1,224.0,224.0,197.15,2023-07-12 19:03:00,"36 Street, São Paulo",São Paulo,In-Store,Corporate,Asia,Cash,7.0,Rep_B,
1087,T1087,MacBook Air,Electronics,Laptops,3,439.0,1317.0,894.63,2023-08-16 09:29:00,"766 Street, Bangkok",Bangkok,Wholesale,Consumer,South America,Card,4.0,Rep_A,
1088,T1088,Dell XPS 13,Electronics,Laptops,2,1845.0,3690.0,2070.46,2023-06-22 15:24:00,"669 Street, Cairo",Cairo,Wholesale,Small Business,Asia,Card,8.0,Rep_D,
1089,T1089,MacBook Air,Electronics,Laptops,2,988.0,1976.0,1638.3,2023-05-02 05:58:00,"354 Street, Jakarta",Jakarta,Online,Consumer,South America,Transfer,7.0,Rep_B,
1090,T1090,iPhone 13,Electronics,Phones,1,1024.0,1024.0,810.56,2023-03-28 18:44:00,"266 Street, Cairo",Cairo,Wholesale,Consumer,Europe,Transfer,2.0,Rep_C,
1092,T1092,MacBook Air,Electronics,Laptops,1,913.0,913.0,647.88,2023-02-19 14:45:00,"339 Street, Mumbai",Mumbai,Online,Small Business,South America,Transfer,6.0,Rep_D,
1093,T1093,Dell XPS 13,Electronics,Laptops,1,1447.0,1447.0,1005.52,2023-09-06 18:32:00,"669 Street, Bangkok",Bangkok,Wholesale,Small Business,Africa,Card,5.0,Rep_D,
1095,T1095,AirPods Pro,Electronics,Accessories,5,1076.0,5380.0,3048.41,2023-09-13 01:44:00,"279 Street, Mumbai",Mumbai,Online,Small Business,Asia,Transfer,,Rep_C,
1096,T1096,Dell XPS 13,Electronics,Laptops,3,1895.0,5685.0,3565.65,2023-03-01 08:23:00,"567 Street, Mumbai",Mumbai,Online,Small Business,Europe,Cash,8.0,Rep_A,
1097,T1097,Samsung Galaxy S21,Electronics,Phones,1,1611.0,1611.0,1255.6,2023-12-01 06:32:00,"952 Street, Nairobi",Nairobi,Wholesale,Corporate,Asia,Card,6.0,Rep_D,
1098,T1098,Logitech Mouse,Electronics,Accessories,2,1101.0,2202.0,1698.98,2023-02-07 03:10:00,"30 Street, Mumbai",Mumbai,Wholesale,Small Business,South America,Transfer,3.0,Rep_C,
1099,T1099,iPhone 13,Electronics,Phones,3,1062.0,3186.0,1647.96,2023-03-01 05:39:00,"180 Street, Jakarta",Jakarta,Online,Small Business,Europe,Transfer,6.0,Rep_D,
1100,T1100,Logitech Mouse,Electronics,Accessories,1,1572.0,1572.0,1158.33,2023-11-12 05:11:00,"756 Street, Nairobi",Nairobi,Wholesale,Corporate,South America,Cash,9.0,Rep_B,
1101,T1101,27in 4K Gaming Monitor,Electronics,Monitors,3,1328.0,3984.0,3371.15,2023-09-03 18:44:00,"366 Street, Lagos",Lagos,Wholesale,Corporate,Asia,Transfer,7.0,Rep_D,
1102,T1102,iPhone 13,Electronics,Phones,4,1533.0,6132.0,4807.56,2023-10-16 17:19:00,"351 Street, Mumbai",Mumbai,In-Store,Small Business,Asia,Card,,Rep_A,
1103,T1103,Dell XPS 13,Electronics,Laptops,5,90.0,450.0,378.05,2023-03-20 12:21:00,"450 Street, Bangkok",Bangkok,In-Store,Consumer,Africa,Transfer,6.0,Rep_B,
1104,T1104,Dell XPS 13,Electronics,Laptops,4,1862.0,7448.0,5062.44,2023-08-08 13:43:00,"84 Street, Mumbai",Mumbai,Wholesale,Corporate,Asia,Cash,7.0,Rep_D,
1105,T1105,Samsung Galaxy S21,Electronics,Phones,2,962.0,1924.0,1329.22,2023-10-27 16:52:00,"380 Street, Jakarta",Jakarta,Wholesale,Consumer,South America,Cash,6.0,Rep_B,
1106,T1106,iPhone 13,Electronics,Phones,5,1492.0,7460.0,5208.74,2023-01-13 21:27:00,"868 Street, Jakarta",Jakarta,In-Store,Small Business,Europe,Cash,,Rep_C,
1107,T1107,iPhone 13,Electronics,Phones,5,1563.0,7815.0,5974.74,2023-11-29 17:14:00,"43 Street, Mumbai",Mumbai,In-Store,Consumer,South America,Card,6.0,Rep_B,
1108,T1108,MacBook Air,Electronics,Laptops,5,992.0,4960.0,2757.89,2023-04-11 04:42:00,"185 Street, Lagos",Lagos,Wholesale,Small Business,Asia,Card,4.0,Rep_D,
1109,T1109,MacBook Air,Electronics,Laptops,2,394.0,788.0,396.05,2023-03-31 07:23:00,"271 Street, Mumbai",Mumbai,Online,Corporate,Europe,Transfer,1.0,Rep_D,
1110,T1110,iPhone 13,Electronics,Phones,4,771.0,3084.0,2303.49,2023-04-11 15:04:00,"244 Street, Mumbai",Mumbai,In-Store,Consumer,Asia,Cash,9.0,Rep_A,
1111,T1111,Samsung Galaxy S21,Electronics,Phones,1,1493.0,1493.0,1088.02,2023-08-09 00:07:00,"890 Street, Bangkok",Bangkok,Online,Corporate,South America,Cash,2.0,Rep_D,
1112,T1112,iPhone 13,Electronics,Phones,4,708.0,2832.0,2530.27,2023-06-16 09:46:00,"764 Street, Jakarta",Jakarta,In-Store,Consumer,South America,Transfer,4.0,Rep_D,
1113,T1113,AirPods Pro,Electronics,Accessories,2,73.0,146.0,105.99,2023-12-12 09:16:00,"770 Street, Mumbai",Mumbai,Wholesale,Corporate,Europe,Card,9.0,Rep_C,
1114,T1114,AirPods Pro,Electronics,Accessories,2,1321.0,2642.0,1757.96,2023-08-28 08:26:00,"81 Street, Cairo",Cairo,In-Store,Corporate,Asia,Cash,8.0,Rep_A,
1115,T1115,Samsung Galaxy S21,Electronics,Phones,3,1157.0,3471.0,3055.47,2023-10-08 08:58:00,"342 Street, Mumbai",Mumbai,Online,Small Business,Europe,Cash,6.0,Rep_B,
1116,T1116,Samsung Galaxy S21,Electronics,Phones,1,1502.0,1502.0,897.18,2023-11-12 09:01:00,"526 Street, Cairo",Cairo,Online,Small Business,Asia,Cash,5.0,Rep_A,
1117,T1117,MacBook Air,Electronics,Laptops,4,1809.0,7236.0,5723.38,2023-08-05 03:25:00,"387 Street, São Paulo",São Paulo,Online,Consumer,South America,Transfer,7.0,Rep_C,
1118,T1118,iPhone 13,Electronics,Phones,5,1732.0,8660.0,6193.91,2023-12-13 08:37:00,"857 Street, Cairo",Cairo,Online,Small Business,Asia,Card,9.0,Rep_C,
1119,T1119,iPhone 13,Electronics,Phones,2,895.0,1790.0,962.93,2023-10-03 09:09:00,"290 Street, Mumbai",Mumbai,Wholesale,Consumer,Africa,Cash,8.0,Rep_A,
1120,T1120,27in 4K Gaming Monitor,Electronics,Monitors,1,632.0,632.0,531.48,2023-10-26 17:24:00,"781 Street, Nairobi",Nairobi,Wholesale,Small Business,Africa,Transfer,4.0,Rep_A,
1121,T1121,Logitech Mouse,Electronics,Accessories,5,62.0,310.0,251.37,2023-12-28 07:55:00,"339 Street, Lagos",Lagos,Online,Corporate,Europe,Transfer,,Rep_B,
1124,T1124,Samsung Galaxy S21,Electronics,Phones,5,1450.0,7250.0,4276.96,2023-08-12 15:53:00,"799 Street, São Paulo",São Paulo,In-Store,Consumer,South America,Card,6.0,Rep_D,
1125,T1125,AirPods Pro,Electronics,Accessories,5,321.0,1605.0,1086.59,2023-02-15 01:28:00,"459 Street, Cairo",Cairo,Online,Consumer,Asia,Cash,6.0,Rep_D,
1126,T1126,MacBook Air,Electronics,Laptops,1,133.0,133.0,112.4,2023-06-06 08:04:00,"641 Street, São Paulo",São Paulo,Wholesale,Corporate,Africa,Card,1.0,Rep_A,
1127,T1127,MacBook Air,Electronics,Laptops,4,1887.0,7548.0,5720.76,2023-03-11 15:10:00,"679 Street, São Paulo",São Paulo,Wholesale,Corporate,Asia,Card,3.0,Rep_B,
1128,T1128,27in 4K Gaming Monitor,Electronics,Monitors,3,243.0,729.0,458.17,2023-10-08 02:34:00,"982 Street, Mumbai",Mumbai,In-Store,Corporate,Asia,Card,3.0,Rep_B,
1129,T1129,AirPods Pro,Electronics,Accessories,5,1017.0,5085.0,3898.1,2023-01-04 17:50:00,"122 Street, São Paulo",São Paulo,Wholesale,Consumer,South America,Cash,6.0,Rep_A,
1130,T1130,Dell XPS 13,Electronics,Laptops,1,108.0,108.0,58.6,2023-10-02 13:20:00,"805 Street, Bangkok",Bangkok,In-Store,Small Business,Asia,Card,9.0,Rep_A,
1131,T1131,Dell XPS 13,Electronics,Laptops,5,1600.0,8000.0,6734.74,2023-05-09 16:50:00,"214 Street, São Paulo",São Paulo,Online,Corporate,Africa,Card,7.0,Rep_D,
1132,T1132,Samsung Galaxy S21,Electronics,Phones,2,435.0,870.0,682.76,2023-07-08 08:13:00,"744 Street, São Paulo",São Paulo,In-Store,Corporate,Africa,Cash,5.0,Rep_A,
1133,T1133,Dell XPS 13,Electronics,Laptops,4,128.0,512.0,340.23,2023-11-08 16:11:00,"17 Street, Nairobi",Nairobi,In-Store,Consumer,South America,Cash,9.0,Rep_C,
1134,T1134,Logitech Mouse,Electronics,Accessories,2,478.0,956.0,801.51,2023-11-02 17:15:00,"135 Street, São Paulo",São Paulo,Online,Corporate,Europe,Cash,5.0,Rep_B,
1135,T1135,iPhone 13,Electronics,Phones,3,670.0,2010.0,1085.59,2023-05-12 12:50:00,"995 Street, Jakarta",Jakarta,Online,Consumer,Asia,Transfer,4.0,Rep_D,
1136,T1136,27in 4K Gaming Monitor,Electronics,Monitors,4,1636.0,6544.0,4016.81,2023-03-07 12:57:00,"158 Street, São Paulo",São Paulo,Online,Corporate,South America,Card,3.0,Rep_C,
1137,T1137,iPhone 13,Electronics,Phones,4,1106.0,4424.0,3087.28,2023-12-04 18:06:00,"728 Street, Nairobi",Nairobi,In-Store,Consumer,Asia,Card,7.0,Rep_D,
1138,T1138,Logitech Mouse,Electronics,Accessories,4,1559.0,6236.0,3518.04,2023-12-09 07:52:00,"843 Street, São Paulo",São Paulo,Wholesale,Consumer,Africa,Cash,8.0,Rep_A,
1139,T1139,Logitech Mouse,Electronics,Accessories,2,1188.0,2376.0,1289.11,2023-07-18 17:43:00,"528 Street, Jakarta",Jakarta,Online,Consumer,Europe,Transfer,2.0,Rep_B,
1140,T1140,MacBook Air,Electronics,Laptops,5,709.0,3545.0,2955.78,2023-04-16 00:37:00,"100 Street, Nairobi",Nairobi,Online,Corporate,Asia,Transfer,7.0,Rep_A,
1141,T1141,AirPods Pro,Electronics,Accessories,3,1201.0,3603.0,2078.27,2023-12-07 05:27:00,"548 Street, Mumbai",Mumbai,Online,Small Business,South America,Transfer,,Rep_A,
1142,T1142,MacBook Air,Electronics,Laptops,1,1532.0,1532.0,1324.73,2023-05-10 02:10:00,"419 Street, Cairo",Cairo,Wholesale,Small Business,Africa,Cash,9.0,Rep_D,
1143,T1143,Dell XPS 13,Electronics,Laptops,1,380.0,380.0,330.71,2023-07-16 09:41:00,"228 Street, Mumbai",Mumbai,Wholesale,Consumer,South America,Transfer,3.0,Rep_A,
1144,T1144,Dell XPS 13,Electronics,Laptops,2,688.0,1376.0,896.52,2023-10-15 17:37:00,"330 Street, Jakarta",Jakarta,Wholesale,Consumer,South America,Cash,1.0,Rep_D,
1145,T1145,iPhone 13,Electronics,Phones,3,1026.0,3078.0,2450.27,2023-09-07 13:58:00,"924 Street, Nairobi",Nairobi,Wholesale,Corporate,Europe,Cash,4.0,Rep_A,
1146,T1146,MacBook Air,Electronics,Laptops,1,838.0,838.0,538.63,2023-04-05 07:55:00,"667 Street, Jakarta",Jakarta,Online,Small Business,Africa,Transfer,9.0,Rep_C,
1147,T1147,27in 4K Gaming Monitor,Electronics,Monitors,5,676.0,3380.0,2838.14,2023-09-06 08:06:00,"371 Street, Mumbai",Mumbai,In-Store,Small Business,Africa,Cash,3.0,Rep_A,
1148,T1148,Samsung Galaxy S21,Electronics,Phones,3,260.0,780.0,560.52,2023-05-07 10:14:00,"87 Street, Nairobi",Nairobi,Wholesale,Corporate,Africa,Cash,3.0,Rep_C,
1149,T1149,Samsung Galaxy S21,Electronics,Phones,3,1733.0,5199.0,4423.64,2023-12-01 06:09:00,"254 Street, Bangkok",Bangkok,Online,Corporate,South America,Cash,7.0,Rep_C,
1150,T1150,Logitech Mouse,Electronics,Accessories,4,421.0,1684.0,1317.71,2023-02-22 01:03:00,"57 Street, Bangkok",Bangkok,In-Store,Corporate,Europe,Cash,,Rep_A,
1151,T1151,Samsung Galaxy S21,Electronics,Phones,4,1648.0,6592.0,3337.32,2023-10-09 11:11:00,"220 Street, Jakarta",Jakarta,Online,Small Business,Asia,Card,4.0,Rep_D,
1152,T1152,Dell XPS 13,Electronics,Laptops,3,1243.0,3729.0,3243.21,2023-04-30 08:33:00,"889 Street, Nairobi",Nairobi,In-Store,Small Business,Asia,Card,,Rep_C,
1153,T1153,Logitech Mouse,Electronics,Accessories,1,1603.0,1603.0,1147.33,2023-09-18 17:47:00,"842 Street, Bangkok",Bangkok,Wholesale,Small Business,Asia,Cash,1.0,Rep_D,
1154,T1154,iPhone 13,Electronics,Phones,5,83.0,415.0,332.83,2023-12-14 05:21:00,"527 Street, Bangkok",Bangkok,Wholesale,Corporate,Europe,Card,,Rep_D,
1155,T1155,27in 4K Gaming Monitor,Electronics,Monitors,5,552.0,2760.0,1967.71,2023-10-15 20:03:00,"962 Street, Mumbai",Mumbai,Online,Small Business,Europe,Card,,Rep_B,
1156,T1156,AirPods Pro,Electronics,Accessories,4,339.0,1356.0,826.53,2023-06-07 12:26:00,"419 Street, Lagos",Lagos,Online,Corporate,Africa,Card,8.0,Rep_B,
1157,T1157,Dell XPS 13,Electronics,Laptops,4,422.0,1688.0,1222.11,2023-01-23 07:48:00,"873 Street, Cairo",Cairo,Online,Corporate,South America,Transfer,3.0,Rep_B,
1158,T1158,Dell XPS 13,Electronics,Laptops,4,1695.0,6780.0,5373.41,2023-03-04 03:13:00,"408 Street, Cairo",Cairo,Online,Corporate,South America,Transfer,9.0,Rep_A,
1159,T1159,27in 4K Gaming Monitor,Electronics,Monitors,3,256.0,768.0,578.79,2023-11-26 17:32:00,"891 Street, Nairobi",Nairobi,In-Store,Consumer,South America,Transfer,4.0,Rep_A,
1160,T1160,Samsung Galaxy S21,Electronics,Phones,4,349.0,1396.0,1216.32,2023-12-18 15:31:00,"888 Street, Cairo",Cairo,Online,Consumer,South America,Cash,3.0,Rep_D,
1161,T1161,Samsung Galaxy S21,Electronics,Phones,3,70.0,210.0,158.89,2023-03-14 00:11:00,"390 Street, Nairobi",Nairobi,Wholesale,Consumer,Asia,Cash,2.0,Rep_C,
1162,T1162,Logitech Mouse,Electronics,Accessories,3,475.0,1425.0,1033.52,2023-05-28 20:01:00,"90 Street, Lagos",Lagos,Online,Corporate,Europe,Card,7.0,Rep_C,
1163,T1163,Samsung Galaxy S21,Electronics,Phones,4,674.0,2696.0,1438.9,2023-02-24 16:33:00,"499 Street, Mumbai",Mumbai,Online,Small Business,Asia,Cash,7.0,Rep_A,
1164,T1164,Dell XPS 13,Electronics,Laptops,4,348.0,1392.0,927.44,2023-10-31 14:04:00,"925 Street, Cairo",Cairo,Wholesale,Corporate,South America,Card,,Rep_B,
1165,T1165,Dell XPS 13,Electronics,Laptops,4,1249.0,4996.0,4300.95,2023-12-18 09:39:00,"654 Street, Nairobi",Nairobi,Online,Corporate,Asia,Card,,Rep_B,
1166,T1166,Samsung Galaxy S21,Electronics,Phones,2,320.0,640.0,373.9,2023-11-28 09:45:00,"244 Street, Nairobi",Nairobi,Wholesale,Corporate,Africa,Transfer,6.0,Rep_A,
1167,T1167,iPhone 13,Electronics,Phones,1,288.0,288.0,166.98,2023-09-03 07:23:00,"367 Street, Mumbai",Mumbai,Online,Small Business,Europe,Cash,6.0,Rep_A,
1168,T1168,AirPods Pro,Electronics,Accessories,2,495.0,990.0,576.87,2023-07-17 14:35:00,"261 Street, Lagos",Lagos,In-Store,Corporate,Asia,Transfer,2.0,Rep_A,
1169,T1169,27in 4K Gaming Monitor,Electronics,Monitors,5,1334.0,6670.0,5350.24,2023-03-10 05:26:00,"349 Street, Nairobi",Nairobi,Online,Corporate,South America,Card,,Rep_C,
1170,T1170,27in 4K Gaming Monitor,Electronics,Monitors,5,1469.0,7345.0,5614.9,2023-07-11 22:44:00,"785 Street, Nairobi",Nairobi,Wholesale,Corporate,Africa,Card,,Rep_C,
1171,T1171,27in 4K Gaming Monitor,Electronics,Monitors,3,1858.0,5574.0,3014.27,2023-12-09 05:27:00,"766 Street, Lagos",Lagos,In-Store,Consumer,Africa,Transfer,8.0,Rep_B,
1172,T1172,AirPods Pro,Electronics,Accessories,5,1736.0,8680.0,7103.62,2023-06-26 00:38:00,"301 Street, Lagos",Lagos,Wholesale,Small Business,Asia,Transfer,5.0,Rep_C,
1173,T1173,Logitech Mouse,Electronics,Accessories,3,263.0,789.0,482.69,2023-03-08 04:08:00,"211 Street, Cairo",Cairo,In-Store,Small Business,Asia,Cash,6.0,Rep_C,
1174,T1174,MacBook Air,Electronics,Laptops,5,1036.0,5180.0,4355.79,2023-11-01 10:46:00,"721 Street, Jakarta",Jakarta,Wholesale,Small Business,Africa,Cash,7.0,Rep_D,
1175,T1175,Samsung Galaxy S21,Electronics,Phones,5,1074.0,5370.0,4466.11,2023-03-10 18:07:00,"492 Street, Jakarta",Jakarta,In-Store,Corporate,Asia,Card,4.0,Rep_A,
1176,T1176,27in 4K Gaming Monitor,Electronics,Monitors,3,1150.0,3450.0,3012.1,2023-01-30 06:46:00,"144 Street, Bangkok",Bangkok,In-Store,Consumer,Europe,Transfer,7.0,Rep_A,
1177,T1177,Dell XPS 13,Electronics,Laptops,5,814.0,4070.0,3018.7,2023-01-07 17:45:00,"302 Street, Bangkok",Bangkok,In-Store,Small Business,Europe,Card,6.0,Rep_A,
1178,T1178,iPhone 13,Electronics,Phones,2,1643.0,3286.0,2092.93,2023-07-26 19:21:00,"565 Street, Lagos",Lagos,In-Store,Small Business,South America,Cash,8.0,Rep_A,
1179,T1179,MacBook Air,Electronics,Laptops,2,1736.0,3472.0,2161.8,2023-05-17 16:06:00,"65 Street, São Paulo",São Paulo,Wholesale,Small Business,Africa,Card,4.0,Rep_B,
1181,T1181,iPhone 13,Electronics,Phones,2,332.0,664.0,539.06,2023-04-23 19:14:00,"859 Street, Lagos",Lagos,Wholesale,Corporate,Asia,Cash,2.0,Rep_D,
1183,T1183,Logitech Mouse,Electronics,Accessories,5,1973.0,9865.0,5582.29,2023-06-27 07:33:00,"351 Street, Nairobi",Nairobi,Online,Corporate,Europe,Cash,8.0,Rep_A,
1184,T1184,27in 4K Gaming Monitor,Electronics,Monitors,4,1148.0,4592.0,4043.91,2023-07-14 11:29:00,"445 Street, Jakarta",Jakarta,Wholesale,Consumer,Asia,Card,1.0,Rep_A,
1185,T1185,Dell XPS 13,Electronics,Laptops,4,1777.0,7108.0,5412.42,2023-08-03 14:26:00,"623 Street, Jakarta",Jakarta,Wholesale,Corporate,Asia,Transfer,7.0,Rep_A,
1186,T1186,Logitech Mouse,Electronics,Accessories,4,1308.0,5232.0,3126.84,2023-02-07 00:13:00,"117 Street, Bangkok",Bangkok,Wholesale,Consumer,South America,Card,8.0,Rep_D,
1187,T1187,AirPods Pro,Electronics,Accessories,2,347.0,694.0,384.54,2023-02-18 13:45:00,"780 Street, Mumbai",Mumbai,In-Store,Consumer,Africa,Cash,2.0,Rep_D,
1188,T1188,Samsung Galaxy S21,Electronics,Phones,1,443.0,443.0,343.53,2023-02-22 00:23:00,"473 Street, Mumbai",Mumbai,Online,Corporate,Europe,Transfer,2.0,Rep_D,
1189,T1189,27in 4K Gaming Monitor,Electronics,Monitors,4,1531.0,6124.0,4561.35,2023-05-30 22:51:00,"410 Street, Nairobi",Nairobi,In-Store,Corporate,Asia,Cash,4.0,Rep_B,
1190,T1190,iPhone 13,Electronics,Phones,1,344.0,344.0,293.25,2023-07-17 03:14:00,"261 Street, Lagos",Lagos,Online,Corporate,Asia,Cash,9.0,Rep_D,
1191,T1191,AirPods Pro,Electronics,Accessories,4,59.0,236.0,157.34,2023-01-24 13:40:00,"109 Street, Bangkok",Bangkok,Online,Corporate,Africa,Transfer,7.0,Rep_B,
1192,T1192,AirPods Pro,Electronics,Accessories,3,1451.0,4353.0,2640.52,2023-03-26 09:32:00,"308 Street, Mumbai",Mumbai,In-Store,Small Business,Europe,Card,7.0,Rep_A,
1193,T1193,Dell XPS 13,Electronics,Laptops,5,1525.0,7625.0,4940.78,2023-07-09 19:40:00,"978 Street, Cairo",Cairo,In-Store,Small Business,South America,Card,1.0,Rep_A,
1194,T1194,AirPods Pro,Electronics,Accessories,2,1505.0,3010.0,2451.1,2023-08-07 21:50:00,"39 Street, Jakarta",Jakarta,Wholesale,Consumer,Asia,Card,8.0,Rep_A,
1195,T1195,Logitech Mouse,Electronics,Accessories,5,1272.0,6360.0,3225.04,2023-10-12 09:31:00,"393 Street, São Paulo",São Paulo,In-Store,Small Business,South America,Transfer,8.0,Rep_C,
1196,T1196,iPhone 13,Electronics,Phones,4,1613.0,6452.0,5561.85,2023-08-11 00:51:00,"704 Street, Mumbai",Mumbai,Online,Corporate,South America,Card,9.0,Rep_A,
1197,T1197,AirPods Pro,Electronics,Accessories,1,166.0,166.0,128.58,2023-03-21 05:47:00,"116 Street, Mumbai",Mumbai,Online,Consumer,South America,Cash,9.0,Rep_D,
1198,T1198,Logitech Mouse,Electronics,Accessories,5,859.0,4295.0,3195.25,2023-03-12 05:12:00,"783 Street, Mumbai",Mumbai,Online,Small Business,Europe,Card,5.0,Rep_B,
1199,T1199,Dell XPS 13,Electronics,Laptops,4,1299.0,5196.0,3431.24,2023-06-22 19:28:00,"157 Street, Cairo",Cairo,Wholesale,Small Business,Europe,Transfer,2.0,Rep_A,
1200,T1200,Samsung Galaxy S21,Electronics,Phones,3,1211.0,3633.0,3219.04,2023-11-03 00:17:00,"320 Street, Nairobi",Nairobi,Online,Corporate,Asia,Transfer,1.0,Rep_C,
1201,T1201,27in 4K Gaming Monitor,Electronics,Monitors,4,704.0,2816.0,2020.24,2023-02-01 13:53:00,"763 Street, Nairobi",Nairobi,Wholesale,Small Business,Africa,Cash,7.0,Rep_B,
1202,T1202,Logitech Mouse,Electronics,Accessories,3,974.0,2922.0,2194.66,2023-03-12 03:28:00,"113 Street, Jakarta",Jakarta,In-Store,Small Business,Asia,Card,7.0,Rep_D,
1203,T1203,Logitech Mouse,Electronics,Accessories,2,1891.0,3782.0,3035.4,2023-08-20 10:55:00,"944 Street, Nairobi",Nairobi,Online,Small Business,Asia,Card,4.0,Rep_D,
1204,T1204,Logitech Mouse,Electronics,Accessories,5,1107.0,5535.0,3264.25,2023-09-17 11:49:00,"24 Street, Lagos",Lagos,In-Store,Consumer,Asia,Transfer,9.0,Rep_A,
1205,T1205,iPhone 13,Electronics,Phones,2,235.0,470.0,319.72,2023-07-27 04:18:00,"282 Street, Nairobi",Nairobi,Wholesale,Consumer,Asia,Card,8.0,Rep_D,
1206,T1206,Dell XPS 13,Electronics,Laptops,1,1630.0,1630.0,1311.21,2023-01-15 04:49:00,"852 Street, Jakarta",Jakarta,Wholesale,Small Business,South America,Cash,5.0,Rep_C,
1207,T1207,iPhone 13,Electronics,Phones,3,270.0,810.0,544.98,2023-09-17 10:28:00,"897 Street, Cairo",Cairo,Online,Small Business,Africa,Transfer,5.0,Rep_C,
1208,T1208,MacBook Air,Electronics,Laptops,1,1321.0,1321.0,679.93,2023-10-18 17:51:00,"931 Street, Lagos",Lagos,Online,Small Business,Europe,Cash,7.0,Rep_B,
1209,T1209,AirPods Pro,Electronics,Accessories,5,1236.0,6180.0,3693.74,2023-05-22 03:26:00,"669 Street, Lagos",Lagos,Wholesale,Small Business,Africa,Card,6.0,Rep_A,
1210,T1210,Samsung Galaxy S21,Electronics,Phones,1,1654.0,1654.0,1354.29,2023-10-25 16:29:00,"695 Street, Bangkok",Bangkok,Online,Corporate,Asia,Transfer,8.0,Rep_B,
1211,T1211,AirPods Pro,Electronics,Accessories,3,211.0,633.0,542.17,2023-03-14 04:50:00,"259 Street, Nairobi",Nairobi,Wholesale,Corporate,Asia,Cash,,Rep_D,
1212,T1212,Dell XPS 13,Electronics,Laptops,4,465.0,1860.0,1524.43,2023-12-21 21:23:00,"118 Street, Cairo",Cairo,Wholesale,Corporate,Asia,Card,,Rep_D,
1213,T1213,iPhone 13,Electronics,Phones,1,752.0,752.0,613.99,2023-02-15 12:09:00,"288 Street, Cairo",Cairo,Wholesale,Consumer,South America,Card,2.0,Rep_D,
1214,T1214,iPhone 13,Electronics,Phones,3,759.0,2277.0,1485.61,2023-10-21 12:57:00,"32 Street, Nairobi",Nairobi,Wholesale,Corporate,Africa,Card,8.0,Rep_A,
1215,T1215,MacBook Air,Electronics,Laptops,3,1823.0,5469.0,2953.63,2023-12-25 09:35:00,"114 Street, Jakarta",Jakarta,Online,Corporate,Africa,Card,3.0,Rep_C,
1216,T1216,iPhone 13,Electronics,Phones,2,654.0,1308.0,972.47,2023-08-11 16:09:00,"233 Street, Bangkok",Bangkok,In-Store,Small Business,Asia,Transfer,5.0,Rep_C,
1218,T1218,Logitech Mouse,Electronics,Accessories,1,194.0,194.0,129.29,2023-09-03 22:58:00,"866 Street, Jakarta",Jakarta,In-Store,Small Business,South America,Transfer,2.0,Rep_D,
1219,T1219,Dell XPS 13,Electronics,Laptops,1,399.0,399.0,350.74,2023-10-08 05:57:00,"393 Street, São Paulo",São Paulo,Wholesale,Small Business,Europe,Transfer,9.0,Rep_A,
1220,T1220,MacBook Air,Electronics,Laptops,5,381.0,1905.0,1626.96,2023-12-25 18:19:00,"283 Street, Jakarta",Jakarta,In-Store,Corporate,Europe,Card,,Rep_C,
1221,T1221,Logitech Mouse,Electronics,Accessories,1,1528.0,1528.0,975.22,2023-12-16 01:12:00,"466 Street, Jakarta",Jakarta,Wholesale,Corporate,Europe,Cash,,Rep_A,
1223,T1223,Samsung Galaxy S21,Electronics,Phones,5,1878.0,9390.0,5149.78,2023-07-08 02:19:00,"786 Street, Cairo",Cairo,Online,Small Business,Africa,Card,5.0,Rep_A,
1224,T1224,Dell XPS 13,Electronics,Laptops,3,667.0,2001.0,1104.53,2023-06-30 20:20:00,"275 Street, Lagos",Lagos,In-Store,Consumer,Asia,Transfer,2.0,Rep_D,
1225,T1225,Dell XPS 13,Electronics,Laptops,1,1001.0,1001.0,684.15,2023-07-30 16:00:00,"948 Street, Lagos",Lagos,In-Store,Consumer,South America,Card,1.0,Rep_C,
1226,T1226,AirPods Pro,Electronics,Accessories,2,1048.0,2096.0,1143.82,2023-07-15 11:44:00,"757 Street, Bangkok",Bangkok,In-Store,Consumer,South America,Transfer,7.0,Rep_D,
1227,T1227,Dell XPS 13,Electronics,Laptops,2,1383.0,2766.0,2389.51,2023-12-31 22:53:00,"171 Street, Mumbai",Mumbai,Wholesale,Consumer,Africa,Card,7.0,Rep_D,
1228,T1228,Samsung Galaxy S21,Electronics,Phones,3,1218.0,3654.0,3132.25,2023-12-03 10:04:00,"298 Street, São Paulo",São Paulo,In-Store,Corporate,Europe,Transfer,3.0,Rep_D,
1229,T1229,Samsung Galaxy S21,Electronics,Phones,2,1839.0,3678.0,2641.63,2023-08-02 11:22:00,"905 Street, Jakarta",Jakarta,Online,Corporate,South America,Transfer,9.0,Rep_C,
1230,T1230,AirPods Pro,Electronics,Accessories,4,850.0,3400.0,2597.25,2023-10-13 11:08:00,"657 Street, Bangkok",Bangkok,Online,Small Business,Europe,Card,3.0,Rep_A,
1231,T1231,Logitech Mouse,Electronics,Accessories,3,914.0,2742.0,1617.82,2023-04-16 01:25:00,"145 Street, Jakarta",Jakarta,Wholesale,Consumer,Europe,Card,8.0,Rep_D,
1232,T1232,Dell XPS 13,Electronics,Laptops,5,309.0,1545.0,1098.43,2023-12-13 23:35:00,"70 Street, Bangkok",Bangkok,Wholesale,Consumer,Asia,Cash,7.0,Rep_A,
1233,T1233,27in 4K Gaming Monitor,Electronics,Monitors,4,993.0,3972.0,3283.18,2023-07-24 07:56:00,"944 Street, Cairo",Cairo,Online,Small Business,Europe,Cash,4.0,Rep_D,
1234,T1234,Logitech Mouse,Electronics,Accessories,4,161.0,644.0,532.69,2023-06-14 14:25:00,"238 Street, Cairo",Cairo,In-Store,Consumer,Africa,Card,7.0,Rep_B,
1235,T1235,AirPods Pro,Electronics,Accessories,2,1071.0,2142.0,1858.85,2023-06-16 06:06:00,"46 Street, Lagos",Lagos,Online,Corporate,Asia,Card,,Rep_B,
1236,T1236,MacBook Air,Electronics,Laptops,2,1489.0,2978.0,1996.98,2023-05-01 15:39:00,"15 Street, São Paulo",São Paulo,Wholesale,Small Business,Europe,Transfer,9.0,Rep_A,
1237,T1237,Dell XPS 13,Electronics,Laptops,5,427.0,2135.0,1742.37,2023-01-24 07:13:00,"70 Street, Nairobi",Nairobi,Online,Corporate,South America,Card,9.0,Rep_D,
1238,T1238,AirPods Pro,Electronics,Accessories,1,499.0,499.0,436.82,2023-02-01 23:23:00,"728 Street, São Paulo",São Paulo,Online,Corporate,South America,Card,,Rep_B,
1239,T1239,Dell XPS 13,Electronics,Laptops,2,197.0,394.0,271.73,2023-02-27 07:43:00,"748 Street, Jakarta",Jakarta,In-Store,Consumer,Africa,Card,1.0,Rep_B,
1240,T1240,Logitech Mouse,Electronics,Accessories,1,531.0,531.0,369.71,2023-06-21 03:12:00,"558 Street, Lagos",Lagos,In-Store,Consumer,South America,Card,7.0,Rep_B,
1241,T1241,AirPods Pro,Electronics,Accessories,4,1973.0,7892.0,5980.6,2023-12-07 23:14:00,"153 Street, Nairobi",Nairobi,Online,Consumer,Africa,Cash,1.0,Rep_B,
1242,T1242,27in 4K Gaming Monitor,Electronics,Monitors,5,180.0,900.0,651.86,2023-09-20 10:23:00,"741 Street, Lagos",Lagos,Online,Corporate,Asia,Transfer,7.0,Rep_D,
1243,T1243,Logitech Mouse,Electronics,Accessories,3,637.0,1911.0,1129.41,2023-06-07 13:11:00,"75 Street, Bangkok",Bangkok,In-Store,Corporate,South America,Card,2.0,Rep_D,
1244,T1244,MacBook Air,Electronics,Laptops,3,278.0,834.0,498.63,2023-10-17 05:22:00,"958 Street, Nairobi",Nairobi,In-Store,Consumer,South America,Cash,1.0,Rep_C,
1245,T1245,AirPods Pro,Electronics,Accessories,2,84.0,168.0,138.81,2023-01-07 12:26:00,"356 Street, Cairo",Cairo,Online,Corporate,South America,Card,6.0,Rep_C,
1246,T1246,Samsung Galaxy S21,Electronics,Phones,3,530.0,1590.0,1272.87,2023-04-13 08:39:00,"14 Street, Nairobi",Nairobi,Online,Small Business,Asia,Transfer,5.0,Rep_D,
1248,T1248,Samsung Galaxy S21,Electronics,Phones,5,716.0,3580.0,2070.98,2023-07-11 20:23:00,"108 Street, Cairo",Cairo,Online,Consumer,Africa,Cash,1.0,Rep_D,
1249,T1249,MacBook Air,Electronics,Laptops,1,930.0,930.0,789.85,2023-01-25 03:50:00,"876 Street, São Paulo",São Paulo,Online,Small Business,Europe,Card,9.0,Rep_C,
1250,T1250,MacBook Air,Electronics,Laptops,5,1158.0,5790.0,3223.48,2023-03-13 19:26:00,"341 Street, São Paulo",São Paulo,Wholesale,Corporate,Asia,Transfer,7.0,Rep_B,
1251,T1251,Samsung Galaxy S21,Electronics,Phones,5,1018.0,5090.0,4472.67,2023-05-13 10:14:00,"525 Street, Cairo",Cairo,Online,Corporate,Europe,Card,7.0,Rep_A,
1252,T1252,27in 4K Gaming Monitor,Electronics,Monitors,2,1103.0,2206.0,1580.35,2023-12-06 06:02:00,"399 Street, Jakarta",Jakarta,Online,Consumer,South America,Transfer,,Rep_A,
1253,T1253,MacBook Air,Electronics,Laptops,1,1824.0,1824.0,1295.66,2023-04-05 18:12:00,"406 Street, Nairobi",Nairobi,In-Store,Small Business,South America,Transfer,2.0,Rep_A,
1254,T1254,Dell XPS 13,Electronics,Laptops,1,1820.0,1820.0,1102.37,2023-06-22 01:13:00,"447 Street, Lagos",Lagos,In-Store,Small Business,South America,Card,5.0,Rep_D,
1255,T1255,MacBook Air,Electronics,Laptops,3,183.0,549.0,439.01,2023-12-17 10:21:00,"159 Street, Bangkok",Bangkok,In-Store,Corporate,Europe,Card,8.0,Rep_C,
1258,T1258,AirPods Pro,Electronics,Accessories,2,997.0,1994.0,1403.68,2023-11-27 00:35:00,"678 Street, Bangkok",Bangkok,In-Store,Corporate,South America,Transfer,6.0,Rep_C,
1259,T1259,Dell XPS 13,Electronics,Laptops,2,1044.0,2088.0,1821.21,2023-06-20 11:02:00,"998 Street, Cairo",Cairo,Wholesale,Consumer,Asia,Transfer,6.0,Rep_B,
1260,T1260,Logitech Mouse,Electronics,Accessories,3,728.0,2184.0,1445.21,2023-09-25 19:23:00,"360 Street, Lagos",Lagos,Wholesale,Consumer,Europe,Transfer,,Rep_B,
1261,T1261,iPhone 13,Electronics,Phones,2,1282.0,2564.0,1335.04,2023-01-24 01:34:00,"979 Street, São Paulo",São Paulo,Online,Consumer,South America,Transfer,,Rep_C,
1262,T1262,MacBook Air,Electronics,Laptops,5,863.0,4315.0,3252.11,2023-11-03 20:41:00,"850 Street, Bangkok",Bangkok,In-Store,Corporate,Africa,Cash,5.0,Rep_A,
1263,T1263,27in 4K Gaming Monitor,Electronics,Monitors,2,1858.0,3716.0,2838.13,2023-10-04 17:59:00,"654 Street, Cairo",Cairo,Online,Corporate,Europe,Card,3.0,Rep_C,
1264,T1264,27in 4K Gaming Monitor,Electronics,Monitors,2,1365.0,2730.0,1842.88,2023-10-25 00:31:00,"687 Street, Bangkok",Bangkok,Wholesale,Consumer,Asia,Card,7.0,Rep_B,
1265,T1265,iPhone 13,Electronics,Phones,2,862.0,1724.0,1381.22,2023-10-29 19:53:00,"21 Street, Cairo",Cairo,Online,Corporate,Africa,Card,3.0,Rep_C,
1266,T1266,Logitech Mouse,Electronics,Accessories,2,148.0,296.0,216.59,2023-03-24 20:23:00,"930 Street, Cairo",Cairo,Wholesale,Consumer,South America,Card,9.0,Rep_B,
1267,T1267,AirPods Pro,Electronics,Accessories,1,1708.0,1708.0,1010.97,2023-06-05 09:44:00,"67 Street, Mumbai",Mumbai,Wholesale,Small Business,Asia,Transfer,2.0,Rep_A,
1268,T1268,Logitech Mouse,Electronics,Accessories,5,1522.0,7610.0,4280.61,2023-11-16 16:07:00,"160 Street, Nairobi",Nairobi,Wholesale,Corporate,Asia,Transfer,8.0,Rep_A,
1269,T1269,AirPods Pro,Electronics,Accessories,3,1593.0,4779.0,2415.61,2023-02-16 17:21:00,"370 Street, Cairo",Cairo,In-Store,Small Business,South America,Transfer,3.0,Rep_C,
1270,T1270,Logitech Mouse,Electronics,Accessories,5,213.0,1065.0,899.22,2023-05-13 19:24:00,"434 Street, Mumbai",Mumbai,Wholesale,Corporate,South America,Transfer,8.0,Rep_A,
1271,T1271,AirPods Pro,Electronics,Accessories,1,523.0,523.0,350.34,2023-08-06 22:54:00,"383 Street, Jakarta",Jakarta,Online,Corporate,Europe,Transfer,6.0,Rep_B,
1272,T1272,Samsung Galaxy S21,Electronics,Phones,2,342.0,684.0,537.38,2023-01-29 22:32:00,"937 Street, Bangkok",Bangkok,Online,Corporate,Asia,Transfer,7.0,Rep_A,
1273,T1273,iPhone 13,Electronics,Phones,1,583.0,583.0,364.07,2023-11-24 04:30:00,"557 Street, Bangkok",Bangkok,Online,Small Business,Africa,Transfer,8.0,Rep_C,
1274,T1274,Logitech Mouse,Electronics,Accessories,5,1678.0,8390.0,7468.57,2023-03-22 22:22:00,"386 Street, Cairo",Cairo,In-Store,Consumer,South America,Cash,3.0,Rep_D,
1275,T1275,iPhone 13,Electronics,Phones,2,564.0,1128.0,952.91,2023-01-10 13:49:00,"986 Street, Bangkok",Bangkok,Wholesale,Corporate,South America,Cash,9.0,Rep_A,
1276,T1276,Dell XPS 13,Electronics,Laptops,1,1411.0,1411.0,895.2,2023-01-17 15:07:00,"808 Street, Mumbai",Mumbai,Online,Consumer,Europe,Card,9.0,Rep_C,
1277,T1277,Dell XPS 13,Electronics,Laptops,1,164.0,164.0,95.92,2023-12-15 10:59:00,"302 Street, Jakarta",Jakarta,Wholesale,Consumer,Asia,Card,1.0,Rep_D,
1278,T1278,MacBook Air,Electronics,Laptops,4,123.0,492.0,264.71,2023-12-02 08:03:00,"824 Street, Lagos",Lagos,Wholesale,Consumer,Africa,Cash,,Rep_C,
1279,T1279,27in 4K Gaming Monitor,Electronics,Monitors,1,1956.0,1956.0,1500.53,2023-03-06 00:38:00,"670 Street, Mumbai",Mumbai,In-Store,Consumer,Asia,Transfer,6.0,Rep_D,
1280,T1280,Samsung Galaxy S21,Electronics,Phones,4,1288.0,5152.0,4616.68,2023-07-28 20:14:00,"375 Street, Nairobi",Nairobi,Wholesale,Consumer,Africa,Transfer,1.0,Rep_A,
1281,T1281,Logitech Mouse,Electronics,Accessories,2,1376.0,2752.0,1507.27,2023-03-27 08:20:00,"959 Street, Mumbai",Mumbai,In-Store,Consumer,South America,Cash,8.0,Rep_B,
1282,T1282,iPhone 13,Electronics,Phones,1,636.0,636.0,482.45,2023-05-23 02:35:00,"988 Street, Jakarta",Jakarta,Online,Corporate,Asia,Transfer,4.0,Rep_C,
1283,T1283,Samsung Galaxy S21,Electronics,Phones,1,207.0,207.0,104.45,2023-07-21 20:31:00,"579 Street, Nairobi",Nairobi,Online,Corporate,Asia,Cash,1.0,Rep_C,
1284,T1284,MacBook Air,Electronics,Laptops,3,1732.0,5196.0,3025.58,2023-12-13 15:29:00,"379 Street, São Paulo",São Paulo,Online,Small Business,South America,Cash,2.0,Rep_D,
1285,T1285,AirPods Pro,Electronics,Accessories,1,1937.0,1937.0,1526.1,2023-05-16 21:41:00,"814 Street, São Paulo",São Paulo,Wholesale,Consumer,South America,Cash,5.0,Rep_D,
1286,T1286,AirPods Pro,Electronics,Accessories,5,1652.0,8260.0,5651.25,2023-03-23 07:30:00,"278 Street, Lagos",Lagos,Online,Corporate,Europe,Cash,8.0,Rep_B,
1287,T1287,MacBook Air,Electronics,Laptops,3,689.0,2067.0,1574.75,2023-08-09 22:32:00,"338 Street, Nairobi",Nairobi,Wholesale,Small Business,Asia,Card,,Rep_D,
1288,T1288,MacBook Air,Electronics,Laptops,3,397.0,1191.0,790.26,2023-08-14 06:18:00,"633 Street, Jakarta",Jakarta,In-Store,Small Business,Asia,Cash,7.0,Rep_C,
1289,T1289,AirPods Pro,Electronics,Accessories,1,1328.0,1328.0,1095.35,2023-06-09 04:40:00,"242 Street, Lagos",Lagos,Wholesale,Corporate,Asia,Card,1.0,Rep_B,
1290,T1290,MacBook Air,Electronics,Laptops,1,1115.0,1115.0,779.03,2023-01-02 18:37:00,"617 Street, São Paulo",São Paulo,Online,Small Business,Asia,Transfer,9.0,Rep_C,
1291,T1291,iPhone 13,Electronics,Phones,4,1200.0,4800.0,3354.97,2023-08-14 23:32:00,"493 Street, São Paulo",São Paulo,Online,Consumer,South America,Cash,5.0,Rep_C,
1292,T1292,Dell XPS 13,Electronics,Laptops,3,1414.0,4242.0,2401.52,2023-07-09 19:34:00,"789 Street, Bangkok",Bangkok,Online,Consumer,South America,Cash,7.0,Rep_A,
1293,T1293,AirPods Pro,Electronics,Accessories,1,1965.0,1965.0,1415.97,2023-11-08 16:27:00,"540 Street, Lagos",Lagos,Online,Small Business,South America,Transfer,8.0,Rep_A,
1294,T1294,Dell XPS 13,Electronics,Laptops,3,1500.0,4500.0,3578.24,2023-07-18 11:46:00,"453 Street, Cairo",Cairo,In-Store,Corporate,Europe,Cash,2.0,Rep_D,
1295,T1295,MacBook Air,Electronics,Laptops,1,1620.0,1620.0,1006.9,2023-02-05 14:59:00,"554 Street, Cairo",Cairo,Wholesale,Corporate,South America,Cash,7.0,Rep_D,
1296,T1296,Logitech Mouse,Electronics,Accessories,4,1412.0,5648.0,3307.38,2023-03-04 11:17:00,"299 Street, Nairobi",Nairobi,In-Store,Small Business,Asia,Card,1.0,Rep_C,
1297,T1297,iPhone 13,Electronics,Phones,5,750.0,3750.0,2526.63,2023-01-24 05:32:00,"481 Street, São Paulo",São Paulo,In-Store,Consumer,Europe,Transfer,8.0,Rep_C,
1298,T1298,27in 4K Gaming Monitor,Electronics,Monitors,2,1606.0,3212.0,2328.42,2023-08-28 14:14:00,"744 Street, Nairobi",Nairobi,In-Store,Small Business,Africa,Card,6.0,Rep_B,
1299,T1299,Dell XPS 13,Electronics,Laptops,4,427.0,1708.0,958.99,2023-01-16 08:25:00,"367 Street, Cairo",Cairo,Wholesale,Small Business,Asia,Cash,7.0,Rep_D,
1300,T1300,Dell XPS 13,Electronics,Laptops,4,1523.0,6092.0,4186.22,2023-04-18 17:31:00,"676 Street, Mumbai",Mumbai,In-Store,Consumer,South America,Transfer,2.0,Rep_D,
1301,T1301,Samsung Galaxy S21,Electronics,Phones,5,1676.0,8380.0,7508.85,2023-12-08 02:53:00,"282 Street, Nairobi",Nairobi,Wholesale,Corporate,Europe,Transfer,3.0,Rep_B,
1302,T1302,MacBook Air,Electronics,Laptops,4,1285.0,5140.0,3006.2,2023-03-02 17:40:00,"644 Street, São Paulo",São Paulo,Wholesale,Small Business,Africa,Transfer,6.0,Rep_D,
1303,T1303,27in 4K Gaming Monitor,Electronics,Monitors,2,1304.0,2608.0,1533.24,2023-10-19 19:15:00,"926 Street, Bangkok",Bangkok,Online,Consumer,Africa,Transfer,3.0,Rep_B,
1304,T1304,Samsung Galaxy S21,Electronics,Phones,5,1270.0,6350.0,4486.23,2023-07-09 01:33:00,"567 Street, São Paulo",São Paulo,Online,Small Business,South America,Cash,9.0,Rep_A,
1305,T1305,AirPods Pro,Electronics,Accessories,5,1471.0,7355.0,6149.01,2023-07-23 15:04:00,"950 Street, Bangkok",Bangkok,Online,Consumer,Europe,Cash,6.0,Rep_A,
1306,T1306,27in 4K Gaming Monitor,Electronics,Monitors,3,1499.0,4497.0,4028.53,2023-09-06 20:38:00,"919 Street, Mumbai",Mumbai,Wholesale,Small Business,Asia,Card,2.0,Rep_C,
1307,T1307,iPhone 13,Electronics,Phones,4,1042.0,4168.0,3488.13,2023-12-05 04:35:00,"914 Street, Bangkok",Bangkok,In-Store,Small Business,Africa,Cash,7.0,Rep_A,
1308,T1308,iPhone 13,Electronics,Phones,1,757.0,757.0,479.35,2023-08-07 15:29:00,"85 Street, São Paulo",São Paulo,In-Store,Corporate,Europe,Transfer,8.0,Rep_D,
1309,T1309,Dell XPS 13,Electronics,Laptops,4,645.0,2580.0,1976.77,2023-10-15 05:29:00,"269 Street, Nairobi",Nairobi,Online,Corporate,Europe,Card,9.0,Rep_B,
1310,T1310,Logitech Mouse,Electronics,Accessories,4,808.0,3232.0,1789.83,2023-04-25 19:14:00,"682 Street, Jakarta",Jakarta,In-Store,Corporate,South America,Cash,9.0,Rep_C,
1311,T1311,Logitech Mouse,Electronics,Accessories,3,911.0,2733.0,1784.65,2023-03-28 20:00:00,"668 Street, São Paulo",São Paulo,In-Store,Consumer,Europe,Cash,6.0,Rep_A,
1312,T1312,Samsung Galaxy S21,Electronics,Phones,1,1516.0,1516.0,824.54,2023-10-15 08:10:00,"155 Street, Lagos",Lagos,In-Store,Corporate,Europe,Cash,5.0,Rep_A,
1313,T1313,iPhone 13,Electronics,Phones,1,816.0,816.0,676.44,2023-09-16 18:31:00,"526 Street, Lagos",Lagos,Online,Small Business,South America,Cash,8.0,Rep_A,
1314,T1314,AirPods Pro,Electronics,Accessories,5,1657.0,8285.0,5437.86,2023-06-03 17:57:00,"519 Street, São Paulo",São Paulo,Online,Consumer,Europe,Cash,7.0,Rep_A,
1315,T1315,AirPods Pro,Electronics,Accessories,1,553.0,553.0,403.86,2023-01-04 03:03:00,"819 Street, São Paulo",São Paulo,Wholesale,Consumer,Africa,Transfer,1.0,Rep_C,
1316,T1316,iPhone 13,Electronics,Phones,4,1100.0,4400.0,2261.57,2023-01-08 21:24:00,"881 Street, Cairo",Cairo,Wholesale,Small Business,Asia,Card,6.0,Rep_B,
1317,T1317,Logitech Mouse,Electronics,Accessories,5,1048.0,5240.0,4131.26,2023-09-22 19:55:00,"548 Street, Cairo",Cairo,In-Store,Small Business,Europe,Card,9.0,Rep_A,
1318,T1318,Dell XPS 13,Electronics,Laptops,5,1018.0,5090.0,3129.14,2023-12-29 12:19:00,"748 Street, Mumbai",Mumbai,In-Store,Corporate,Europe,Card,9.0,Rep_A,
1319,T1319,27in 4K Gaming Monitor,Electronics,Monitors,5,1242.0,6210.0,5531.96,2023-07-15 07:31:00,"625 Street, Mumbai",Mumbai,In-Store,Corporate,Europe,Cash,5.0,Rep_D,
1320,T1320,MacBook Air,Electronics,Laptops,2,1521.0,3042.0,2230.34,2023-11-09 22:55:00,"308 Street, Nairobi",Nairobi,Wholesale,Small Business,Asia,Cash,3.0,Rep_D,
1321,T1321,27in 4K Gaming Monitor,Electronics,Monitors,1,784.0,784.0,640.93,2023-06-16 07:31:00,"150 Street, Cairo",Cairo,Online,Consumer,Asia,Cash,1.0,Rep_B,
1322,T1322,Dell XPS 13,Electronics,Laptops,1,1104.0,1104.0,593.63,2023-10-21 04:03:00,"524 Street, Lagos",Lagos,Wholesale,Consumer,Asia,Transfer,8.0,Rep_B,
1323,T1323,Dell XPS 13,Electronics,Laptops,5,1318.0,6590.0,5216.18,2023-02-17 14:06:00,"646 Street, Cairo",Cairo,Wholesale,Small Business,Europe,Card,4.0,Rep_B,
1324,T1324,27in 4K Gaming Monitor,Electronics,Monitors,3,1607.0,4821.0,2823.18,2023-10-27 18:21:00,"742 Street, Bangkok",Bangkok,In-Store,Consumer,Africa,Transfer,9.0,Rep_A,
1325,T1325,Dell XPS 13,Electronics,Laptops,1,1472.0,1472.0,1228.21,2023-02-27 18:18:00,"75 Street, Bangkok",Bangkok,Wholesale,Small Business,South America,Card,1.0,Rep_D,
1326,T1326,iPhone 13,Electronics,Phones,2,1071.0,2142.0,1479.12,2023-08-07 13:05:00,"903 Street, Nairobi",Nairobi,Online,Consumer,South America,Card,6.0,Rep_B,
1327,T1327,Samsung Galaxy S21,Electronics,Phones,3,1358.0,4074.0,3197.08,2023-12-12 11:24:00,"69 Street, Mumbai",Mumbai,Online,Corporate,Asia,Transfer,9.0,Rep_B,
1328,T1328,27in 4K Gaming Monitor,Electronics,Monitors,3,1702.0,5106.0,4245.21,2023-07-21 01:23:00,"355 Street, São Paulo",São Paulo,In-Store,Corporate,South America,Card,7.0,Rep_A,
1329,T1329,Logitech Mouse,Electronics,Accessories,3,1395.0,4185.0,2482.63,2023-03-26 02:04:00,"856 Street, Jakarta",Jakarta,Online,Small Business,South America,Transfer,,Rep_C,
1330,T1330,Dell XPS 13,Electronics,Laptops,1,1643.0,1643.0,1179.83,2023-12-16 07:39:00,"966 Street, Nairobi",Nairobi,Wholesale,Small Business,Europe,Card,,Rep_A,
1331,T1331,Logitech Mouse,Electronics,Accessories,1,672.0,672.0,551.56,2023-11-21 04:35:00,"308 Street, Bangkok",Bangkok,In-Store,Corporate,Asia,Transfer,8.0,Rep_B,
1332,T1332,Logitech Mouse,Electronics,Accessories,1,846.0,846.0,524.06,2023-03-10 20:31:00,"344 Street, Jakarta",Jakarta,Online,Corporate,Europe,Cash,4.0,Rep_B,
1333,T1333,Logitech Mouse,Electronics,Accessories,1,1200.0,1200.0,944.5,2023-07-06 02:28:00,"310 Street, Jakarta",Jakarta,Wholesale,Corporate,Africa,Card,2.0,Rep_D,
1334,T1334,Logitech Mouse,Electronics,Accessories,2,886.0,1772.0,1032.25,2023-08-06 21:46:00,"663 Street, Cairo",Cairo,Online,Small Business,South America,Cash,5.0,Rep_C,
1335,T1335,AirPods Pro,Electronics,Accessories,1,100.0,100.0,67.2,2023-11-02 01:05:00,"518 Street, Bangkok",Bangkok,Online,Corporate,South America,Cash,5.0,Rep_D,
1336,T1336,27in 4K Gaming Monitor,Electronics,Monitors,5,1959.0,9795.0,6782.26,2023-07-18 19:02:00,"97 Street, Lagos",Lagos,Wholesale,Consumer,Africa,Transfer,,Rep_C,
1337,T1337,27in 4K Gaming Monitor,Electronics,Monitors,5,235.0,1175.0,975.23,2023-08-04 05:58:00,"614 Street, Bangkok",Bangkok,Wholesale,Consumer,Europe,Transfer,2.0,Rep_C,
1338,T1338,MacBook Air,Electronics,Laptops,4,1026.0,4104.0,3686.78,2023-09-18 13:14:00,"6 Street, Lagos",Lagos,Online,Corporate,Africa,Card,6.0,Rep_C,
1339,T1339,AirPods Pro,Electronics,Accessories,1,159.0,159.0,138.86,2023-06-21 13:57:00,"564 Street, Lagos",Lagos,Wholesale,Small Business,Europe,Transfer,7.0,Rep_B,
1340,T1340,MacBook Air,Electronics,Laptops,3,679.0,2037.0,1363.92,2023-03-08 02:13:00,"691 Street, Mumbai",Mumbai,Wholesale,Small Business,Africa,Transfer,1.0,Rep_A,
1341,T1341,Dell XPS 13,Electronics,Laptops,1,757.0,757.0,514.68,2023-04-23 20:00:00,"159 Street, Bangkok",Bangkok,Online,Corporate,South America,Cash,,Rep_B,
1342,T1342,27in 4K Gaming Monitor,Electronics,Monitors,1,300.0,300.0,255.22,2023-09-16 10:05:00,"783 Street, Bangkok",Bangkok,Online,Consumer,Asia,Card,1.0,Rep_C,
1343,T1343,iPhone 13,Electronics,Phones,5,1193.0,5965.0,4846.24,2023-02-09 23:51:00,"989 Street, Cairo",Cairo,Wholesale,Corporate,South America,Card,3.0,Rep_A,
1344,T1344,iPhone 13,Electronics,Phones,3,76.0,228.0,147.85,2023-12-12 11:42:00,"449 Street, Nairobi",Nairobi,In-Store,Consumer,Europe,Cash,1.0,Rep_B,
1345,T1345,Logitech Mouse,Electronics,Accessories,2,897.0,1794.0,1473.77,2023-08-05 14:27:00,"273 Street, Bangkok",Bangkok,In-Store,Consumer,South America,Transfer,,Rep_A,
1346,T1346,iPhone 13,Electronics,Phones,2,1161.0,2322.0,1253.77,2023-11-07 05:47:00,"498 Street, Nairobi",Nairobi,Online,Small Business,Africa,Transfer,1.0,Rep_D,
1347,T1347,Logitech Mouse,Electronics,Accessories,4,443.0,1772.0,1025.35,2023-07-25 14:09:00,"812 Street, Cairo",Cairo,In-Store,Corporate,Europe,Cash,9.0,Rep_D,
1348,T1348,Samsung Galaxy S21,Electronics,Phones,1,651.0,651.0,557.28,2023-12-11 15:11:00,"496 Street, Lagos",Lagos,Wholesale,Corporate,Asia,Transfer,3.0,Rep_A,
1349,T1349,Dell XPS 13,Electronics,Laptops,3,668.0,2004.0,1407.98,2023-10-30 12:53:00,"53 Street, Bangkok",Bangkok,Wholesale,Small Business,Africa,Card,7.0,Rep_A,
1350,T1350,iPhone 13,Electronics,Phones,3,777.0,2331.0,1754.77,2023-01-24 16:24:00,"119 Street, São Paulo",São Paulo,Wholesale,Small Business,Africa,Cash,2.0,Rep_D,
1351,T1351,iPhone 13,Electronics,Phones,4,1415.0,5660.0,4237.57,2023-08-08 14:11:00,"102 Street, São Paulo",São Paulo,Online,Corporate,Asia,Card,9.0,Rep_A,
1352,T1352,Samsung Galaxy S21,Electronics,Phones,2,1709.0,3418.0,1967.79,2023-07-24 03:05:00,"533 Street, Lagos",Lagos,Wholesale,Consumer,Asia,Card,1.0,Rep_C,
1353,T1353,Samsung Galaxy S21,Electronics,Phones,2,1664.0,3328.0,2852.95,2023-11-04 05:40:00,"693 Street, Mumbai",Mumbai,Online,Consumer,Europe,Transfer,,Rep_A,
1354,T1354,27in 4K Gaming Monitor,Electronics,Monitors,2,453.0,906.0,538.94,2023-04-04 02:45:00,"623 Street, Jakarta",Jakarta,Wholesale,Consumer,Asia,Transfer,9.0,Rep_D,
1355,T1355,iPhone 13,Electronics,Phones,4,222.0,888.0,501.14,2023-10-04 03:02:00,"799 Street, Lagos",Lagos,Wholesale,Corporate,South America,Transfer,4.0,Rep_C,
1356,T1356,iPhone 13,Electronics,Phones,3,537.0,1611.0,854.91,2023-06-29 01:56:00,"180 Street, São Paulo",São Paulo,Online,Consumer,South America,Cash,,Rep_D,
1357,T1357,iPhone 13,Electronics,Phones,3,295.0,885.0,481.54,2023-09-14 01:18:00,"260 Street, Lagos",Lagos,Wholesale,Small Business,Europe,Transfer,9.0,Rep_D,
1358,T1358,MacBook Air,Electronics,Laptops,2,1652.0,3304.0,2139.24,2023-09-07 21:47:00,"473 Street, São Paulo",São Paulo,In-Store,Small Business,Asia,Cash,8.0,Rep_C,
1359,T1359,Dell XPS 13,Electronics,Laptops,5,628.0,3140.0,1797.4,2023-10-04 08:56:00,"743 Street, São Paulo",São Paulo,Wholesale,Consumer,South America,Transfer,4.0,Rep_A,
1360,T1360,AirPods Pro,Electronics,Accessories,2,1731.0,3462.0,2666.23,2023-07-29 10:21:00,"82 Street, São Paulo",São Paulo,Wholesale,Corporate,Europe,Card,2.0,Rep_A,
1361,T1361,27in 4K Gaming Monitor,Electronics,Monitors,2,934.0,1868.0,1248.23,2023-05-17 06:16:00,"485 Street, Jakarta",Jakarta,Online,Consumer,Asia,Card,1.0,Rep_C,
1362,T1362,Dell XPS 13,Electronics,Laptops,3,314.0,942.0,787.37,2023-03-17 00:14:00,"934 Street, Cairo",Cairo,Wholesale,Small Business,Europe,Cash,5.0,Rep_A,
1363,T1363,iPhone 13,Electronics,Phones,3,628.0,1884.0,973.85,2023-12-30 14:59:00,"292 Street, Jakarta",Jakarta,Online,Corporate,South America,Card,6.0,Rep_D,
1364,T1364,Samsung Galaxy S21,Electronics,Phones,5,1877.0,9385.0,8351.42,2023-05-26 14:14:00,"415 Street, Nairobi",Nairobi,In-Store,Consumer,Africa,Transfer,5.0,Rep_A,
1365,T1365,iPhone 13,Electronics,Phones,1,1314.0,1314.0,943.05,2023-08-16 14:33:00,"195 Street, Cairo",Cairo,Online,Consumer,Africa,Card,4.0,Rep_B,
1366,T1366,AirPods Pro,Electronics,Accessories,2,196.0,392.0,334.4,2023-11-30 15:58:00,"562 Street, Jakarta",Jakarta,Wholesale,Small Business,Europe,Transfer,6.0,Rep_B,
1367,T1367,MacBook Air,Electronics,Laptops,4,1919.0,7676.0,4359.47,2023-12-21 12:55:00,"941 Street, Cairo",Cairo,Online,Small Business,Asia,Card,,Rep_A,
1368,T1368,27in 4K Gaming Monitor,Electronics,Monitors,3,1950.0,5850.0,3630.33,2023-07-26 16:31:00,"129 Street, São Paulo",São Paulo,Online,Small Business,Africa,Card,3.0,Rep_C,
1370,T1370,Logitech Mouse,Electronics,Accessories,2,729.0,1458.0,1272.8,2023-11-23 09:34:00,"329 Street, Jakarta",Jakarta,Wholesale,Small Business,Europe,Card,7.0,Rep_B,
1371,T1371,27in 4K Gaming Monitor,Electronics,Monitors,2,1225.0,2450.0,1423.43,2023-09-11 07:29:00,"581 Street, Jakarta",Jakarta,Wholesale,Consumer,South America,Cash,6.0,Rep_A,
1372,T1372,Logitech Mouse,Electronics,Accessories,5,1988.0,9940.0,5234.37,2023-04-13 12:00:00,"880 Street, Jakarta",Jakarta,Online,Consumer,Europe,Card,,Rep_B,
1373,T1373,iPhone 13,Electronics,Phones,2,561.0,1122.0,728.04,2023-10-31 16:23:00,"836 Street, São Paulo",São Paulo,Wholesale,Small Business,Africa,Cash,1.0,Rep_C,
1374,T1374,Samsung Galaxy S21,Electronics,Phones,2,1895.0,3790.0,2167.16,2023-09-05 05:51:00,"441 Street, Nairobi",Nairobi,In-Store,Consumer,Africa,Transfer,8.0,Rep_A,
1375,T1375,MacBook Air,Electronics,Laptops,3,875.0,2625.0,2157.0,2023-07-05 01:27:00,"146 Street, Mumbai",Mumbai,Wholesale,Small Business,South America,Cash,3.0,Rep_B,
1376,T1376,Dell XPS 13,Electronics,Laptops,1,431.0,431.0,282.3,2023-06-12 18:54:00,"44 Street, Lagos",Lagos,Online,Consumer,Europe,Transfer,6.0,Rep_B,
1377,T1377,27in 4K Gaming Monitor,Electronics,Monitors,2,286.0,572.0,480.28,2023-03-27 16:02:00,"654 Street, Nairobi",Nairobi,Online,Small Business,Africa,Cash,9.0,Rep_A,
1378,T1378,AirPods Pro,Electronics,Accessories,4,174.0,696.0,584.63,2023-09-01 14:33:00,"707 Street, Cairo",Cairo,In-Store,Consumer,South America,Transfer,7.0,Rep_A,
1379,T1379,MacBook Air,Electronics,Laptops,4,215.0,860.0,602.3,2023-12-25 18:51:00,"363 Street, Mumbai",Mumbai,Online,Corporate,Europe,Card,4.0,Rep_D,
1380,T1380,Samsung Galaxy S21,Electronics,Phones,1,954.0,954.0,830.55,2023-01-06 17:33:00,"809 Street, Mumbai",Mumbai,In-Store,Corporate,Europe,Cash,2.0,Rep_B,
1381,T1381,MacBook Air,Electronics,Laptops,4,134.0,536.0,436.07,2023-07-20 23:18:00,"184 Street, Jakarta",Jakarta,In-Store,Consumer,Europe,Cash,2.0,Rep_B,
1382,T1382,MacBook Air,Electronics,Laptops,5,1939.0,9695.0,7664.76,2023-06-19 01:39:00,"145 Street, Nairobi",Nairobi,In-Store,Corporate,South America,Card,2.0,Rep_D,
1383,T1383,MacBook Air,Electronics,Laptops,1,506.0,506.0,255.02,2023-01-17 01:39:00,"231 Street, São Paulo",São Paulo,Online,Corporate,South America,Cash,1.0,Rep_A,
1384,T1384,Samsung Galaxy S21,Electronics,Phones,4,441.0,1764.0,1120.94,2023-03-23 05:53:00,"732 Street, Mumbai",Mumbai,Online,Small Business,Africa,Cash,,Rep_A,
1385,T1385,MacBook Air,Electronics,Laptops,4,1338.0,5352.0,3372.76,2023-07-19 01:56:00,"614 Street, Cairo",Cairo,In-Store,Corporate,South America,Transfer,3.0,Rep_B,
1386,T1386,MacBook Air,Electronics,Laptops,2,701.0,1402.0,943.48,2023-08-04 08:46:00,"922 Street, Mumbai",Mumbai,In-Store,Corporate,Asia,Card,2.0,Rep_B,
1387,T1387,Dell XPS 13,Electronics,Laptops,5,1967.0,9835.0,7952.78,2023-05-01 19:04:00,"365 Street, Bangkok",Bangkok,Wholesale,Consumer,Asia,Card,8.0,Rep_C,
1388,T1388,27in 4K Gaming Monitor,Electronics,Monitors,1,1031.0,1031.0,905.19,2023-09-16 22:25:00,"489 Street, Jakarta",Jakarta,Wholesale,Corporate,Africa,Transfer,1.0,Rep_B,
1389,T1389,iPhone 13,Electronics,Phones,2,582.0,1164.0,883.91,2023-10-21 21:48:00,"175 Street, Lagos",Lagos,In-Store,Corporate,South America,Cash,4.0,Rep_A,
1390,T1390,Logitech Mouse,Electronics,Accessories,2,1294.0,2588.0,1824.77,2023-09-10 20:47:00,"65 Street, Bangkok",Bangkok,Wholesale,Corporate,South America,Card,8.0,Rep_C,
1391,T1391,Logitech Mouse,Electronics,Accessories,1,296.0,296.0,234.68,2023-06-25 09:40:00,"730 Street, Bangkok",Bangkok,Online,Consumer,Asia,Card,4.0,Rep_B,
1392,T1392,Logitech Mouse,Electronics,Accessories,3,1324.0,3972.0,2504.24,2023-12-08 07:14:00,"659 Street, Lagos",Lagos,In-Store,Small Business,Africa,Cash,1.0,Rep_B,
1393,T1393,MacBook Air,Electronics,Laptops,5,1195.0,5975.0,4852.75,2023-10-24 09:05:00,"459 Street, Jakarta",Jakarta,Wholesale,Small Business,Europe,Cash,8.0,Rep_C,
1394,T1394,MacBook Air,Electronics,Laptops,4,1433.0,5732.0,4103.99,2023-12-18 16:15:00,"974 Street, Lagos",Lagos,Wholesale,Consumer,Africa,Transfer,5.0,Rep_C,
1396,T1396,27in 4K Gaming Monitor,Electronics,Monitors,4,1713.0,6852.0,3876.21,2023-08-18 07:47:00,"733 Street, Mumbai",Mumbai,In-Store,Corporate,Africa,Transfer,2.0,Rep_A,
1397,T1397,Dell XPS 13,Electronics,Laptops,2,226.0,452.0,328.54,2023-10-06 01:05:00,"421 Street, Lagos",Lagos,In-Store,Small Business,South America,Cash,2.0,Rep_D,
1398,T1398,iPhone 13,Electronics,Phones,2,379.0,758.0,514.22,2023-05-21 19:59:00,"475 Street, Mumbai",Mumbai,Wholesale,Small Business,Africa,Card,2.0,Rep_A,
1399,T1399,AirPods Pro,Electronics,Accessories,1,1213.0,1213.0,692.19,2023-11-26 16:49:00,"425 Street, São Paulo",São Paulo,In-Store,Corporate,Europe,Card,,Rep_A,
1400,T1400,Logitech Mouse,Electronics,Accessories,4,437.0,1748.0,1195.14,2023-04-08 14:16:00,"300 Street, Jakarta",Jakarta,Online,Consumer,Europe,Card,5.0,Rep_B,
1401,T1401,Samsung Galaxy S21,Electronics,Phones,4,502.0,2008.0,1169.12,2023-10-20 01:56:00,"123 Street, Lagos",Lagos,In-Store,Consumer,Africa,Card,9.0,Rep_A,
1402,T1402,MacBook Air,Electronics,Laptops,5,1789.0,8945.0,5462.82,2023-02-28 17:52:00,"236 Street, Nairobi",Nairobi,In-Store,Small Business,Asia,Card,9.0,Rep_A,
1403,T1403,MacBook Air,Electronics,Laptops,1,1024.0,1024.0,725.25,2023-04-20 00:44:00,"882 Street, Nairobi",Nairobi,In-Store,Consumer,South America,Cash,9.0,Rep_A,
1404,T1404,Samsung Galaxy S21,Electronics,Phones,2,1371.0,2742.0,1784.53,2023-02-01 07:55:00,"658 Street, Nairobi",Nairobi,Online,Consumer,Africa,Card,5.0,Rep_C,
1405,T1405,iPhone 13,Electronics,Phones,4,1069.0,4276.0,2432.14,2023-07-26 17:38:00,"651 Street, Nairobi",Nairobi,Online,Small Business,Asia,Transfer,4.0,Rep_B,
1406,T1406,27in 4K Gaming Monitor,Electronics,Monitors,3,1620.0,4860.0,3131.97,2023-11-30 20:46:00,"914 Street, Jakarta",Jakarta,Online,Consumer,Asia,Transfer,4.0,Rep_D,
1407,T1407,MacBook Air,Electronics,Laptops,4,223.0,892.0,802.68,2023-06-02 06:09:00,"117 Street, São Paulo",São Paulo,In-Store,Small Business,Africa,Cash,,Rep_D,
1408,T1408,MacBook Air,Electronics,Laptops,2,1140.0,2280.0,1171.31,2023-11-22 13:02:00,"684 Street, Bangkok",Bangkok,Wholesale,Consumer,Europe,Transfer,3.0,Rep_A,
1409,T1409,27in 4K Gaming Monitor,Electronics,Monitors,3,1402.0,4206.0,2384.67,2023-03-04 08:52:00,"772 Street, Bangkok",Bangkok,Online,Consumer,Europe,Transfer,6.0,Rep_C,
1410,T1410,27in 4K Gaming Monitor,Electronics,Monitors,5,960.0,4800.0,2833.89,2023-09-04 08:39:00,"160 Street, Lagos",Lagos,Online,Consumer,Africa,Cash,2.0,Rep_B,
1411,T1411,Logitech Mouse,Electronics,Accessories,3,1133.0,3399.0,2505.28,2023-07-29 03:18:00,"724 Street, Jakarta",Jakarta,Wholesale,Corporate,Asia,Transfer,9.0,Rep_B,
1412,T1412,Logitech Mouse,Electronics,Accessories,2,1529.0,3058.0,1843.78,2023-03-05 03:30:00,"458 Street, Jakarta",Jakarta,Online,Consumer,South America,Cash,9.0,Rep_D,
1413,T1413,Logitech Mouse,Electronics,Accessories,3,1963.0,5889.0,3084.99,2023-01-19 11:12:00,"89 Street, Bangkok",Bangkok,Wholesale,Consumer,Europe,Transfer,5.0,Rep_B,
1414,T1414,iPhone 13,Electronics,Phones,5,130.0,650.0,532.99,2023-08-02 06:49:00,"134 Street, Mumbai",Mumbai,In-Store,Small Business,Asia,Transfer,2.0,Rep_B,
1415,T1415,Logitech Mouse,Electronics,Accessories,1,1871.0,1871.0,1472.32,2023-02-17 22:00:00,"451 Street, Nairobi",Nairobi,Online,Consumer,Africa,Transfer,5.0,Rep_A,
1416,T1416,AirPods Pro,Electronics,Accessories,2,786.0,1572.0,1290.88,2023-11-07 04:31:00,"979 Street, Cairo",Cairo,Wholesale,Corporate,South America,Transfer,,Rep_C,
1417,T1417,27in 4K Gaming Monitor,Electronics,Monitors,4,1994.0,7976.0,5905.68,2023-06-03 11:10:00,"913 Street, Lagos",Lagos,Online,Consumer,South America,Transfer,8.0,Rep_C,
1418,T1418,MacBook Air,Electronics,Laptops,3,1821.0,5463.0,2796.58,2023-10-10 18:10:00,"700 Street, Bangkok",Bangkok,Online,Corporate,South America,Card,8.0,Rep_D,
1419,T1419,iPhone 13,Electronics,Phones,4,407.0,1628.0,914.12,2023-04-20 01:19:00,"978 Street, Lagos",Lagos,In-Store,Small Business,Europe,Cash,4.0,Rep_D,
1421,T1421,AirPods Pro,Electronics,Accessories,3,532.0,1596.0,831.31,2023-02-20 05:00:00,"249 Street, Bangkok",Bangkok,In-Store,Small Business,Asia,Cash,3.0,Rep_C,
1422,T1422,Samsung Galaxy S21,Electronics,Phones,5,336.0,1680.0,1005.88,2023-10-18 08:58:00,"45 Street, Lagos",Lagos,Online,Small Business,South America,Cash,2.0,Rep_A,
1423,T1423,MacBook Air,Electronics,Laptops,4,302.0,1208.0,657.08,2023-06-26 20:59:00,"423 Street, Cairo",Cairo,Wholesale,Corporate,South America,Cash,4.0,Rep_D,
1425,T1425,iPhone 13,Electronics,Phones,5,496.0,2480.0,1502.58,2023-04-03 04:10:00,"847 Street, São Paulo",São Paulo,Online,Consumer,South America,Cash,4.0,Rep_C,
1426,T1426,Dell XPS 13,Electronics,Laptops,4,495.0,1980.0,1499.1,2023-02-18 13:23:00,"608 Street, Nairobi",Nairobi,In-Store,Corporate,Europe,Transfer,1.0,Rep_D,
1427,T1427,MacBook Air,Electronics,Laptops,1,1033.0,1033.0,665.86,2023-06-06 15:22:00,"519 Street, Lagos",Lagos,Online,Corporate,Asia,Transfer,4.0,Rep_C,
1428,T1428,MacBook Air,Electronics,Laptops,2,507.0,1014.0,687.0,2023-11-25 04:07:00,"199 Street, Cairo",Cairo,Wholesale,Consumer,Africa,Cash,,Rep_C,
1429,T1429,iPhone 13,Electronics,Phones,1,1571.0,1571.0,1136.47,2023-07-05 12:13:00,"666 Street, Bangkok",Bangkok,Wholesale,Consumer,Asia,Card,1.0,Rep_B,
1430,T1430,27in 4K Gaming Monitor,Electronics,Monitors,3,344.0,1032.0,841.88,2023-01-23 23:23:00,"111 Street, Cairo",Cairo,Wholesale,Small Business,Africa,Transfer,9.0,Rep_B,
1431,T1431,Logitech Mouse,Electronics,Accessories,1,1391.0,1391.0,1013.32,2023-07-06 05:48:00,"293 Street, Mumbai",Mumbai,Online,Consumer,South America,Cash,4.0,Rep_D,
1432,T1432,27in 4K Gaming Monitor,Electronics,Monitors,4,1298.0,5192.0,3803.23,2023-10-23 01:14:00,"585 Street, Nairobi",Nairobi,In-Store,Corporate,Europe,Cash,4.0,Rep_A,
1433,T1433,AirPods Pro,Electronics,Accessories,1,1394.0,1394.0,873.77,2023-09-08 19:17:00,"352 Street, Jakarta",Jakarta,In-Store,Consumer,Asia,Transfer,5.0,Rep_A,
1434,T1434,27in 4K Gaming Monitor,Electronics,Monitors,4,149.0,596.0,397.33,2023-06-14 15:45:00,"974 Street, Bangkok",Bangkok,Online,Consumer,Asia,Card,,Rep_D,
1435,T1435,MacBook Air,Electronics,Laptops,3,1775.0,5325.0,4204.64,2023-10-28 21:03:00,"463 Street, Bangkok",Bangkok,Wholesale,Consumer,Europe,Card,2.0,Rep_B,
1436,T1436,Logitech Mouse,Electronics,Accessories,5,1552.0,7760.0,5909.41,2023-08-12 06:41:00,"428 Street, São Paulo",São Paulo,Online,Small Business,South America,Card,8.0,Rep_D,
1437,T1437,27in 4K Gaming Monitor,Electronics,Monitors,3,147.0,441.0,264.41,2023-09-14 10:49:00,"946 Street, São Paulo",São Paulo,Online,Consumer,South America,Cash,1.0,Rep_A,
1438,T1438,27in 4K Gaming Monitor,Electronics,Monitors,2,1240.0,2480.0,2008.31,2023-11-05 08:33:00,"760 Street, Nairobi",Nairobi,Online,Small Business,Europe,Cash,5.0,Rep_D,
1439,T1439,Dell XPS 13,Electronics,Laptops,5,184.0,920.0,655.46,2023-06-27 09:02:00,"795 Street, Cairo",Cairo,In-Store,Corporate,South America,Cash,1.0,Rep_B,
1440,T1440,27in 4K Gaming Monitor,Electronics,Monitors,4,484.0,1936.0,1685.21,2023-08-22 23:53:00,"430 Street, Nairobi",Nairobi,Online,Small Business,Europe,Cash,1.0,Rep_C,
1441,T1441,Logitech Mouse,Electronics,Accessories,1,1046.0,1046.0,839.56,2023-08-29 09:30:00,"468 Street, Bangkok",Bangkok,Wholesale,Small Business,Africa,Transfer,7.0,Rep_B,
1442,T1442,27in 4K Gaming Monitor,Electronics,Monitors,4,318.0,1272.0,931.81,2023-05-22 17:01:00,"869 Street, Mumbai",Mumbai,Online,Small Business,Europe,Cash,,Rep_C,
1443,T1443,Dell XPS 13,Electronics,Laptops,4,175.0,700.0,599.13,2023-02-22 15:42:00,"892 Street, Cairo",Cairo,Online,Corporate,South America,Card,3.0,Rep_B,
1444,T1444,AirPods Pro,Electronics,Accessories,3,911.0,2733.0,1707.55,2023-07-05 03:09:00,"18 Street, Cairo",Cairo,In-Store,Corporate,Europe,Cash,4.0,Rep_C,
1445,T1445,AirPods Pro,Electronics,Accessories,5,1729.0,8645.0,6393.81,2023-07-06 13:34:00,"951 Street, Bangkok",Bangkok,Wholesale,Small Business,Africa,Transfer,,Rep_D,
1446,T1446,MacBook Air,Electronics,Laptops,4,730.0,2920.0,1922.12,2023-10-25 22:47:00,"416 Street, Mumbai",Mumbai,Online,Consumer,Africa,Cash,9.0,Rep_B,
1447,T1447,27in 4K Gaming Monitor,Electronics,Monitors,4,1300.0,5200.0,3386.53,2023-09-20 18:06:00,"58 Street, Bangkok",Bangkok,In-Store,Corporate,Europe,Transfer,3.0,Rep_D,
1448,T1448,27in 4K Gaming Monitor,Electronics,Monitors,5,1800.0,9000.0,5981.48,2023-11-07 08:32:00,"168 Street, Bangkok",Bangkok,In-Store,Corporate,Asia,Cash,4.0,Rep_A,
1449,T1449,27in 4K Gaming Monitor,Electronics,Monitors,3,1782.0,5346.0,3326.93,2023-04-30 22:39:00,"773 Street, Nairobi",Nairobi,Wholesale,Corporate,Europe,Cash,,Rep_D,
1450,T1450,iPhone 13,Electronics,Phones,3,766.0,2298.0,1433.27,2023-05-09 21:37:00,"621 Street, Nairobi",Nairobi,Online,Small Business,Asia,Card,,Rep_B,
1451,T1451,Logitech Mouse,Electronics,Accessories,2,796.0,1592.0,1401.62,2023-08-31 11:05:00,"8 Street, Cairo",Cairo,Online,Consumer,Europe,Cash,6.0,Rep_A,
1453,T1453,27in 4K Gaming Monitor,Electronics,Monitors,3,1185.0,3555.0,2326.58,2023-08-09 17:04:00,"733 Street, Nairobi",Nairobi,Online,Small Business,Asia,Card,8.0,Rep_B,
1454,T1454,Logitech Mouse,Electronics,Accessories,1,1329.0,1329.0,689.98,2023-03-06 21:44:00,"628 Street, Cairo",Cairo,Wholesale,Consumer,Africa,Card,9.0,Rep_D,
1455,T1455,iPhone 13,Electronics,Phones,4,450.0,1800.0,1566.24,2023-04-22 15:21:00,"625 Street, São Paulo",São Paulo,In-Store,Consumer,Europe,Transfer,6.0,Rep_D,
1456,T1456,Samsung Galaxy S21,Electronics,Phones,5,1693.0,8465.0,6235.15,2023-05-02 22:15:00,"322 Street, São Paulo",São Paulo,Online,Small Business,Africa,Transfer,7.0,Rep_A,
1457,T1457,Logitech Mouse,Electronics,Accessories,3,881.0,2643.0,1775.4,2023-03-23 12:58:00,"866 Street, Nairobi",Nairobi,Online,Corporate,Africa,Cash,,Rep_B,
1458,T1458,27in 4K Gaming Monitor,Electronics,Monitors,5,323.0,1615.0,857.96,2023-02-19 06:51:00,"235 Street, Mumbai",Mumbai,Wholesale,Small Business,Asia,Cash,1.0,Rep_D,
1459,T1459,Samsung Galaxy S21,Electronics,Phones,5,1785.0,8925.0,4747.26,2023-10-24 20:24:00,"279 Street, Mumbai",Mumbai,Online,Consumer,Africa,Cash,4.0,Rep_C,
1460,T1460,Dell XPS 13,Electronics,Laptops,4,1597.0,6388.0,3763.23,2023-11-03 05:26:00,"466 Street, Cairo",Cairo,Online,Corporate,South America,Card,6.0,Rep_D,
1461,T1461,MacBook Air,Electronics,Laptops,4,1219.0,4876.0,2818.85,2023-08-02 14:32:00,"590 Street, Lagos",Lagos,In-Store,Consumer,Europe,Card,3.0,Rep_A,
1462,T1462,Logitech Mouse,Electronics,Accessories,2,1928.0,3856.0,1942.78,2023-02-16 07:13:00,"77 Street, Mumbai",Mumbai,Online,Consumer,Asia,Transfer,,Rep_B,
1463,T1463,AirPods Pro,Electronics,Accessories,3,448.0,1344.0,1135.42,2023-07-11 03:04:00,"345 Street, Lagos",Lagos,In-Store,Consumer,Asia,Card,6.0,Rep_A,
1464,T1464,Logitech Mouse,Electronics,Accessories,3,611.0,1833.0,1496.03,2023-05-07 21:22:00,"889 Street, Bangkok",Bangkok,Online,Corporate,Africa,Cash,2.0,Rep_C,
1465,T1465,Dell XPS 13,Electronics,Laptops,2,1714.0,3428.0,2175.89,2023-05-17 22:13:00,"671 Street, São Paulo",São Paulo,Online,Corporate,Europe,Transfer,2.0,Rep_B,
1466,T1466,Dell XPS 13,Electronics,Laptops,5,182.0,910.0,533.9,2023-03-02 09:22:00,"542 Street, Jakarta",Jakarta,Online,Corporate,South America,Cash,,Rep_D,
1467,T1467,iPhone 13,Electronics,Phones,3,502.0,1506.0,1288.04,2023-07-05 15:00:00,"444 Street, São Paulo",São Paulo,In-Store,Consumer,Europe,Card,2.0,Rep_C,
1468,T1468,Dell XPS 13,Electronics,Laptops,1,987.0,987.0,740.98,2023-03-14 02:14:00,"550 Street, Jakarta",Jakarta,Wholesale,Consumer,Europe,Card,7.0,Rep_B,
1469,T1469,Samsung Galaxy S21,Electronics,Phones,1,1833.0,1833.0,1348.13,2023-09-12 21:04:00,"789 Street, Cairo",Cairo,In-Store,Consumer,Europe,Card,1.0,Rep_A,
1470,T1470,Logitech Mouse,Electronics,Accessories,2,867.0,1734.0,1178.79,2023-06-22 17:23:00,"823 Street, Bangkok",Bangkok,In-Store,Small Business,Europe,Transfer,6.0,Rep_C,
1471,T1471,iPhone 13,Electronics,Phones,5,1885.0,9425.0,7002.11,2023-11-02 16:46:00,"649 Street, Jakarta",Jakarta,In-Store,Small Business,Asia,Transfer,3.0,Rep_B,
1472,T1472,AirPods Pro,Electronics,Accessories,1,1097.0,1097.0,974.21,2023-03-31 09:43:00,"925 Street, Bangkok",Bangkok,Online,Small Business,Asia,Card,1.0,Rep_A,
1473,T1473,iPhone 13,Electronics,Phones,5,1677.0,8385.0,6042.92,2023-04-13 15:39:00,"691 Street, Mumbai",Mumbai,Wholesale,Consumer,Africa,Card,8.0,Rep_B,
1474,T1474,Dell XPS 13,Electronics,Laptops,4,947.0,3788.0,3007.85,2023-07-15 11:47:00,"964 Street, Jakarta",Jakarta,Online,Consumer,Asia,Transfer,5.0,Rep_B,
1475,T1475,MacBook Air,Electronics,Laptops,2,732.0,1464.0,909.27,2023-10-26 20:35:00,"166 Street, Bangkok",Bangkok,Wholesale,Corporate,South America,Transfer,3.0,Rep_D,
1476,T1476,Logitech Mouse,Electronics,Accessories,2,238.0,476.0,271.4,2023-02-02 10:30:00,"549 Street, Lagos",Lagos,In-Store,Small Business,Africa,Cash,4.0,Rep_D,
1477,T1477,MacBook Air,Electronics,Laptops,2,138.0,276.0,210.52,2023-07-28 21:16:00,"913 Street, Jakarta",Jakarta,Wholesale,Consumer,Africa,Cash,6.0,Rep_B,
1478,T1478,Dell XPS 13,Electronics,Laptops,4,1556.0,6224.0,4867.64,2023-10-09 04:26:00,"806 Street, Nairobi",Nairobi,In-Store,Consumer,South America,Card,3.0,Rep_D,
1479,T1479,Samsung Galaxy S21,Electronics,Phones,2,617.0,1234.0,932.6,2023-06-28 23:57:00,"900 Street, Nairobi",Nairobi,Wholesale,Corporate,Europe,Cash,9.0,Rep_D,
1480,T1480,AirPods Pro,Electronics,Accessories,3,403.0,1209.0,611.95,2023-03-04 19:55:00,"755 Street, Bangkok",Bangkok,Wholesale,Consumer,South America,Transfer,,Rep_C,
1481,T1481,Samsung Galaxy S21,Electronics,Phones,3,1906.0,5718.0,4849.79,2023-06-25 23:04:00,"204 Street, Nairobi",Nairobi,Wholesale,Small Business,Asia,Cash,,Rep_C,
1482,T1482,MacBook Air,Electronics,Laptops,3,1274.0,3822.0,3250.68,2023-03-18 20:55:00,"55 Street, Lagos",Lagos,In-Store,Consumer,South America,Cash,,Rep_A,
1483,T1483,27in 4K Gaming Monitor,Electronics,Monitors,1,1359.0,1359.0,1088.48,2023-06-13 02:23:00,"877 Street, Lagos",Lagos,Online,Consumer,Africa,Card,7.0,Rep_A,
1484,T1484,MacBook Air,Electronics,Laptops,2,1621.0,3242.0,1749.06,2023-12-21 11:32:00,"609 Street, Cairo",Cairo,Online,Small Business,Asia,Cash,8.0,Rep_D,
1485,T1485,Samsung Galaxy S21,Electronics,Phones,1,189.0,189.0,155.88,2023-12-12 13:11:00,"507 Street, Lagos",Lagos,In-Store,Consumer,Asia,Transfer,9.0,Rep_C,
1487,T1487,Samsung Galaxy S21,Electronics,Phones,5,745.0,3725.0,3332.23,2023-02-24 02:13:00,"697 Street, Lagos",Lagos,Wholesale,Consumer,South America,Cash,2.0,Rep_A,
1488,T1488,27in 4K Gaming Monitor,Electronics,Monitors,1,967.0,967.0,522.78,2023-10-14 04:01:00,"649 Street, Mumbai",Mumbai,Wholesale,Consumer,South America,Card,4.0,Rep_C,
1489,T1489,27in 4K Gaming Monitor,Electronics,Monitors,5,1752.0,8760.0,7493.06,2023-06-25 05:59:00,"200 Street, Mumbai",Mumbai,Wholesale,Consumer,Europe,Cash,,Rep_B,
1490,T1490,MacBook Air,Electronics,Laptops,3,1135.0,3405.0,3058.44,2023-09-07 02:57:00,"376 Street, Bangkok",Bangkok,Wholesale,Small Business,Africa,Cash,8.0,Rep_B,
1491,T1491,Dell XPS 13,Electronics,Laptops,4,955.0,3820.0,2035.25,2023-07-18 07:22:00,"122 Street, São Paulo",São Paulo,Wholesale,Small Business,Africa,Transfer,3.0,Rep_B,
1492,T1492,Samsung Galaxy S21,Electronics,Phones,3,56.0,168.0,144.36,2023-06-03 21:12:00,"839 Street, Jakarta",Jakarta,Online,Small Business,South America,Card,4.0,Rep_A,
1493,T1493,iPhone 13,Electronics,Phones,3,928.0,2784.0,2280.58,2023-10-24 16:03:00,"807 Street, Cairo",Cairo,Wholesale,Corporate,South America,Transfer,8.0,Rep_D,
1494,T1494,Dell XPS 13,Electronics,Laptops,3,1583.0,4749.0,4232.26,2023-05-17 11:34:00,"687 Street, Cairo",Cairo,Wholesale,Corporate,Africa,Card,1.0,Rep_B,
1495,T1495,Logitech Mouse,Electronics,Accessories,3,929.0,2787.0,1398.5,2023-02-19 20:26:00,"569 Street, Cairo",Cairo,Online,Consumer,Asia,Cash,,Rep_D,
1496,T1496,Logitech Mouse,Electronics,Accessories,5,990.0,4950.0,4069.09,2023-11-06 09:54:00,"716 Street, Cairo",Cairo,In-Store,Small Business,South America,Card,9.0,Rep_A,
1497,T1497,Samsung Galaxy S21,Electronics,Phones,3,1519.0,4557.0,2367.53,2023-12-12 09:23:00,"116 Street, Mumbai",Mumbai,Wholesale,Consumer,Asia,Cash,,Rep_B,
1498,T1498,Samsung Galaxy S21,Electronics,Phones,4,1656.0,6624.0,5662.02,2023-06-25 12:55:00,"375 Street, Lagos",Lagos,Online,Consumer,South America,Cash,2.0,Rep_C,
1499,T1499,Logitech Mouse,Electronics,Accessories,1,1714.0,1714.0,1516.26,2023-07-02 05:32:00,"8 Street, São Paulo",São Paulo,In-Store,Small Business,Africa,Card,4.0,Rep_A,
1500,T1500,MacBook Air,Electronics,Laptops,3,1540.0,4620.0,3561.39,2023-01-10 19:49:00,"239 Street, Nairobi",Nairobi,Wholesale,Small Business,Asia,Cash,2.0,Rep_A,
1501,T1501,Dell XPS 13,Electronics,Laptops,3,388.0,1164.0,781.34,2023-11-21 17:11:00,"123 Street, Jakarta",Jakarta,In-Store,Small Business,Asia,Cash,9.0,Rep_B,
1502,T1502,MacBook Air,Electronics,Laptops,4,1819.0,7276.0,4985.02,2023-09-12 02:30:00,"503 Street, Mumbai",Mumbai,Online,Corporate,Europe,Cash,5.0,Rep_B,
1503,T1503,Dell XPS 13,Electronics,Laptops,5,1688.0,8440.0,5351.69,2023-03-07 18:10:00,"549 Street, Jakarta",Jakarta,In-Store,Consumer,Africa,Card,,Rep_B,
1504,T1504,MacBook Air,Electronics,Laptops,5,1883.0,9415.0,7857.84,2023-01-11 08:48:00,"3 Street, Cairo",Cairo,Online,Small Business,Asia,Cash,3.0,Rep_D,
1505,T1505,27in 4K Gaming Monitor,Electronics,Monitors,4,248.0,992.0,538.3,2023-04-18 23:39:00,"112 Street, Bangkok",Bangkok,In-Store,Small Business,Europe,Card,1.0,Rep_C,
1506,T1506,Logitech Mouse,Electronics,Accessories,1,307.0,307.0,218.53,2023-06-20 17:39:00,"28 Street, Nairobi",Nairobi,Wholesale,Small Business,South America,Transfer,9.0,Rep_A,
1507,T1507,AirPods Pro,Electronics,Accessories,5,641.0,3205.0,2300.94,2023-10-28 04:21:00,"135 Street, Nairobi",Nairobi,Wholesale,Corporate,South America,Cash,5.0,Rep_C,
1508,T1508,iPhone 13,Electronics,Phones,4,1805.0,7220.0,5004.53,2023-08-04 12:39:00,"694 Street, Lagos",Lagos,Wholesale,Consumer,South America,Cash,7.0,Rep_C,
1509,T1509,Logitech Mouse,Electronics,Accessories,1,803.0,803.0,540.5,2023-08-23 17:42:00,"498 Street, Mumbai",Mumbai,Wholesale,Small Business,South America,Cash,4.0,Rep_D,
1510,T1510,iPhone 13,Electronics,Phones,2,1070.0,2140.0,1913.55,2023-08-20 23:38:00,"911 Street, Bangkok",Bangkok,Online,Consumer,South America,Transfer,5.0,Rep_B,
1511,T1511,MacBook Air,Electronics,Laptops,3,1736.0,5208.0,3712.29,2023-03-07 04:08:00,"82 Street, Bangkok",Bangkok,Wholesale,Consumer,South America,Cash,6.0,Rep_A,
1512,T1512,AirPods Pro,Electronics,Accessories,1,376.0,376.0,337.35,2023-09-29 20:04:00,"559 Street, Cairo",Cairo,In-Store,Consumer,Asia,Transfer,6.0,Rep_D,
1515,T1515,iPhone 13,Electronics,Phones,4,801.0,3204.0,1915.27,2023-12-13 08:04:00,"410 Street, Nairobi",Nairobi,Online,Small Business,Asia,Transfer,4.0,Rep_B,
1517,T1517,iPhone 13,Electronics,Phones,1,738.0,738.0,399.53,2023-04-24 19:01:00,"860 Street, Lagos",Lagos,Wholesale,Corporate,Asia,Cash,3.0,Rep_C,
1518,T1518,Samsung Galaxy S21,Electronics,Phones,4,1030.0,4120.0,3612.27,2023-09-24 11:21:00,"77 Street, Lagos",Lagos,Wholesale,Consumer,Asia,Card,3.0,Rep_B,
1519,T1519,Samsung Galaxy S21,Electronics,Phones,3,700.0,2100.0,1419.9,2023-09-30 15:13:00,"97 Street, São Paulo",São Paulo,Wholesale,Corporate,Asia,Transfer,1.0,Rep_D,
1520,T1520,Dell XPS 13,Electronics,Laptops,5,945.0,4725.0,2980.72,2023-10-30 06:13:00,"255 Street, Lagos",Lagos,In-Store,Consumer,South America,Card,3.0,Rep_B,
1521,T1521,Samsung Galaxy S21,Electronics,Phones,3,1655.0,4965.0,3604.89,2023-08-12 00:33:00,"575 Street, Bangkok",Bangkok,Online,Small Business,South America,Cash,2.0,Rep_B,
1522,T1522,Dell XPS 13,Electronics,Laptops,1,201.0,201.0,105.48,2023-04-21 08:29:00,"210 Street, São Paulo",São Paulo,Online,Small Business,Africa,Transfer,7.0,Rep_C,
1523,T1523,MacBook Air,Electronics,Laptops,1,823.0,823.0,663.53,2023-04-22 03:28:00,"476 Street, Mumbai",Mumbai,Wholesale,Corporate,Asia,Cash,8.0,Rep_D,
1524,T1524,Samsung Galaxy S21,Electronics,Phones,1,1470.0,1470.0,840.59,2023-05-19 06:49:00,"484 Street, Lagos",Lagos,Wholesale,Small Business,South America,Cash,9.0,Rep_D,
1525,T1525,AirPods Pro,Electronics,Accessories,2,1514.0,3028.0,2718.85,2023-04-02 10:34:00,"468 Street, São Paulo",São Paulo,Wholesale,Consumer,Asia,Card,5.0,Rep_C,
1526,T1526,Dell XPS 13,Electronics,Laptops,3,274.0,822.0,440.27,2023-02-28 15:22:00,"823 Street, Mumbai",Mumbai,Online,Corporate,Africa,Cash,8.0,Rep_D,
1527,T1527,iPhone 13,Electronics,Phones,3,1171.0,3513.0,2065.14,2023-11-04 12:46:00,"140 Street, Bangkok",Bangkok,Wholesale,Consumer,South America,Transfer,,Rep_B,
1528,T1528,MacBook Air,Electronics,Laptops,5,1998.0,9990.0,7709.54,2023-11-29 11:50:00,"417 Street, Nairobi",Nairobi,In-Store,Small Business,Africa,Cash,,Rep_A,
1529,T1529,Logitech Mouse,Electronics,Accessories,3,345.0,1035.0,647.53,2023-10-21 14:22:00,"597 Street, Nairobi",Nairobi,Wholesale,Small Business,South America,Transfer,7.0,Rep_A,
1530,T1530,iPhone 13,Electronics,Phones,3,397.0,1191.0,849.06,2023-07-10 01:50:00,"650 Street, Jakarta",Jakarta,In-Store,Corporate,Africa,Card,5.0,Rep_A,
1531,T1531,Dell XPS 13,Electronics,Laptops,2,1598.0,3196.0,2296.36,2023-09-29 14:08:00,"428 Street, Bangkok",Bangkok,Online,Consumer,South America,Cash,5.0,Rep_C,
1532,T1532,AirPods Pro,Electronics,Accessories,3,1541.0,4623.0,3206.98,2023-06-21 08:00:00,"532 Street, Mumbai",Mumbai,Online,Small Business,Asia,Cash,6.0,Rep_D,
1533,T1533,27in 4K Gaming Monitor,Electronics,Monitors,3,978.0,2934.0,2228.34,2023-01-31 01:17:00,"252 Street, Nairobi",Nairobi,Wholesale,Small Business,South America,Card,1.0,Rep_A,
1534,T1534,Logitech Mouse,Electronics,Accessories,2,513.0,1026.0,740.75,2023-06-29 03:00:00,"986 Street, Jakarta",Jakarta,Wholesale,Corporate,Europe,Transfer,,Rep_B,
1535,T1535,Logitech Mouse,Electronics,Accessories,3,393.0,1179.0,1029.38,2023-06-20 21:59:00,"952 Street, Mumbai",Mumbai,Online,Corporate,Asia,Transfer,3.0,Rep_D,
1536,T1536,iPhone 13,Electronics,Phones,4,928.0,3712.0,2255.96,2023-12-22 06:06:00,"224 Street, Bangkok",Bangkok,Wholesale,Consumer,Europe,Card,9.0,Rep_A,
1537,T1537,iPhone 13,Electronics,Phones,5,1138.0,5690.0,4082.46,2023-08-29 10:25:00,"454 Street, Nairobi",Nairobi,Wholesale,Corporate,Africa,Cash,8.0,Rep_A,
1538,T1538,MacBook Air,Electronics,Laptops,2,1929.0,3858.0,3368.23,2023-02-01 10:33:00,"773 Street, Bangkok",Bangkok,Wholesale,Corporate,Europe,Cash,2.0,Rep_B,
1539,T1539,Dell XPS 13,Electronics,Laptops,5,377.0,1885.0,1379.69,2023-08-22 22:33:00,"370 Street, Lagos",Lagos,In-Store,Corporate,South America,Cash,5.0,Rep_D,
1540,T1540,iPhone 13,Electronics,Phones,2,746.0,1492.0,757.02,2023-05-16 22:53:00,"878 Street, São Paulo",São Paulo,Online,Corporate,Africa,Cash,9.0,Rep_D,
1541,T1541,27in 4K Gaming Monitor,Electronics,Monitors,5,1211.0,6055.0,3302.15,2023-05-16 14:52:00,"787 Street, Nairobi",Nairobi,Online,Small Business,Africa,Card,8.0,Rep_C,
1542,T1542,Logitech Mouse,Electronics,Accessories,1,1231.0,1231.0,1045.17,2023-11-22 15:25:00,"919 Street, Bangkok",Bangkok,Online,Corporate,Africa,Cash,1.0,Rep_D,
1543,T1543,MacBook Air,Electronics,Laptops,3,997.0,2991.0,2665.41,2023-05-21 13:47:00,"706 Street, Nairobi",Nairobi,Online,Small Business,Europe,Transfer,,Rep_A,
1544,T1544,iPhone 13,Electronics,Phones,1,1392.0,1392.0,1161.38,2023-02-15 01:16:00,"388 Street, Jakarta",Jakarta,Online,Corporate,South America,Card,3.0,Rep_C,
1545,T1545,Samsung Galaxy S21,Electronics,Phones,1,1690.0,1690.0,1145.55,2023-10-16 11:21:00,"849 Street, Bangkok",Bangkok,Online,Consumer,South America,Transfer,,Rep_A,
1546,T1546,Dell XPS 13,Electronics,Laptops,3,314.0,942.0,708.22,2023-10-06 10:54:00,"299 Street, Mumbai",Mumbai,In-Store,Corporate,Asia,Cash,7.0,Rep_B,
1547,T1547,iPhone 13,Electronics,Phones,1,118.0,118.0,103.38,2023-05-26 23:12:00,"263 Street, São Paulo",São Paulo,In-Store,Consumer,South America,Transfer,6.0,Rep_C,
1548,T1548,27in 4K Gaming Monitor,Electronics,Monitors,4,167.0,668.0,467.93,2023-06-11 07:12:00,"28 Street, São Paulo",São Paulo,Online,Corporate,Africa,Transfer,2.0,Rep_D,
1549,T1549,iPhone 13,Electronics,Phones,4,1397.0,5588.0,2796.95,2023-01-16 20:53:00,"62 Street, São Paulo",São Paulo,Wholesale,Corporate,Europe,Card,8.0,Rep_B,
1550,T1550,AirPods Pro,Electronics,Accessories,1,630.0,630.0,428.6,2023-11-05 22:06:00,"973 Street, Mumbai",Mumbai,In-Store,Small Business,Europe,Card,3.0,Rep_A,
1551,T1551,Logitech Mouse,Electronics,Accessories,3,745.0,2235.0,1696.2,2023-09-20 15:04:00,"310 Street, Jakarta",Jakarta,Wholesale,Small Business,Asia,Transfer,5.0,Rep_B,
1552,T1552,Logitech Mouse,Electronics,Accessories,3,352.0,1056.0,829.82,2023-11-16 17:20:00,"534 Street, Cairo",Cairo,Wholesale,Consumer,South America,Cash,5.0,Rep_B,
1553,T1553,Samsung Galaxy S21,Electronics,Phones,1,1421.0,1421.0,872.24,2023-10-05 12:47:00,"10 Street, Cairo",Cairo,In-Store,Consumer,Europe,Card,2.0,Rep_A,
1554,T1554,iPhone 13,Electronics,Phones,3,104.0,312.0,180.24,2023-01-21 06:32:00,"285 Street, Mumbai",Mumbai,Online,Corporate,South America,Cash,,Rep_D,
1555,T1555,27in 4K Gaming Monitor,Electronics,Monitors,4,169.0,676.0,431.06,2023-09-02 03:03:00,"504 Street, Mumbai",Mumbai,In-Store,Small Business,South America,Cash,7.0,Rep_C,
1556,T1556,AirPods Pro,Electronics,Accessories,3,1765.0,5295.0,4097.13,2023-01-13 23:59:00,"352 Street, Bangkok",Bangkok,Online,Corporate,Asia,Transfer,,Rep_A,
1557,T1557,27in 4K Gaming Monitor,Electronics,Monitors,2,579.0,1158.0,1004.8,2023-11-12 21:35:00,"311 Street, Jakarta",Jakarta,Wholesale,Small Business,South America,Cash,2.0,Rep_A,
1558,T1558,iPhone 13,Electronics,Phones,1,757.0,757.0,545.34,2023-12-06 14:06:00,"797 Street, Jakarta",Jakarta,In-Store,Consumer,Asia,Transfer,4.0,Rep_D,
1559,T1559,AirPods Pro,Electronics,Accessories,5,450.0,2250.0,1787.45,2023-07-24 11:23:00,"805 Street, Nairobi",Nairobi,Wholesale,Small Business,Africa,Transfer,,Rep_D,
1561,T1561,iPhone 13,Electronics,Phones,3,719.0,2157.0,1797.62,2023-11-05 18:15:00,"499 Street, Nairobi",Nairobi,In-Store,Small Business,Europe,Card,1.0,Rep_C,
1562,T1562,iPhone 13,Electronics,Phones,4,1649.0,6596.0,4647.69,2023-03-10 06:12:00,"606 Street, Bangkok",Bangkok,Wholesale,Corporate,Europe,Transfer,7.0,Rep_C,
1563,T1563,Logitech Mouse,Electronics,Accessories,5,1463.0,7315.0,6258.84,2023-03-24 05:11:00,"380 Street, Cairo",Cairo,Wholesale,Small Business,Africa,Card,8.0,Rep_B,
1564,T1564,AirPods Pro,Electronics,Accessories,4,1497.0,5988.0,4852.95,2023-08-03 02:36:00,"122 Street, Lagos",Lagos,Wholesale,Corporate,Asia,Card,1.0,Rep_C,
1565,T1565,iPhone 13,Electronics,Phones,1,1294.0,1294.0,826.37,2023-10-11 01:25:00,"485 Street, São Paulo",São Paulo,Wholesale,Small Business,Asia,Transfer,9.0,Rep_B,
1566,T1566,Dell XPS 13,Electronics,Laptops,5,743.0,3715.0,2413.66,2023-03-17 08:31:00,"152 Street, Bangkok",Bangkok,Wholesale,Corporate,Europe,Cash,1.0,Rep_A,
1567,T1567,AirPods Pro,Electronics,Accessories,3,409.0,1227.0,710.72,2023-01-01 05:52:00,"291 Street, Bangkok",Bangkok,Wholesale,Consumer,Asia,Card,,Rep_C,
1568,T1568,Dell XPS 13,Electronics,Laptops,2,1865.0,3730.0,3151.88,2023-01-16 12:35:00,"939 Street, Bangkok",Bangkok,Wholesale,Corporate,Africa,Transfer,3.0,Rep_A,
1569,T1569,27in 4K Gaming Monitor,Electronics,Monitors,1,498.0,498.0,262.46,2023-10-02 03:50:00,"143 Street, Nairobi",Nairobi,Wholesale,Small Business,Africa,Card,1.0,Rep_B,
1570,T1570,MacBook Air,Electronics,Laptops,1,1148.0,1148.0,989.59,2023-08-26 14:55:00,"449 Street, Jakarta",Jakarta,Wholesale,Corporate,Africa,Cash,2.0,Rep_D,
1571,T1571,Logitech Mouse,Electronics,Accessories,1,288.0,288.0,218.4,2023-01-10 10:04:00,"445 Street, Mumbai",Mumbai,In-Store,Corporate,Europe,Cash,4.0,Rep_D,
1572,T1572,iPhone 13,Electronics,Phones,1,1708.0,1708.0,912.79,2023-06-10 08:42:00,"311 Street, São Paulo",São Paulo,In-Store,Small Business,Africa,Card,,Rep_C,
1573,T1573,iPhone 13,Electronics,Phones,5,1972.0,9860.0,7227.78,2023-12-25 01:00:00,"427 Street, Cairo",Cairo,In-Store,Consumer,Africa,Transfer,7.0,Rep_A,
1574,T1574,27in 4K Gaming Monitor,Electronics,Monitors,4,1606.0,6424.0,5120.71,2023-09-21 17:03:00,"579 Street, Cairo",Cairo,In-Store,Corporate,Asia,Cash,2.0,Rep_C,
1575,T1575,Logitech Mouse,Electronics,Accessories,1,407.0,407.0,218.49,2023-04-02 17:23:00,"173 Street, Lagos",Lagos,In-Store,Corporate,South America,Card,9.0,Rep_C,
1576,T1576,Logitech Mouse,Electronics,Accessories,1,504.0,504.0,297.46,2023-08-12 11:15:00,"650 Street, São Paulo",São Paulo,In-Store,Corporate,South America,Transfer,4.0,Rep_D,
1577,T1577,Samsung Galaxy S21,Electronics,Phones,2,65.0,130.0,110.91,2023-10-08 07:23:00,"862 Street, Cairo",Cairo,Online,Corporate,Africa,Card,2.0,Rep_D,
1578,T1578,iPhone 13,Electronics,Phones,4,1015.0,4060.0,2955.52,2023-01-18 23:22:00,"630 Street, São Paulo",São Paulo,In-Store,Corporate,South America,Card,5.0,Rep_B,
1579,T1579,Dell XPS 13,Electronics,Laptops,3,1105.0,3315.0,2793.36,2023-07-18 21:26:00,"301 Street, Cairo",Cairo,Wholesale,Corporate,Africa,Transfer,7.0,Rep_A,
1580,T1580,Dell XPS 13,Electronics,Laptops,3,1358.0,4074.0,2719.97,2023-04-23 05:10:00,"930 Street, Nairobi",Nairobi,Online,Small Business,Europe,Cash,2.0,Rep_D,
1581,T1581,27in 4K Gaming Monitor,Electronics,Monitors,4,103.0,412.0,353.4,2023-09-22 20:12:00,"203 Street, Mumbai",Mumbai,Online,Small Business,Europe,Card,1.0,Rep_C,
1582,T1582,27in 4K Gaming Monitor,Electronics,Monitors,2,596.0,1192.0,935.38,2023-06-09 22:32:00,"398 Street, Cairo",Cairo,In-Store,Consumer,Europe,Cash,3.0,Rep_B,
1585,T1585,Dell XPS 13,Electronics,Laptops,1,1858.0,1858.0,1120.43,2023-04-28 12:30:00,"414 Street, Jakarta",Jakarta,In-Store,Small Business,Asia,Transfer,2.0,Rep_D,
1587,T1587,Samsung Galaxy S21,Electronics,Phones,2,808.0,1616.0,983.32,2023-08-27 22:35:00,"537 Street, Jakarta",Jakarta,Wholesale,Corporate,Africa,Transfer,3.0,Rep_A,
1588,T1588,AirPods Pro,Electronics,Accessories,2,1818.0,3636.0,1945.63,2023-09-12 17:38:00,"387 Street, Jakarta",Jakarta,Online,Consumer,Europe,Card,6.0,Rep_C,
1589,T1589,Samsung Galaxy S21,Electronics,Phones,1,1674.0,1674.0,1213.94,2023-10-28 03:22:00,"960 Street, Jakarta",Jakarta,Wholesale,Small Business,Europe,Cash,,Rep_B,
1590,T1590,AirPods Pro,Electronics,Accessories,3,1744.0,5232.0,2945.28,2023-12-27 08:54:00,"195 Street, Mumbai",Mumbai,In-Store,Corporate,Africa,Cash,4.0,Rep_A,
1591,T1591,Dell XPS 13,Electronics,Laptops,5,715.0,3575.0,2558.88,2023-01-31 03:09:00,"381 Street, São Paulo",São Paulo,Online,Consumer,Africa,Cash,9.0,Rep_B,
1592,T1592,Dell XPS 13,Electronics,Laptops,2,1609.0,3218.0,1862.05,2023-03-19 21:15:00,"467 Street, Jakarta",Jakarta,Wholesale,Corporate,Asia,Transfer,7.0,Rep_A,
1593,T1593,Samsung Galaxy S21,Electronics,Phones,3,1305.0,3915.0,2674.44,2023-02-11 12:40:00,"16 Street, Cairo",Cairo,Wholesale,Consumer,Asia,Cash,,Rep_C,
1594,T1594,27in 4K Gaming Monitor,Electronics,Monitors,2,1847.0,3694.0,3257.54,2023-09-27 06:04:00,"858 Street, Cairo",Cairo,In-Store,Consumer,Europe,Card,4.0,Rep_A,
1595,T1595,Samsung Galaxy S21,Electronics,Phones,5,776.0,3880.0,2887.68,2023-06-23 01:33:00,"315 Street, Cairo",Cairo,Wholesale,Consumer,Europe,Cash,3.0,Rep_D,
1596,T1596,iPhone 13,Electronics,Phones,5,1647.0,8235.0,6878.71,2023-12-02 11:24:00,"854 Street, Bangkok",Bangkok,Online,Small Business,Europe,Transfer,3.0,Rep_C,
1597,T1597,MacBook Air,Electronics,Laptops,4,532.0,2128.0,1844.28,2023-04-08 23:05:00,"50 Street, Nairobi",Nairobi,Online,Small Business,South America,Transfer,7.0,Rep_B,
1598,T1598,Samsung Galaxy S21,Electronics,Phones,5,1131.0,5655.0,3676.35,2023-10-16 13:00:00,"448 Street, São Paulo",São Paulo,Wholesale,Corporate,Europe,Transfer,9.0,Rep_D,
1599,T1599,Samsung Galaxy S21,Electronics,Phones,5,1863.0,9315.0,7989.6,2023-07-21 14:51:00,"180 Street, Bangkok",Bangkok,Online,Corporate,Asia,Card,9.0,Rep_D,
1600,T1600,AirPods Pro,Electronics,Accessories,4,266.0,1064.0,905.14,2023-08-28 01:57:00,"386 Street, Bangkok",Bangkok,In-Store,Consumer,Asia,Cash,1.0,Rep_A,
1601,T1601,Dell XPS 13,Electronics,Laptops,3,1947.0,5841.0,4878.81,2023-03-30 00:13:00,"793 Street, Cairo",Cairo,Wholesale,Small Business,Africa,Transfer,1.0,Rep_B,
1602,T1602,Logitech Mouse,Electronics,Accessories,1,1877.0,1877.0,1108.96,2023-05-14 06:37:00,"681 Street, Nairobi",Nairobi,In-Store,Corporate,Africa,Transfer,2.0,Rep_C,
1603,T1603,AirPods Pro,Electronics,Accessories,5,1618.0,8090.0,5553.35,2023-07-13 05:08:00,"473 Street, São Paulo",São Paulo,Online,Consumer,Africa,Cash,7.0,Rep_A,
1604,T1604,AirPods Pro,Electronics,Accessories,3,520.0,1560.0,868.54,2023-09-05 14:38:00,"42 Street, Lagos",Lagos,In-Store,Consumer,Europe,Cash,2.0,Rep_B,
1605,T1605,MacBook Air,Electronics,Laptops,2,1111.0,2222.0,1233.48,2023-06-01 05:37:00,"631 Street, Nairobi",Nairobi,In-Store,Corporate,Europe,Card,9.0,Rep_A,
1607,T1607,Dell XPS 13,Electronics,Laptops,3,1689.0,5067.0,3799.03,2023-10-31 14:52:00,"697 Street, Cairo",Cairo,Online,Consumer,Africa,Cash,3.0,Rep_B,
1608,T1608,Logitech Mouse,Electronics,Accessories,3,1749.0,5247.0,4489.1,2023-10-11 15:08:00,"379 Street, Mumbai",Mumbai,In-Store,Consumer,Africa,Card,6.0,Rep_D,
1609,T1609,Logitech Mouse,Electronics,Accessories,5,1478.0,7390.0,6136.58,2023-02-22 07:09:00,"244 Street, Cairo",Cairo,Online,Corporate,Africa,Card,9.0,Rep_B,
1610,T1610,Logitech Mouse,Electronics,Accessories,3,1256.0,3768.0,2636.07,2023-06-23 09:38:00,"161 Street, Cairo",Cairo,Online,Consumer,South America,Card,6.0,Rep_D,
1611,T1611,Samsung Galaxy S21,Electronics,Phones,1,251.0,251.0,156.36,2023-01-08 23:18:00,"911 Street, Lagos",Lagos,In-Store,Corporate,Africa,Card,9.0,Rep_A,
1612,T1612,Dell XPS 13,Electronics,Laptops,2,279.0,558.0,327.18,2023-10-22 19:11:00,"76 Street, Bangkok",Bangkok,Wholesale,Corporate,Europe,Cash,,Rep_B,
1613,T1613,27in 4K Gaming Monitor,Electronics,Monitors,2,865.0,1730.0,893.37,2023-08-18 22:12:00,"873 Street, São Paulo",São Paulo,Wholesale,Small Business,Asia,Cash,3.0,Rep_C,
1614,T1614,Dell XPS 13,Electronics,Laptops,1,1439.0,1439.0,810.24,2023-06-15 19:44:00,"681 Street, Mumbai",Mumbai,In-Store,Small Business,Asia,Card,3.0,Rep_A,
1615,T1615,27in 4K Gaming Monitor,Electronics,Monitors,2,1228.0,2456.0,1461.74,2023-05-25 21:32:00,"786 Street, Mumbai",Mumbai,Online,Corporate,Europe,Transfer,9.0,Rep_C,
1616,T1616,MacBook Air,Electronics,Laptops,5,1589.0,7945.0,6415.1,2023-04-14 22:43:00,"815 Street, Cairo",Cairo,Online,Small Business,Europe,Card,7.0,Rep_B,
1617,T1617,AirPods Pro,Electronics,Accessories,1,514.0,514.0,419.61,2023-04-27 09:57:00,"863 Street, São Paulo",São Paulo,Wholesale,Consumer,Asia,Card,1.0,Rep_A,
1618,T1618,MacBook Air,Electronics,Laptops,4,1015.0,4060.0,3578.6,2023-01-12 17:39:00,"249 Street, Cairo",Cairo,Wholesale,Consumer,Asia,Transfer,,Rep_C,
1619,T1619,AirPods Pro,Electronics,Accessories,2,240.0,480.0,254.84,2023-11-15 07:50:00,"781 Street, Nairobi",Nairobi,Online,Consumer,Africa,Transfer,9.0,Rep_C,
1620,T1620,MacBook Air,Electronics,Laptops,5,1337.0,6685.0,4154.17,2023-06-22 20:44:00,"849 Street, São Paulo",São Paulo,In-Store,Consumer,Asia,Transfer,6.0,Rep_C,
1621,T1621,Samsung Galaxy S21,Electronics,Phones,2,418.0,836.0,674.1,2023-02-18 22:10:00,"952 Street, Nairobi",Nairobi,Online,Consumer,Asia,Transfer,7.0,Rep_A,
1622,T1622,27in 4K Gaming Monitor,Electronics,Monitors,1,317.0,317.0,169.47,2023-01-08 09:24:00,"893 Street, Nairobi",Nairobi,Online,Small Business,South America,Cash,9.0,Rep_B,
1623,T1623,Dell XPS 13,Electronics,Laptops,3,358.0,1074.0,766.82,2023-08-16 20:27:00,"399 Street, Bangkok",Bangkok,Online,Consumer,South America,Card,6.0,Rep_C,
1624,T1624,Logitech Mouse,Electronics,Accessories,4,993.0,3972.0,2134.15,2023-05-10 21:47:00,"576 Street, Mumbai",Mumbai,In-Store,Small Business,Africa,Transfer,8.0,Rep_B,
1626,T1626,MacBook Air,Electronics,Laptops,2,375.0,750.0,605.0,2023-07-21 00:59:00,"733 Street, Jakarta",Jakarta,In-Store,Corporate,Asia,Cash,7.0,Rep_D,
1627,T1627,MacBook Air,Electronics,Laptops,5,950.0,4750.0,3315.08,2023-09-20 13:56:00,"558 Street, Bangkok",Bangkok,Online,Small Business,Asia,Cash,3.0,Rep_A,
1628,T1628,Samsung Galaxy S21,Electronics,Phones,3,1535.0,4605.0,3912.24,2023-04-21 07:36:00,"13 Street, São Paulo",São Paulo,Online,Corporate,Europe,Cash,1.0,Rep_C,
1630,T1630,27in 4K Gaming Monitor,Electronics,Monitors,1,1798.0,1798.0,953.47,2023-01-10 22:43:00,"739 Street, Nairobi",Nairobi,In-Store,Small Business,Asia,Cash,9.0,Rep_D,
1631,T1631,Logitech Mouse,Electronics,Accessories,3,1930.0,5790.0,4624.83,2023-01-02 18:09:00,"464 Street, Lagos",Lagos,Online,Consumer,Asia,Transfer,2.0,Rep_D,
1632,T1632,AirPods Pro,Electronics,Accessories,2,1680.0,3360.0,2321.02,2023-02-26 17:37:00,"582 Street, Mumbai",Mumbai,Online,Small Business,Europe,Card,3.0,Rep_D,
1633,T1633,iPhone 13,Electronics,Phones,2,251.0,502.0,336.96,2023-10-19 09:49:00,"739 Street, Nairobi",Nairobi,In-Store,Consumer,Asia,Transfer,4.0,Rep_C,
1634,T1634,MacBook Air,Electronics,Laptops,2,926.0,1852.0,1295.19,2023-10-28 03:56:00,"723 Street, Lagos",Lagos,Wholesale,Corporate,Asia,Card,4.0,Rep_C,
1635,T1635,Samsung Galaxy S21,Electronics,Phones,3,859.0,2577.0,2215.56,2023-10-11 15:03:00,"18 Street, Lagos",Lagos,In-Store,Small Business,Europe,Card,1.0,Rep_A,
1636,T1636,Logitech Mouse,Electronics,Accessories,1,1283.0,1283.0,780.97,2023-10-08 02:00:00,"264 Street, Lagos",Lagos,In-Store,Small Business,Asia,Card,2.0,Rep_C,
1637,T1637,iPhone 13,Electronics,Phones,1,950.0,950.0,781.73,2023-12-16 23:44:00,"790 Street, Bangkok",Bangkok,In-Store,Small Business,Europe,Card,2.0,Rep_C,
1638,T1638,MacBook Air,Electronics,Laptops,4,133.0,532.0,296.7,2023-07-28 09:06:00,"819 Street, Mumbai",Mumbai,Online,Consumer,South America,Transfer,9.0,Rep_D,
1639,T1639,Samsung Galaxy S21,Electronics,Phones,1,442.0,442.0,364.75,2023-07-22 07:24:00,"266 Street, São Paulo",São Paulo,Online,Small Business,Europe,Cash,3.0,Rep_B,
1640,T1640,AirPods Pro,Electronics,Accessories,3,1719.0,5157.0,3536.04,2023-01-13 02:55:00,"184 Street, Jakarta",Jakarta,In-Store,Consumer,South America,Card,9.0,Rep_D,
1641,T1641,Samsung Galaxy S21,Electronics,Phones,2,1149.0,2298.0,1416.46,2023-10-10 15:23:00,"54 Street, Mumbai",Mumbai,Wholesale,Consumer,Africa,Card,9.0,Rep_C,
1642,T1642,iPhone 13,Electronics,Phones,3,1491.0,4473.0,3916.04,2023-06-25 21:17:00,"385 Street, Lagos",Lagos,Wholesale,Corporate,Africa,Transfer,6.0,Rep_B,
1643,T1643,Samsung Galaxy S21,Electronics,Phones,3,1977.0,5931.0,5203.06,2023-03-26 13:03:00,"136 Street, Mumbai",Mumbai,In-Store,Small Business,Africa,Card,,Rep_A,
1644,T1644,Dell XPS 13,Electronics,Laptops,4,1281.0,5124.0,3967.47,2023-04-04 18:24:00,"878 Street, Jakarta",Jakarta,In-Store,Small Business,South America,Transfer,9.0,Rep_C,
1645,T1645,MacBook Air,Electronics,Laptops,4,258.0,1032.0,535.99,2023-10-09 09:33:00,"311 Street, Bangkok",Bangkok,Wholesale,Small Business,South America,Transfer,9.0,Rep_C,
1647,T1647,Dell XPS 13,Electronics,Laptops,5,588.0,2940.0,1541.28,2023-07-05 14:23:00,"656 Street, Nairobi",Nairobi,Wholesale,Corporate,South America,Transfer,9.0,Rep_D,
1648,T1648,iPhone 13,Electronics,Phones,3,1567.0,4701.0,4204.15,2023-07-07 03:10:00,"592 Street, São Paulo",São Paulo,Online,Consumer,Africa,Transfer,1.0,Rep_D,
1649,T1649,27in 4K Gaming Monitor,Electronics,Monitors,1,1889.0,1889.0,1621.81,2023-01-11 11:45:00,"640 Street, Lagos",Lagos,Online,Consumer,South America,Card,7.0,Rep_A,
1650,T1650,MacBook Air,Electronics,Laptops,2,658.0,1316.0,1137.48,2023-07-20 02:57:00,"839 Street, Jakarta",Jakarta,Online,Corporate,Africa,Transfer,,Rep_C,
1651,T1651,iPhone 13,Electronics,Phones,2,513.0,1026.0,616.76,2023-10-10 14:31:00,"327 Street, Lagos",Lagos,Online,Small Business,Africa,Card,3.0,Rep_C,
1652,T1652,AirPods Pro,Electronics,Accessories,2,1040.0,2080.0,1817.99,2023-04-06 02:07:00,"991 Street, Nairobi",Nairobi,Wholesale,Corporate,Europe,Card,1.0,Rep_B,
1653,T1653,Dell XPS 13,Electronics,Laptops,5,706.0,3530.0,2568.04,2023-03-03 10:33:00,"887 Street, Nairobi",Nairobi,Wholesale,Consumer,Africa,Cash,9.0,Rep_A,
1654,T1654,Logitech Mouse,Electronics,Accessories,4,1574.0,6296.0,4679.94,2023-11-20 11:48:00,"447 Street, Cairo",Cairo,Wholesale,Consumer,South America,Card,1.0,Rep_C,
1655,T1655,MacBook Air,Electronics,Laptops,3,289.0,867.0,734.52,2023-02-23 22:04:00,"420 Street, Nairobi",Nairobi,Wholesale,Consumer,Africa,Card,4.0,Rep_B,
1656,T1656,AirPods Pro,Electronics,Accessories,5,1301.0,6505.0,4030.71,2023-11-17 20:39:00,"579 Street, Mumbai",Mumbai,Online,Consumer,South America,Cash,1.0,Rep_A,
1657,T1657,iPhone 13,Electronics,Phones,5,864.0,4320.0,3156.12,2023-01-13 11:23:00,"233 Street, Lagos",Lagos,In-Store,Small Business,Asia,Transfer,1.0,Rep_B,
1658,T1658,MacBook Air,Electronics,Laptops,2,1278.0,2556.0,1954.96,2023-04-13 08:55:00,"482 Street, Jakarta",Jakarta,In-Store,Corporate,Asia,Card,5.0,Rep_B,
1659,T1659,Samsung Galaxy S21,Electronics,Phones,5,349.0,1745.0,1526.15,2023-06-28 09:43:00,"816 Street, Jakarta",Jakarta,In-Store,Corporate,Asia,Transfer,,Rep_B,
1660,T1660,AirPods Pro,Electronics,Accessories,4,1389.0,5556.0,2876.47,2023-08-12 05:58:00,"126 Street, Lagos",Lagos,In-Store,Small Business,South America,Card,6.0,Rep_B,
1661,T1661,Logitech Mouse,Electronics,Accessories,2,1217.0,2434.0,1561.07,2023-10-28 19:16:00,"871 Street, São Paulo",São Paulo,Online,Small Business,Europe,Card,4.0,Rep_C,
1662,T1662,27in 4K Gaming Monitor,Electronics,Monitors,1,318.0,318.0,203.43,2023-08-26 00:28:00,"723 Street, Lagos",Lagos,Wholesale,Small Business,South America,Transfer,5.0,Rep_C,
1663,T1663,27in 4K Gaming Monitor,Electronics,Monitors,5,1673.0,8365.0,4598.88,2023-07-07 23:08:00,"874 Street, Bangkok",Bangkok,Wholesale,Corporate,Africa,Cash,4.0,Rep_B,
1664,T1664,AirPods Pro,Electronics,Accessories,4,1899.0,7596.0,3966.76,2023-06-25 17:06:00,"289 Street, Bangkok",Bangkok,Online,Corporate,South America,Transfer,7.0,Rep_C,
1665,T1665,27in 4K Gaming Monitor,Electronics,Monitors,4,1749.0,6996.0,5838.33,2023-09-19 12:22:00,"61 Street, Bangkok",Bangkok,In-Store,Corporate,South America,Card,6.0,Rep_A,
1666,T1666,Dell XPS 13,Electronics,Laptops,5,740.0,3700.0,2477.31,2023-03-04 04:44:00,"266 Street, Bangkok",Bangkok,Online,Corporate,Africa,Transfer,,Rep_C,
1667,T1667,iPhone 13,Electronics,Phones,5,657.0,3285.0,2291.21,2023-12-12 02:16:00,"577 Street, Cairo",Cairo,In-Store,Consumer,Europe,Card,5.0,Rep_C,
1668,T1668,Logitech Mouse,Electronics,Accessories,1,275.0,275.0,185.47,2023-01-16 20:12:00,"566 Street, Cairo",Cairo,Wholesale,Small Business,Africa,Cash,6.0,Rep_D,
1669,T1669,iPhone 13,Electronics,Phones,4,254.0,1016.0,893.37,2023-11-05 00:27:00,"722 Street, Cairo",Cairo,In-Store,Corporate,Africa,Transfer,,Rep_C,
1670,T1670,MacBook Air,Electronics,Laptops,4,163.0,652.0,565.52,2023-08-25 14:01:00,"606 Street, Lagos",Lagos,In-Store,Consumer,Asia,Card,5.0,Rep_C,
1671,T1671,Dell XPS 13,Electronics,Laptops,1,1453.0,1453.0,1075.19,2023-08-02 01:15:00,"528 Street, Nairobi",Nairobi,In-Store,Consumer,Africa,Cash,,Rep_B,
1672,T1672,MacBook Air,Electronics,Laptops,2,1622.0,3244.0,2040.91,2023-05-30 05:53:00,"806 Street, Jakarta",Jakarta,In-Store,Small Business,South America,Cash,7.0,Rep_A,
1673,T1673,27in 4K Gaming Monitor,Electronics,Monitors,1,1134.0,1134.0,717.32,2023-07-10 06:21:00,"957 Street, Lagos",Lagos,Wholesale,Small Business,South America,Transfer,3.0,Rep_B,
1674,T1674,iPhone 13,Electronics,Phones,5,1571.0,7855.0,6902.34,2023-08-12 22:02:00,"249 Street, São Paulo",São Paulo,Online,Small Business,South America,Cash,3.0,Rep_C,
1675,T1675,AirPods Pro,Electronics,Accessories,3,872.0,2616.0,2067.01,2023-04-11 20:01:00,"747 Street, Jakarta",Jakarta,In-Store,Consumer,South America,Cash,4.0,Rep_A,
1676,T1676,27in 4K Gaming Monitor,Electronics,Monitors,3,1119.0,3357.0,2070.16,2023-09-03 13:00:00,"573 Street, Nairobi",Nairobi,Online,Small Business,Africa,Transfer,6.0,Rep_A,
1677,T1677,MacBook Air,Electronics,Laptops,2,1177.0,2354.0,1938.77,2023-06-27 21:54:00,"643 Street, Bangkok",Bangkok,In-Store,Consumer,Asia,Transfer,8.0,Rep_B,
1678,T1678,iPhone 13,Electronics,Phones,4,525.0,2100.0,1740.85,2023-12-22 06:17:00,"220 Street, Cairo",Cairo,In-Store,Consumer,South America,Card,,Rep_A,
1679,T1679,iPhone 13,Electronics,Phones,5,304.0,1520.0,1207.67,2023-12-25 07:14:00,"699 Street, Lagos",Lagos,Wholesale,Consumer,Asia,Card,7.0,Rep_A,
1680,T1680,Samsung Galaxy S21,Electronics,Phones,2,87.0,174.0,149.68,2023-12-26 00:00:00,"381 Street, Lagos",Lagos,Online,Small Business,South America,Transfer,2.0,Rep_C,
1681,T1681,Samsung Galaxy S21,Electronics,Phones,1,81.0,81.0,44.43,2023-02-11 17:40:00,"867 Street, Lagos",Lagos,In-Store,Corporate,Europe,Transfer,7.0,Rep_D,
1682,T1682,MacBook Air,Electronics,Laptops,3,1997.0,5991.0,3199.0,2023-02-17 01:10:00,"699 Street, Lagos",Lagos,In-Store,Corporate,Asia,Cash,8.0,Rep_B,
1683,T1683,MacBook Air,Electronics,Laptops,3,1606.0,4818.0,3481.86,2023-01-10 13:04:00,"592 Street, Lagos",Lagos,Online,Corporate,Africa,Card,5.0,Rep_A,
1684,T1684,MacBook Air,Electronics,Laptops,5,439.0,2195.0,1928.24,2023-02-11 14:30:00,"758 Street, Mumbai",Mumbai,In-Store,Corporate,Asia,Card,3.0,Rep_A,
1685,T1685,27in 4K Gaming Monitor,Electronics,Monitors,3,1772.0,5316.0,3780.47,2023-04-13 11:28:00,"424 Street, Bangkok",Bangkok,In-Store,Corporate,South America,Cash,1.0,Rep_B,
1686,T1686,Logitech Mouse,Electronics,Accessories,2,524.0,1048.0,817.75,2023-08-22 22:34:00,"312 Street, Cairo",Cairo,Online,Consumer,Asia,Transfer,4.0,Rep_B,
1687,T1687,27in 4K Gaming Monitor,Electronics,Monitors,4,1950.0,7800.0,4826.88,2023-08-28 16:30:00,"768 Street, Mumbai",Mumbai,Wholesale,Consumer,Africa,Transfer,4.0,Rep_D,
1688,T1688,Logitech Mouse,Electronics,Accessories,1,103.0,103.0,60.04,2023-09-04 09:22:00,"408 Street, Cairo",Cairo,Online,Small Business,Europe,Cash,7.0,Rep_A,
1689,T1689,Logitech Mouse,Electronics,Accessories,1,1599.0,1599.0,1062.65,2023-04-06 02:57:00,"352 Street, Jakarta",Jakarta,In-Store,Consumer,Asia,Transfer,9.0,Rep_C,
1690,T1690,iPhone 13,Electronics,Phones,3,775.0,2325.0,1308.12,2023-07-01 17:36:00,"4 Street, Lagos",Lagos,Wholesale,Consumer,Asia,Cash,3.0,Rep_A,
1691,T1691,Logitech Mouse,Electronics,Accessories,5,1672.0,8360.0,6032.48,2023-03-09 19:54:00,"143 Street, Mumbai",Mumbai,In-Store,Consumer,South America,Card,,Rep_A,
1692,T1692,Logitech Mouse,Electronics,Accessories,3,1267.0,3801.0,2536.69,2023-08-06 07:20:00,"129 Street, Jakarta",Jakarta,In-Store,Consumer,Asia,Cash,9.0,Rep_D,
1693,T1693,iPhone 13,Electronics,Phones,4,66.0,264.0,222.41,2023-06-29 11:53:00,"201 Street, Nairobi",Nairobi,Online,Corporate,Africa,Card,5.0,Rep_D,
1694,T1694,Logitech Mouse,Electronics,Accessories,2,352.0,704.0,449.95,2023-05-05 08:13:00,"745 Street, Cairo",Cairo,Wholesale,Consumer,Europe,Transfer,2.0,Rep_B,
1695,T1695,Samsung Galaxy S21,Electronics,Phones,5,1074.0,5370.0,4041.97,2023-05-05 06:01:00,"758 Street, Lagos",Lagos,Online,Consumer,Europe,Transfer,8.0,Rep_B,
1696,T1696,iPhone 13,Electronics,Phones,3,1108.0,3324.0,2111.55,2023-12-07 05:07:00,"392 Street, Cairo",Cairo,In-Store,Small Business,Africa,Card,7.0,Rep_A,
1697,T1697,Logitech Mouse,Electronics,Accessories,4,1623.0,6492.0,5335.28,2023-08-01 23:05:00,"217 Street, Bangkok",Bangkok,Wholesale,Small Business,South America,Transfer,6.0,Rep_D,
1698,T1698,27in 4K Gaming Monitor,Electronics,Monitors,2,779.0,1558.0,831.09,2023-01-02 01:21:00,"497 Street, Bangkok",Bangkok,Online,Corporate,Europe,Transfer,4.0,Rep_A,
1699,T1699,Logitech Mouse,Electronics,Accessories,4,1325.0,5300.0,4626.12,2023-06-03 04:50:00,"783 Street, Bangkok",Bangkok,In-Store,Consumer,South America,Card,,Rep_A,
1700,T1700,Logitech Mouse,Electronics,Accessories,5,409.0,2045.0,1328.97,2023-01-15 16:50:00,"703 Street, Cairo",Cairo,In-Store,Corporate,Europe,Transfer,6.0,Rep_A,
1701,T1701,Logitech Mouse,Electronics,Accessories,1,643.0,643.0,577.73,2023-12-11 04:39:00,"841 Street, Cairo",Cairo,Wholesale,Consumer,South America,Card,9.0,Rep_C,
1702,T1702,Logitech Mouse,Electronics,Accessories,4,976.0,3904.0,2244.19,2023-03-27 02:29:00,"179 Street, Jakarta",Jakarta,Online,Corporate,South America,Cash,6.0,Rep_B,
1703,T1703,iPhone 13,Electronics,Phones,1,420.0,420.0,342.69,2023-07-22 10:23:00,"734 Street, São Paulo",São Paulo,In-Store,Corporate,Africa,Transfer,3.0,Rep_B,
1704,T1704,MacBook Air,Electronics,Laptops,5,919.0,4595.0,3486.27,2023-02-18 01:10:00,"201 Street, Lagos",Lagos,In-Store,Small Business,Africa,Cash,2.0,Rep_C,
1705,T1705,AirPods Pro,Electronics,Accessories,5,913.0,4565.0,2754.74,2023-07-28 03:41:00,"880 Street, Bangkok",Bangkok,In-Store,Consumer,Asia,Cash,2.0,Rep_D,
1706,T1706,Logitech Mouse,Electronics,Accessories,2,686.0,1372.0,872.42,2023-10-27 02:22:00,"816 Street, Bangkok",Bangkok,In-Store,Corporate,Africa,Cash,5.0,Rep_B,
1708,T1708,Logitech Mouse,Electronics,Accessories,2,1362.0,2724.0,1675.34,2023-05-16 01:28:00,"567 Street, Lagos",Lagos,Online,Corporate,South America,Cash,5.0,Rep_D,
1709,T1709,Logitech Mouse,Electronics,Accessories,2,748.0,1496.0,1194.68,2023-04-18 04:40:00,"68 Street, Bangkok",Bangkok,Online,Small Business,Asia,Cash,5.0,Rep_D,
1710,T1710,Dell XPS 13,Electronics,Laptops,3,370.0,1110.0,735.32,2023-03-03 17:16:00,"941 Street, Cairo",Cairo,In-Store,Small Business,Europe,Card,,Rep_C,
1711,T1711,iPhone 13,Electronics,Phones,1,1715.0,1715.0,1205.03,2023-06-12 16:11:00,"748 Street, Bangkok",Bangkok,Wholesale,Corporate,Africa,Transfer,7.0,Rep_C,
1713,T1713,AirPods Pro,Electronics,Accessories,1,1669.0,1669.0,1110.43,2023-11-13 04:29:00,"779 Street, Nairobi",Nairobi,Online,Corporate,South America,Cash,5.0,Rep_A,
1714,T1714,iPhone 13,Electronics,Phones,2,1547.0,3094.0,2198.59,2023-02-28 23:41:00,"836 Street, Jakarta",Jakarta,In-Store,Corporate,Europe,Cash,,Rep_A,
1717,T1717,27in 4K Gaming Monitor,Electronics,Monitors,2,1607.0,3214.0,2764.4,2023-10-15 14:12:00,"946 Street, Cairo",Cairo,In-Store,Consumer,Africa,Card,1.0,Rep_B,
1718,T1718,AirPods Pro,Electronics,Accessories,1,1880.0,1880.0,1487.88,2023-01-31 05:24:00,"210 Street, Mumbai",Mumbai,Wholesale,Corporate,South America,Card,,Rep_D,
1719,T1719,27in 4K Gaming Monitor,Electronics,Monitors,3,914.0,2742.0,1857.91,2023-02-26 08:04:00,"777 Street, Cairo",Cairo,Online,Corporate,Europe,Cash,8.0,Rep_D,
1720,T1720,iPhone 13,Electronics,Phones,2,1755.0,3510.0,3054.18,2023-09-12 04:51:00,"970 Street, Nairobi",Nairobi,In-Store,Consumer,South America,Transfer,9.0,Rep_C,
1721,T1721,MacBook Air,Electronics,Laptops,4,448.0,1792.0,1510.66,2023-05-20 18:31:00,"481 Street, Lagos",Lagos,In-Store,Corporate,Africa,Cash,4.0,Rep_A,
1722,T1722,iPhone 13,Electronics,Phones,3,1019.0,3057.0,2315.53,2023-11-26 19:29:00,"572 Street, Lagos",Lagos,Wholesale,Small Business,Asia,Transfer,8.0,Rep_D,
1723,T1723,MacBook Air,Electronics,Laptops,4,1535.0,6140.0,5218.42,2023-07-19 11:14:00,"383 Street, Lagos",Lagos,In-Store,Small Business,Africa,Cash,7.0,Rep_A,
1724,T1724,Logitech Mouse,Electronics,Accessories,2,1161.0,2322.0,1176.21,2023-11-07 02:48:00,"187 Street, São Paulo",São Paulo,Wholesale,Consumer,South America,Cash,6.0,Rep_B,
1726,T1726,Samsung Galaxy S21,Electronics,Phones,5,1401.0,7005.0,4609.64,2023-04-05 16:41:00,"323 Street, Jakarta",Jakarta,In-Store,Consumer,South America,Transfer,8.0,Rep_C,
1727,T1727,27in 4K Gaming Monitor,Electronics,Monitors,2,272.0,544.0,405.18,2023-06-23 20:44:00,"479 Street, Jakarta",Jakarta,Wholesale,Corporate,South America,Transfer,2.0,Rep_C,
1728,T1728,Logitech Mouse,Electronics,Accessories,2,216.0,432.0,315.49,2023-04-10 17:46:00,"227 Street, Bangkok",Bangkok,Wholesale,Corporate,South America,Transfer,6.0,Rep_C,
1729,T1729,Samsung Galaxy S21,Electronics,Phones,1,299.0,299.0,153.96,2023-04-19 10:03:00,"780 Street, Jakarta",Jakarta,Online,Corporate,Asia,Transfer,6.0,Rep_D,
1730,T1730,Dell XPS 13,Electronics,Laptops,3,1185.0,3555.0,2844.22,2023-06-18 23:34:00,"849 Street, Nairobi",Nairobi,In-Store,Corporate,Asia,Transfer,7.0,Rep_C,
1731,T1731,iPhone 13,Electronics,Phones,3,896.0,2688.0,1372.26,2023-06-16 09:56:00,"380 Street, Lagos",Lagos,In-Store,Consumer,Asia,Transfer,9.0,Rep_C,
1732,T1732,27in 4K Gaming Monitor,Electronics,Monitors,2,858.0,1716.0,936.31,2023-08-07 09:36:00,"719 Street, Lagos",Lagos,In-Store,Small Business,Asia,Transfer,8.0,Rep_D,
1733,T1733,iPhone 13,Electronics,Phones,3,1839.0,5517.0,3184.86,2023-04-06 09:58:00,"513 Street, Bangkok",Bangkok,In-Store,Small Business,Europe,Cash,8.0,Rep_D,
1734,T1734,27in 4K Gaming Monitor,Electronics,Monitors,3,1727.0,5181.0,3263.24,2023-10-21 00:45:00,"41 Street, Lagos",Lagos,Online,Consumer,Europe,Cash,2.0,Rep_C,
1735,T1735,MacBook Air,Electronics,Laptops,5,346.0,1730.0,1227.77,2023-08-28 21:47:00,"138 Street, São Paulo",São Paulo,Wholesale,Corporate,Africa,Card,1.0,Rep_B,
1736,T1736,27in 4K Gaming Monitor,Electronics,Monitors,3,1279.0,3837.0,2334.26,2023-07-17 16:52:00,"701 Street, Bangkok",Bangkok,In-Store,Corporate,Africa,Card,9.0,Rep_A,
1737,T1737,Dell XPS 13,Electronics,Laptops,3,1493.0,4479.0,4008.63,2023-05-02 00:22:00,"326 Street, Mumbai",Mumbai,Online,Corporate,Europe,Cash,3.0,Rep_C,
1738,T1738,Logitech Mouse,Electronics,Accessories,2,1900.0,3800.0,2221.11,2023-12-14 10:09:00,"422 Street, Cairo",Cairo,Wholesale,Consumer,South America,Card,1.0,Rep_D,
1739,T1739,27in 4K Gaming Monitor,Electronics,Monitors,4,404.0,1616.0,1025.1,2023-02-14 08:31:00,"692 Street, São Paulo",São Paulo,Online,Corporate,Europe,Cash,5.0,Rep_B,
1740,T1740,MacBook Air,Electronics,Laptops,3,372.0,1116.0,773.75,2023-07-01 08:24:00,"550 Street, Cairo",Cairo,Online,Small Business,Asia,Card,3.0,Rep_C,
1741,T1741,Logitech Mouse,Electronics,Accessories,2,1615.0,3230.0,1739.0,2023-10-19 21:32:00,"4 Street, Jakarta",Jakarta,Online,Corporate,Africa,Transfer,9.0,Rep_D,
1742,T1742,MacBook Air,Electronics,Laptops,4,550.0,2200.0,1645.7,2023-02-28 21:43:00,"656 Street, Lagos",Lagos,In-Store,Consumer,Asia,Cash,1.0,Rep_B,
1743,T1743,27in 4K Gaming Monitor,Electronics,Monitors,5,345.0,1725.0,1463.74,2023-08-22 06:09:00,"43 Street, Jakarta",Jakarta,Wholesale,Consumer,Europe,Card,3.0,Rep_B,
1744,T1744,27in 4K Gaming Monitor,Electronics,Monitors,3,811.0,2433.0,1819.32,2023-02-25 10:23:00,"827 Street, Cairo",Cairo,Wholesale,Small Business,Africa,Transfer,7.0,Rep_C,
1745,T1745,Dell XPS 13,Electronics,Laptops,4,1457.0,5828.0,4551.24,2023-03-22 14:11:00,"544 Street, Lagos",Lagos,In-Store,Consumer,Africa,Card,2.0,Rep_B,
1746,T1746,Samsung Galaxy S21,Electronics,Phones,2,153.0,306.0,266.89,2023-06-20 19:06:00,"881 Street, Mumbai",Mumbai,Wholesale,Small Business,Africa,Transfer,4.0,Rep_C,
1747,T1747,27in 4K Gaming Monitor,Electronics,Monitors,1,1811.0,1811.0,996.81,2023-10-11 15:34:00,"406 Street, São Paulo",São Paulo,Wholesale,Corporate,Europe,Transfer,8.0,Rep_C,
1748,T1748,AirPods Pro,Electronics,Accessories,1,942.0,942.0,491.93,2023-04-15 02:04:00,"19 Street, Cairo",Cairo,In-Store,Corporate,Asia,Transfer,,Rep_A,
1749,T1749,27in 4K Gaming Monitor,Electronics,Monitors,4,443.0,1772.0,1227.11,2023-01-15 15:10:00,"932 Street, Lagos",Lagos,Wholesale,Consumer,Africa,Transfer,9.0,Rep_A,
1750,T1750,MacBook Air,Electronics,Laptops,4,1911.0,7644.0,5938.09,2023-03-16 21:35:00,"63 Street, Jakarta",Jakarta,Wholesale,Consumer,South America,Card,5.0,Rep_C,
1751,T1751,27in 4K Gaming Monitor,Electronics,Monitors,1,557.0,557.0,397.27,2023-09-09 19:28:00,"109 Street, Jakarta",Jakarta,Online,Consumer,Asia,Card,7.0,Rep_A,
1752,T1752,Samsung Galaxy S21,Electronics,Phones,4,1566.0,6264.0,3634.78,2023-03-20 17:49:00,"619 Street, Lagos",Lagos,In-Store,Corporate,Asia,Card,4.0,Rep_B,
1753,T1753,27in 4K Gaming Monitor,Electronics,Monitors,1,252.0,252.0,126.31,2023-01-13 08:58:00,"742 Street, Lagos",Lagos,In-Store,Small Business,Europe,Transfer,3.0,Rep_D,
1754,T1754,iPhone 13,Electronics,Phones,2,1864.0,3728.0,2809.2,2023-04-11 01:15:00,"435 Street, São Paulo",São Paulo,Wholesale,Consumer,Asia,Cash,6.0,Rep_C,
1755,T1755,27in 4K Gaming Monitor,Electronics,Monitors,5,322.0,1610.0,1290.81,2023-03-18 17:41:00,"434 Street, Cairo",Cairo,In-Store,Consumer,Europe,Cash,4.0,Rep_A,
1756,T1756,27in 4K Gaming Monitor,Electronics,Monitors,1,1467.0,1467.0,1307.83,2023-09-08 18:41:00,"622 Street, Mumbai",Mumbai,Online,Corporate,Asia,Card,3.0,Rep_C,
1757,T1757,MacBook Air,Electronics,Laptops,2,668.0,1336.0,823.67,2023-03-11 08:53:00,"828 Street, Nairobi",Nairobi,Online,Consumer,Asia,Card,4.0,Rep_C,
1758,T1758,iPhone 13,Electronics,Phones,5,1993.0,9965.0,6321.65,2023-06-06 06:09:00,"55 Street, Bangkok",Bangkok,Wholesale,Small Business,Asia,Cash,,Rep_C,
1759,T1759,Dell XPS 13,Electronics,Laptops,2,258.0,516.0,428.92,2023-04-10 13:59:00,"444 Street, Mumbai",Mumbai,Wholesale,Corporate,Europe,Cash,1.0,Rep_D,
1760,T1760,Logitech Mouse,Electronics,Accessories,2,1271.0,2542.0,1969.25,2023-03-11 04:11:00,"305 Street, Cairo",Cairo,In-Store,Corporate,Asia,Cash,6.0,Rep_C,
1761,T1761,Dell XPS 13,Electronics,Laptops,3,354.0,1062.0,755.06,2023-09-09 23:33:00,"405 Street, Mumbai",Mumbai,Online,Corporate,Asia,Card,,Rep_B,
1762,T1762,iPhone 13,Electronics,Phones,2,1125.0,2250.0,1942.04,2023-07-26 03:31:00,"511 Street, Mumbai",Mumbai,Wholesale,Consumer,Europe,Card,9.0,Rep_B,
1763,T1763,Logitech Mouse,Electronics,Accessories,4,1430.0,5720.0,3569.06,2023-07-14 20:43:00,"458 Street, Mumbai",Mumbai,Wholesale,Small Business,Asia,Card,7.0,Rep_A,
1764,T1764,27in 4K Gaming Monitor,Electronics,Monitors,1,1231.0,1231.0,758.47,2023-02-27 23:47:00,"642 Street, Bangkok",Bangkok,In-Store,Corporate,South America,Cash,7.0,Rep_B,
1765,T1765,27in 4K Gaming Monitor,Electronics,Monitors,1,1218.0,1218.0,747.67,2023-04-13 05:36:00,"674 Street, Lagos",Lagos,In-Store,Corporate,South America,Card,1.0,Rep_D,
1767,T1767,Dell XPS 13,Electronics,Laptops,4,1713.0,6852.0,4492.06,2023-04-07 14:11:00,"939 Street, São Paulo",São Paulo,Wholesale,Consumer,Africa,Cash,1.0,Rep_B,
1768,T1768,Logitech Mouse,Electronics,Accessories,5,1389.0,6945.0,5028.71,2023-10-09 06:59:00,"47 Street, Lagos",Lagos,Wholesale,Consumer,Africa,Transfer,6.0,Rep_D,
1769,T1769,27in 4K Gaming Monitor,Electronics,Monitors,4,1308.0,5232.0,3885.34,2023-03-28 05:52:00,"925 Street, Jakarta",Jakarta,Online,Consumer,Africa,Card,2.0,Rep_C,
1770,T1770,iPhone 13,Electronics,Phones,1,1479.0,1479.0,1258.55,2023-12-15 20:55:00,"844 Street, Nairobi",Nairobi,Wholesale,Corporate,Africa,Transfer,,Rep_A,
1772,T1772,27in 4K Gaming Monitor,Electronics,Monitors,1,1211.0,1211.0,938.88,2023-10-09 02:58:00,"131 Street, Cairo",Cairo,Online,Corporate,Europe,Cash,3.0,Rep_C,
1774,T1774,Samsung Galaxy S21,Electronics,Phones,4,63.0,252.0,174.3,2023-09-04 15:14:00,"233 Street, Jakarta",Jakarta,Wholesale,Consumer,Africa,Card,7.0,Rep_A,
1775,T1775,MacBook Air,Electronics,Laptops,4,1670.0,6680.0,4740.76,2023-09-28 16:33:00,"39 Street, Jakarta",Jakarta,In-Store,Small Business,Europe,Card,7.0,Rep_D,
1776,T1776,iPhone 13,Electronics,Phones,4,816.0,3264.0,2217.63,2023-03-15 22:01:00,"24 Street, Nairobi",Nairobi,In-Store,Small Business,Asia,Cash,3.0,Rep_C,
1777,T1777,MacBook Air,Electronics,Laptops,3,561.0,1683.0,1182.2,2023-12-31 08:12:00,"270 Street, Cairo",Cairo,Wholesale,Small Business,Europe,Card,,Rep_A,
1778,T1778,Samsung Galaxy S21,Electronics,Phones,2,1541.0,3082.0,2717.26,2023-05-01 15:13:00,"274 Street, Jakarta",Jakarta,Wholesale,Consumer,Europe,Card,7.0,Rep_A,
1779,T1779,Dell XPS 13,Electronics,Laptops,1,606.0,606.0,417.24,2023-04-24 06:20:00,"352 Street, Mumbai",Mumbai,In-Store,Consumer,Asia,Transfer,8.0,Rep_B,
1780,T1780,Dell XPS 13,Electronics,Laptops,4,803.0,3212.0,2650.48,2023-02-19 05:32:00,"423 Street, Bangkok",Bangkok,Online,Consumer,Asia,Transfer,,Rep_D,
1781,T1781,AirPods Pro,Electronics,Accessories,2,998.0,1996.0,1237.85,2023-07-04 13:02:00,"391 Street, Lagos",Lagos,In-Store,Corporate,Africa,Transfer,6.0,Rep_C,
1782,T1782,Logitech Mouse,Electronics,Accessories,4,1996.0,7984.0,4942.65,2023-08-14 19:05:00,"776 Street, São Paulo",São Paulo,Wholesale,Consumer,South America,Cash,5.0,Rep_C,
1783,T1783,Logitech Mouse,Electronics,Accessories,5,96.0,480.0,339.13,2023-05-20 10:12:00,"854 Street, Nairobi",Nairobi,Online,Corporate,Asia,Card,8.0,Rep_D,
1784,T1784,MacBook Air,Electronics,Laptops,5,1707.0,8535.0,5566.0,2023-05-30 14:52:00,"32 Street, Lagos",Lagos,Online,Small Business,South America,Cash,1.0,Rep_D,
1785,T1785,iPhone 13,Electronics,Phones,1,297.0,297.0,216.54,2023-01-30 13:27:00,"352 Street, Lagos",Lagos,Wholesale,Corporate,Africa,Transfer,1.0,Rep_A,
1786,T1786,27in 4K Gaming Monitor,Electronics,Monitors,2,217.0,434.0,223.11,2023-07-09 11:47:00,"697 Street, Bangkok",Bangkok,Online,Small Business,Asia,Card,9.0,Rep_D,
1787,T1787,27in 4K Gaming Monitor,Electronics,Monitors,4,798.0,3192.0,2303.81,2023-03-03 02:28:00,"133 Street, Bangkok",Bangkok,Wholesale,Corporate,Africa,Card,3.0,Rep_D,
1788,T1788,iPhone 13,Electronics,Phones,4,1778.0,7112.0,5384.7,2023-03-02 09:12:00,"340 Street, Lagos",Lagos,Wholesale,Corporate,Europe,Card,9.0,Rep_B,
1789,T1789,AirPods Pro,Electronics,Accessories,1,589.0,589.0,304.99,2023-02-06 15:18:00,"785 Street, Mumbai",Mumbai,Online,Consumer,Europe,Card,9.0,Rep_B,
1790,T1790,MacBook Air,Electronics,Laptops,2,1402.0,2804.0,1776.62,2023-03-07 16:56:00,"415 Street, Cairo",Cairo,In-Store,Consumer,Europe,Cash,4.0,Rep_A,
1791,T1791,Samsung Galaxy S21,Electronics,Phones,3,1313.0,3939.0,3120.53,2023-01-14 19:41:00,"875 Street, Mumbai",Mumbai,In-Store,Consumer,Asia,Transfer,9.0,Rep_D,
1792,T1792,Samsung Galaxy S21,Electronics,Phones,5,1691.0,8455.0,5167.88,2023-12-17 02:02:00,"765 Street, Nairobi",Nairobi,In-Store,Small Business,Asia,Cash,4.0,Rep_C,
1793,T1793,27in 4K Gaming Monitor,Electronics,Monitors,2,932.0,1864.0,1174.0,2023-10-19 19:15:00,"344 Street, Bangkok",Bangkok,In-Store,Small Business,Asia,Transfer,,Rep_C,
1794,T1794,iPhone 13,Electronics,Phones,5,1042.0,5210.0,2710.94,2023-07-08 20:36:00,"614 Street, Lagos",Lagos,Online,Corporate,Africa,Cash,8.0,Rep_C,
1795,T1795,Logitech Mouse,Electronics,Accessories,4,460.0,1840.0,1092.35,2023-12-24 05:29:00,"287 Street, São Paulo",São Paulo,In-Store,Small Business,Europe,Cash,3.0,Rep_B,
1796,T1796,Dell XPS 13,Electronics,Laptops,3,1145.0,3435.0,1857.42,2023-05-20 14:13:00,"218 Street, Bangkok",Bangkok,Wholesale,Corporate,Asia,Cash,3.0,Rep_B,
1797,T1797,27in 4K Gaming Monitor,Electronics,Monitors,1,905.0,905.0,694.11,2023-12-18 02:50:00,"327 Street, Lagos",Lagos,Online,Small Business,South America,Cash,1.0,Rep_A,
1798,T1798,AirPods Pro,Electronics,Accessories,5,1406.0,7030.0,5275.92,2023-05-27 17:56:00,"770 Street, Lagos",Lagos,In-Store,Small Business,Africa,Cash,6.0,Rep_D,
1799,T1799,iPhone 13,Electronics,Phones,4,212.0,848.0,490.7,2023-06-26 18:50:00,"149 Street, Cairo",Cairo,In-Store,Corporate,Africa,Card,,Rep_A,
1800,T1800,iPhone 13,Electronics,Phones,5,875.0,4375.0,2895.89,2023-03-19 19:01:00,"114 Street, Nairobi",Nairobi,Wholesale,Corporate,Africa,Transfer,2.0,Rep_A,
1801,T1801,MacBook Air,Electronics,Laptops,4,647.0,2588.0,1826.61,2023-10-04 00:03:00,"257 Street, Lagos",Lagos,In-Store,Corporate,South America,Cash,1.0,Rep_B,
1802,T1802,27in 4K Gaming Monitor,Electronics,Monitors,3,1576.0,4728.0,2614.58,2023-12-22 02:43:00,"44 Street, Nairobi",Nairobi,In-Store,Consumer,Africa,Transfer,2.0,Rep_D,
1803,T1803,27in 4K Gaming Monitor,Electronics,Monitors,5,1556.0,7780.0,6844.91,2023-03-20 01:36:00,"40 Street, Bangkok",Bangkok,In-Store,Consumer,Europe,Cash,1.0,Rep_D,
1804,T1804,AirPods Pro,Electronics,Accessories,3,833.0,2499.0,1465.22,2023-05-31 03:42:00,"842 Street, Mumbai",Mumbai,In-Store,Small Business,Asia,Card,,Rep_C,
1805,T1805,iPhone 13,Electronics,Phones,1,1055.0,1055.0,740.95,2023-04-04 18:38:00,"899 Street, Jakarta",Jakarta,Online,Corporate,Asia,Card,7.0,Rep_C,
1806,T1806,AirPods Pro,Electronics,Accessories,2,1297.0,2594.0,1320.92,2023-09-21 10:49:00,"847 Street, Bangkok",Bangkok,In-Store,Corporate,Asia,Card,2.0,Rep_C,
1807,T1807,Dell XPS 13,Electronics,Laptops,3,152.0,456.0,286.22,2023-04-14 02:51:00,"810 Street, Cairo",Cairo,Online,Corporate,Africa,Cash,7.0,Rep_A,
1808,T1808,Logitech Mouse,Electronics,Accessories,2,826.0,1652.0,1064.15,2023-03-17 22:19:00,"566 Street, Nairobi",Nairobi,In-Store,Consumer,Asia,Card,4.0,Rep_C,
1809,T1809,27in 4K Gaming Monitor,Electronics,Monitors,2,1983.0,3966.0,2369.28,2023-01-16 19:04:00,"997 Street, Mumbai",Mumbai,In-Store,Consumer,South America,Transfer,1.0,Rep_A,
1810,T1810,Logitech Mouse,Electronics,Accessories,1,1763.0,1763.0,1186.48,2023-12-12 11:27:00,"94 Street, Jakarta",Jakarta,Online,Corporate,South America,Cash,,Rep_C,
1811,T1811,Logitech Mouse,Electronics,Accessories,2,508.0,1016.0,668.55,2023-12-23 06:53:00,"519 Street, Jakarta",Jakarta,Wholesale,Small Business,South America,Card,1.0,Rep_A,
1812,T1812,Logitech Mouse,Electronics,Accessories,1,1091.0,1091.0,937.29,2023-03-08 09:58:00,"69 Street, Bangkok",Bangkok,Wholesale,Small Business,Africa,Cash,,Rep_B,
1813,T1813,MacBook Air,Electronics,Laptops,1,105.0,105.0,67.3,2023-03-29 09:43:00,"144 Street, Lagos",Lagos,In-Store,Consumer,Europe,Card,8.0,Rep_B,
1814,T1814,iPhone 13,Electronics,Phones,5,1458.0,7290.0,3696.17,2023-10-29 20:34:00,"831 Street, Nairobi",Nairobi,Online,Small Business,Europe,Transfer,5.0,Rep_B,
1815,T1815,AirPods Pro,Electronics,Accessories,4,613.0,2452.0,1847.8,2023-08-27 09:45:00,"954 Street, Bangkok",Bangkok,In-Store,Small Business,Asia,Transfer,3.0,Rep_D,
1816,T1816,27in 4K Gaming Monitor,Electronics,Monitors,2,406.0,812.0,667.58,2023-03-22 04:05:00,"481 Street, São Paulo",São Paulo,Wholesale,Small Business,South America,Cash,1.0,Rep_B,
1817,T1817,iPhone 13,Electronics,Phones,4,270.0,1080.0,968.91,2023-10-17 04:41:00,"474 Street, Bangkok",Bangkok,In-Store,Corporate,South America,Cash,4.0,Rep_D,
1818,T1818,iPhone 13,Electronics,Phones,2,339.0,678.0,370.95,2023-07-08 21:49:00,"988 Street, Lagos",Lagos,Wholesale,Small Business,Africa,Card,8.0,Rep_B,
1819,T1819,Samsung Galaxy S21,Electronics,Phones,2,243.0,486.0,393.06,2023-10-03 11:01:00,"689 Street, Mumbai",Mumbai,Wholesale,Corporate,Africa,Card,9.0,Rep_C,
1820,T1820,AirPods Pro,Electronics,Accessories,2,134.0,268.0,149.94,2023-12-08 16:01:00,"360 Street, Lagos",Lagos,In-Store,Corporate,Africa,Cash,6.0,Rep_B,
1821,T1821,iPhone 13,Electronics,Phones,2,1580.0,3160.0,2261.83,2023-06-19 02:24:00,"538 Street, Jakarta",Jakarta,Wholesale,Small Business,Europe,Transfer,8.0,Rep_B,
1822,T1822,Logitech Mouse,Electronics,Accessories,2,532.0,1064.0,564.59,2023-05-27 15:52:00,"189 Street, Nairobi",Nairobi,In-Store,Consumer,South America,Card,4.0,Rep_D,
1823,T1823,Logitech Mouse,Electronics,Accessories,2,189.0,378.0,245.12,2023-02-07 13:01:00,"620 Street, São Paulo",São Paulo,Online,Corporate,Asia,Transfer,,Rep_C,
1824,T1824,Dell XPS 13,Electronics,Laptops,2,1986.0,3972.0,2038.74,2023-04-17 19:05:00,"915 Street, Bangkok",Bangkok,In-Store,Corporate,Africa,Cash,3.0,Rep_A,
1825,T1825,MacBook Air,Electronics,Laptops,1,169.0,169.0,94.43,2023-03-23 15:15:00,"470 Street, São Paulo",São Paulo,In-Store,Consumer,Europe,Card,8.0,Rep_D,
1826,T1826,Logitech Mouse,Electronics,Accessories,5,133.0,665.0,358.8,2023-03-13 09:00:00,"96 Street, Jakarta",Jakarta,Online,Corporate,South America,Transfer,3.0,Rep_B,
1827,T1827,Samsung Galaxy S21,Electronics,Phones,1,261.0,261.0,204.78,2023-09-20 10:20:00,"787 Street, Lagos",Lagos,In-Store,Consumer,Asia,Card,6.0,Rep_D,
1828,T1828,Samsung Galaxy S21,Electronics,Phones,2,561.0,1122.0,735.34,2023-07-04 02:07:00,"834 Street, São Paulo",São Paulo,Online,Consumer,Africa,Transfer,4.0,Rep_C,
1829,T1829,MacBook Air,Electronics,Laptops,3,1522.0,4566.0,3197.96,2023-02-19 00:08:00,"388 Street, Cairo",Cairo,In-Store,Consumer,Asia,Card,1.0,Rep_C,
1831,T1831,MacBook Air,Electronics,Laptops,5,1073.0,5365.0,4506.04,2023-07-04 06:38:00,"696 Street, Nairobi",Nairobi,Wholesale,Consumer,Asia,Card,8.0,Rep_C,
1832,T1832,27in 4K Gaming Monitor,Electronics,Monitors,2,351.0,702.0,527.96,2023-05-13 04:51:00,"690 Street, Nairobi",Nairobi,Wholesale,Consumer,Africa,Transfer,3.0,Rep_C,
1833,T1833,MacBook Air,Electronics,Laptops,2,1343.0,2686.0,1983.45,2023-05-06 19:33:00,"828 Street, São Paulo",São Paulo,Online,Small Business,South America,Transfer,1.0,Rep_B,
1834,T1834,27in 4K Gaming Monitor,Electronics,Monitors,3,518.0,1554.0,1267.68,2023-06-18 16:16:00,"496 Street, Nairobi",Nairobi,Online,Corporate,Asia,Transfer,8.0,Rep_D,
1835,T1835,AirPods Pro,Electronics,Accessories,1,1348.0,1348.0,868.79,2023-07-27 12:47:00,"939 Street, Lagos",Lagos,In-Store,Corporate,Africa,Transfer,,Rep_A,
1836,T1836,iPhone 13,Electronics,Phones,4,258.0,1032.0,601.43,2023-08-07 04:36:00,"274 Street, Bangkok",Bangkok,Wholesale,Corporate,Europe,Transfer,2.0,Rep_A,
1837,T1837,MacBook Air,Electronics,Laptops,2,166.0,332.0,213.18,2023-07-13 07:55:00,"148 Street, Mumbai",Mumbai,Wholesale,Corporate,Europe,Card,9.0,Rep_A,
1838,T1838,AirPods Pro,Electronics,Accessories,3,885.0,2655.0,2260.61,2023-11-12 08:02:00,"978 Street, Bangkok",Bangkok,In-Store,Corporate,Africa,Cash,8.0,Rep_B,
1839,T1839,27in 4K Gaming Monitor,Electronics,Monitors,1,1586.0,1586.0,1084.27,2023-05-20 17:13:00,"914 Street, Lagos",Lagos,Online,Consumer,Asia,Transfer,,Rep_C,
1840,T1840,AirPods Pro,Electronics,Accessories,2,148.0,296.0,249.01,2023-05-23 04:44:00,"967 Street, Nairobi",Nairobi,Online,Small Business,South America,Card,9.0,Rep_D,
1841,T1841,MacBook Air,Electronics,Laptops,5,834.0,4170.0,2467.5,2023-03-14 04:38:00,"476 Street, Bangkok",Bangkok,Online,Consumer,Asia,Card,5.0,Rep_C,
1842,T1842,Dell XPS 13,Electronics,Laptops,2,1000.0,2000.0,1564.71,2023-03-02 17:49:00,"332 Street, Nairobi",Nairobi,In-Store,Small Business,Asia,Cash,1.0,Rep_A,
1843,T1843,iPhone 13,Electronics,Phones,4,1084.0,4336.0,2246.62,2023-12-26 02:48:00,"970 Street, Lagos",Lagos,Online,Small Business,Africa,Transfer,3.0,Rep_C,
1844,T1844,AirPods Pro,Electronics,Accessories,3,1115.0,3345.0,2766.96,2023-03-18 09:05:00,"733 Street, Jakarta",Jakarta,Online,Corporate,Africa,Transfer,9.0,Rep_A,
1845,T1845,27in 4K Gaming Monitor,Electronics,Monitors,4,107.0,428.0,341.77,2023-11-22 08:36:00,"656 Street, Jakarta",Jakarta,In-Store,Consumer,Asia,Card,2.0,Rep_D,
1846,T1846,iPhone 13,Electronics,Phones,4,863.0,3452.0,2110.87,2023-10-28 20:33:00,"865 Street, Mumbai",Mumbai,In-Store,Corporate,Asia,Transfer,,Rep_C,
1847,T1847,27in 4K Gaming Monitor,Electronics,Monitors,3,1414.0,4242.0,3347.48,2023-08-18 17:32:00,"890 Street, Cairo",Cairo,In-Store,Consumer,Asia,Card,6.0,Rep_D,
1848,T1848,Dell XPS 13,Electronics,Laptops,4,751.0,3004.0,2091.75,2023-12-26 21:22:00,"850 Street, Mumbai",Mumbai,Wholesale,Small Business,Europe,Transfer,5.0,Rep_D,
1849,T1849,Logitech Mouse,Electronics,Accessories,1,1276.0,1276.0,928.67,2023-06-02 09:44:00,"757 Street, Cairo",Cairo,Online,Consumer,Africa,Transfer,5.0,Rep_D,
1850,T1850,AirPods Pro,Electronics,Accessories,3,1555.0,4665.0,2856.38,2023-07-05 00:10:00,"498 Street, Nairobi",Nairobi,Wholesale,Consumer,Europe,Card,2.0,Rep_B,
1851,T1851,Samsung Galaxy S21,Electronics,Phones,4,753.0,3012.0,2119.97,2023-08-08 12:25:00,"714 Street, São Paulo",São Paulo,Wholesale,Consumer,Africa,Cash,6.0,Rep_D,
1852,T1852,27in 4K Gaming Monitor,Electronics,Monitors,2,1041.0,2082.0,1704.41,2023-06-30 23:30:00,"186 Street, São Paulo",São Paulo,In-Store,Small Business,Europe,Cash,6.0,Rep_B,
1853,T1853,MacBook Air,Electronics,Laptops,3,505.0,1515.0,1110.43,2023-01-01 12:53:00,"647 Street, Nairobi",Nairobi,Wholesale,Consumer,Africa,Card,9.0,Rep_A,
1854,T1854,Samsung Galaxy S21,Electronics,Phones,2,511.0,1022.0,631.58,2023-05-13 10:07:00,"668 Street, Lagos",Lagos,Wholesale,Consumer,Asia,Transfer,2.0,Rep_D,
1855,T1855,27in 4K Gaming Monitor,Electronics,Monitors,5,1560.0,7800.0,6558.4,2023-10-16 10:44:00,"53 Street, São Paulo",São Paulo,In-Store,Corporate,Asia,Cash,3.0,Rep_B,
1856,T1856,Dell XPS 13,Electronics,Laptops,1,319.0,319.0,224.46,2023-07-01 03:19:00,"134 Street, Jakarta",Jakarta,Online,Small Business,Africa,Card,2.0,Rep_B,
1857,T1857,Samsung Galaxy S21,Electronics,Phones,3,1922.0,5766.0,5064.06,2023-02-15 16:39:00,"428 Street, Cairo",Cairo,In-Store,Consumer,Africa,Card,5.0,Rep_C,
1858,T1858,Dell XPS 13,Electronics,Laptops,5,194.0,970.0,629.01,2023-10-28 08:58:00,"482 Street, Cairo",Cairo,Wholesale,Consumer,Africa,Card,3.0,Rep_A,
1859,T1859,Logitech Mouse,Electronics,Accessories,2,577.0,1154.0,720.73,2023-04-13 13:26:00,"37 Street, São Paulo",São Paulo,Online,Small Business,Africa,Transfer,3.0,Rep_A,
1860,T1860,Dell XPS 13,Electronics,Laptops,4,1990.0,7960.0,6552.33,2023-01-06 02:49:00,"25 Street, Cairo",Cairo,Wholesale,Small Business,Europe,Transfer,,Rep_B,
1862,T1862,Dell XPS 13,Electronics,Laptops,4,1287.0,5148.0,2934.52,2023-11-19 03:44:00,"482 Street, Cairo",Cairo,Online,Corporate,South America,Cash,2.0,Rep_C,
1863,T1863,27in 4K Gaming Monitor,Electronics,Monitors,2,411.0,822.0,601.42,2023-03-19 09:44:00,"62 Street, Nairobi",Nairobi,Wholesale,Corporate,Europe,Cash,1.0,Rep_D,
1864,T1864,27in 4K Gaming Monitor,Electronics,Monitors,5,228.0,1140.0,626.13,2023-03-01 13:03:00,"169 Street, Nairobi",Nairobi,Online,Corporate,Asia,Transfer,4.0,Rep_C,
1865,T1865,Samsung Galaxy S21,Electronics,Phones,3,674.0,2022.0,1187.13,2023-12-03 06:33:00,"816 Street, Bangkok",Bangkok,In-Store,Corporate,Asia,Cash,8.0,Rep_B,
1866,T1866,27in 4K Gaming Monitor,Electronics,Monitors,3,471.0,1413.0,1020.56,2023-07-24 11:17:00,"386 Street, Lagos",Lagos,In-Store,Corporate,Asia,Cash,3.0,Rep_A,
1867,T1867,Dell XPS 13,Electronics,Laptops,3,1021.0,3063.0,2298.79,2023-07-03 15:16:00,"506 Street, Jakarta",Jakarta,Online,Small Business,Africa,Transfer,4.0,Rep_B,
1868,T1868,iPhone 13,Electronics,Phones,1,1311.0,1311.0,1149.34,2023-10-06 18:26:00,"339 Street, Lagos",Lagos,Wholesale,Consumer,Asia,Card,2.0,Rep_C,
1869,T1869,Samsung Galaxy S21,Electronics,Phones,5,1158.0,5790.0,3835.93,2023-09-10 06:40:00,"138 Street, Lagos",Lagos,Online,Consumer,Europe,Transfer,6.0,Rep_B,
1870,T1870,AirPods Pro,Electronics,Accessories,2,1326.0,2652.0,1847.02,2023-06-14 07:07:00,"950 Street, Nairobi",Nairobi,Wholesale,Corporate,Europe,Cash,1.0,Rep_D,
1871,T1871,MacBook Air,Electronics,Laptops,2,1409.0,2818.0,2440.55,2023-05-31 08:27:00,"668 Street, Nairobi",Nairobi,In-Store,Small Business,Africa,Cash,7.0,Rep_D,
1872,T1872,Samsung Galaxy S21,Electronics,Phones,2,560.0,1120.0,950.71,2023-06-29 14:09:00,"764 Street, Lagos",Lagos,Online,Consumer,Africa,Card,8.0,Rep_B,
1873,T1873,AirPods Pro,Electronics,Accessories,2,710.0,1420.0,934.27,2023-10-04 00:57:00,"598 Street, Bangkok",Bangkok,Online,Consumer,Asia,Transfer,,Rep_A,
1874,T1874,27in 4K Gaming Monitor,Electronics,Monitors,5,1591.0,7955.0,6184.3,2023-06-27 10:51:00,"856 Street, Lagos",Lagos,Online,Consumer,Europe,Card,,Rep_A,
1875,T1875,Dell XPS 13,Electronics,Laptops,1,842.0,842.0,544.84,2023-10-14 16:54:00,"703 Street, Cairo",Cairo,In-Store,Corporate,Africa,Card,8.0,Rep_A,
1876,T1876,Logitech Mouse,Electronics,Accessories,2,211.0,422.0,352.91,2023-05-09 15:24:00,"84 Street, Jakarta",Jakarta,Wholesale,Small Business,Europe,Card,5.0,Rep_B,
1877,T1877,Dell XPS 13,Electronics,Laptops,1,494.0,494.0,266.37,2023-07-15 06:18:00,"983 Street, Cairo",Cairo,In-Store,Small Business,Asia,Cash,1.0,Rep_B,
1878,T1878,AirPods Pro,Electronics,Accessories,4,414.0,1656.0,872.83,2023-09-17 08:48:00,"756 Street, Cairo",Cairo,Wholesale,Small Business,Africa,Cash,2.0,Rep_A,
1879,T1879,Logitech Mouse,Electronics,Accessories,2,1966.0,3932.0,2309.21,2023-04-23 03:03:00,"921 Street, Lagos",Lagos,Online,Consumer,Africa,Cash,5.0,Rep_D,
1880,T1880,MacBook Air,Electronics,Laptops,3,676.0,2028.0,1581.35,2023-03-21 22:38:00,"33 Street, Jakarta",Jakarta,Wholesale,Corporate,South America,Transfer,8.0,Rep_D,
1881,T1881,iPhone 13,Electronics,Phones,2,201.0,402.0,222.79,2023-09-01 05:24:00,"395 Street, Nairobi",Nairobi,Online,Corporate,Asia,Card,1.0,Rep_D,
1882,T1882,27in 4K Gaming Monitor,Electronics,Monitors,1,65.0,65.0,50.83,2023-04-08 19:04:00,"281 Street, Cairo",Cairo,Wholesale,Small Business,Europe,Transfer,2.0,Rep_A,
1883,T1883,AirPods Pro,Electronics,Accessories,5,688.0,3440.0,2706.21,2023-02-02 07:41:00,"297 Street, Lagos",Lagos,Wholesale,Consumer,South America,Card,8.0,Rep_D,
1884,T1884,Logitech Mouse,Electronics,Accessories,3,1166.0,3498.0,2040.1,2023-04-23 04:57:00,"980 Street, Nairobi",Nairobi,Wholesale,Consumer,Asia,Transfer,9.0,Rep_D,
1885,T1885,Logitech Mouse,Electronics,Accessories,2,716.0,1432.0,1264.23,2023-05-19 22:18:00,"981 Street, Lagos",Lagos,Online,Corporate,Europe,Transfer,6.0,Rep_D,
1886,T1886,MacBook Air,Electronics,Laptops,4,1749.0,6996.0,5458.3,2023-12-29 19:21:00,"103 Street, Jakarta",Jakarta,In-Store,Corporate,South America,Cash,8.0,Rep_B,
1887,T1887,Samsung Galaxy S21,Electronics,Phones,2,719.0,1438.0,754.15,2023-07-09 07:42:00,"79 Street, Bangkok",Bangkok,Wholesale,Small Business,Europe,Cash,4.0,Rep_B,
1888,T1888,27in 4K Gaming Monitor,Electronics,Monitors,5,198.0,990.0,820.99,2023-02-24 07:51:00,"422 Street, São Paulo",São Paulo,In-Store,Small Business,South America,Card,8.0,Rep_B,
1889,T1889,MacBook Air,Electronics,Laptops,2,1014.0,2028.0,1737.61,2023-06-12 17:39:00,"908 Street, Mumbai",Mumbai,In-Store,Consumer,Asia,Card,5.0,Rep_C,
1890,T1890,AirPods Pro,Electronics,Accessories,3,1557.0,4671.0,3887.75,2023-05-23 19:19:00,"841 Street, São Paulo",São Paulo,Online,Small Business,Africa,Cash,,Rep_B,
1891,T1891,iPhone 13,Electronics,Phones,1,1884.0,1884.0,984.59,2023-12-03 16:49:00,"607 Street, Jakarta",Jakarta,In-Store,Consumer,Africa,Card,6.0,Rep_C,
1892,T1892,AirPods Pro,Electronics,Accessories,3,537.0,1611.0,960.01,2023-01-13 20:36:00,"248 Street, Lagos",Lagos,In-Store,Corporate,Europe,Cash,4.0,Rep_B,
1893,T1893,Dell XPS 13,Electronics,Laptops,1,1894.0,1894.0,1155.62,2023-01-29 07:50:00,"36 Street, São Paulo",São Paulo,In-Store,Consumer,Africa,Cash,,Rep_C,
1894,T1894,Dell XPS 13,Electronics,Laptops,4,1974.0,7896.0,4937.61,2023-10-02 22:25:00,"315 Street, Lagos",Lagos,Online,Consumer,Asia,Transfer,,Rep_A,
1895,T1895,Dell XPS 13,Electronics,Laptops,2,1779.0,3558.0,2382.31,2023-09-19 08:39:00,"438 Street, Lagos",Lagos,In-Store,Consumer,Africa,Transfer,2.0,Rep_B,
1896,T1896,Dell XPS 13,Electronics,Laptops,4,725.0,2900.0,2604.14,2023-05-13 17:41:00,"79 Street, Nairobi",Nairobi,Online,Corporate,South America,Cash,1.0,Rep_B,
1897,T1897,27in 4K Gaming Monitor,Electronics,Monitors,1,739.0,739.0,648.1,2023-10-21 02:01:00,"102 Street, Nairobi",Nairobi,Wholesale,Corporate,Europe,Transfer,5.0,Rep_B,
1898,T1898,Dell XPS 13,Electronics,Laptops,5,590.0,2950.0,2313.1,2023-05-20 01:18:00,"472 Street, Mumbai",Mumbai,Wholesale,Corporate,Asia,Transfer,7.0,Rep_C,
1899,T1899,MacBook Air,Electronics,Laptops,5,937.0,4685.0,2439.58,2023-07-14 12:43:00,"341 Street, Jakarta",Jakarta,Wholesale,Consumer,Asia,Card,7.0,Rep_D,
1900,T1900,MacBook Air,Electronics,Laptops,2,1653.0,3306.0,2953.71,2023-08-25 03:34:00,"808 Street, Lagos",Lagos,Wholesale,Consumer,Asia,Cash,,Rep_D,
1901,T1901,iPhone 13,Electronics,Phones,4,119.0,476.0,389.26,2023-06-23 05:32:00,"822 Street, Nairobi",Nairobi,In-Store,Consumer,Asia,Transfer,,Rep_A,
1902,T1902,Samsung Galaxy S21,Electronics,Phones,3,513.0,1539.0,878.74,2023-02-08 04:30:00,"698 Street, Bangkok",Bangkok,Wholesale,Corporate,Asia,Card,8.0,Rep_D,
1903,T1903,iPhone 13,Electronics,Phones,5,138.0,690.0,383.21,2023-05-27 03:27:00,"506 Street, Cairo",Cairo,Online,Consumer,Asia,Cash,9.0,Rep_D,
1904,T1904,iPhone 13,Electronics,Phones,5,666.0,3330.0,1923.84,2023-03-17 17:35:00,"158 Street, Lagos",Lagos,Online,Corporate,Europe,Cash,3.0,Rep_D,
1905,T1905,Dell XPS 13,Electronics,Laptops,1,1527.0,1527.0,824.15,2023-12-24 10:48:00,"704 Street, Bangkok",Bangkok,In-Store,Corporate,Europe,Transfer,5.0,Rep_C,
1906,T1906,Samsung Galaxy S21,Electronics,Phones,3,1612.0,4836.0,3122.97,2023-02-26 22:27:00,"576 Street, Cairo",Cairo,Wholesale,Consumer,Europe,Transfer,4.0,Rep_B,
1907,T1907,iPhone 13,Electronics,Phones,1,1333.0,1333.0,701.91,2023-09-17 00:11:00,"380 Street, São Paulo",São Paulo,Wholesale,Corporate,Asia,Card,9.0,Rep_D,
1908,T1908,Samsung Galaxy S21,Electronics,Phones,5,1511.0,7555.0,6242.31,2023-05-26 18:07:00,"811 Street, São Paulo",São Paulo,In-Store,Consumer,South America,Card,9.0,Rep_C,
1909,T1909,27in 4K Gaming Monitor,Electronics,Monitors,1,956.0,956.0,795.79,2023-08-30 21:25:00,"777 Street, São Paulo",São Paulo,In-Store,Small Business,South America,Card,7.0,Rep_A,
1910,T1910,Dell XPS 13,Electronics,Laptops,1,1680.0,1680.0,1208.62,2023-06-09 07:19:00,"554 Street, Cairo",Cairo,In-Store,Small Business,Africa,Cash,5.0,Rep_A,
1911,T1911,Samsung Galaxy S21,Electronics,Phones,5,1575.0,7875.0,6095.39,2023-09-29 02:08:00,"171 Street, Mumbai",Mumbai,Wholesale,Corporate,Africa,Cash,,Rep_A,
1912,T1912,Logitech Mouse,Electronics,Accessories,2,1989.0,3978.0,2128.54,2023-03-07 05:32:00,"589 Street, São Paulo",São Paulo,Online,Consumer,Africa,Transfer,6.0,Rep_C,
1913,T1913,27in 4K Gaming Monitor,Electronics,Monitors,1,310.0,310.0,201.12,2023-12-17 07:52:00,"938 Street, Mumbai",Mumbai,Online,Corporate,South America,Transfer,,Rep_C,
1914,T1914,AirPods Pro,Electronics,Accessories,3,708.0,2124.0,1751.76,2023-02-21 18:26:00,"109 Street, Lagos",Lagos,Online,Corporate,Africa,Card,,Rep_B,
1915,T1915,MacBook Air,Electronics,Laptops,2,1867.0,3734.0,2970.92,2023-12-20 06:49:00,"821 Street, Mumbai",Mumbai,Wholesale,Consumer,Africa,Transfer,8.0,Rep_D,
1916,T1916,Logitech Mouse,Electronics,Accessories,1,1917.0,1917.0,1570.03,2023-12-23 13:43:00,"797 Street, Jakarta",Jakarta,Online,Corporate,Europe,Card,6.0,Rep_C,
1917,T1917,MacBook Air,Electronics,Laptops,2,1749.0,3498.0,2669.46,2023-11-16 11:34:00,"504 Street, Lagos",Lagos,Online,Consumer,Europe,Card,1.0,Rep_A,
1918,T1918,Samsung Galaxy S21,Electronics,Phones,2,164.0,328.0,262.51,2023-08-04 23:15:00,"265 Street, Jakarta",Jakarta,In-Store,Corporate,Europe,Card,9.0,Rep_A,
1919,T1919,AirPods Pro,Electronics,Accessories,5,1034.0,5170.0,3976.73,2023-06-10 07:25:00,"685 Street, Lagos",Lagos,Online,Corporate,South America,Card,3.0,Rep_B,
1920,T1920,MacBook Air,Electronics,Laptops,3,574.0,1722.0,968.28,2023-07-24 00:39:00,"529 Street, Mumbai",Mumbai,Wholesale,Small Business,South America,Cash,9.0,Rep_A,
1921,T1921,MacBook Air,Electronics,Laptops,3,1866.0,5598.0,3142.71,2023-11-23 23:48:00,"938 Street, Lagos",Lagos,Wholesale,Small Business,Africa,Card,9.0,Rep_C,
1922,T1922,MacBook Air,Electronics,Laptops,4,907.0,3628.0,2878.11,2023-05-19 04:06:00,"505 Street, Lagos",Lagos,In-Store,Small Business,Asia,Transfer,,Rep_D,
1924,T1924,Dell XPS 13,Electronics,Laptops,4,1441.0,5764.0,3146.54,2023-05-09 19:51:00,"750 Street, Bangkok",Bangkok,Online,Small Business,Europe,Transfer,3.0,Rep_A,
1925,T1925,Samsung Galaxy S21,Electronics,Phones,1,93.0,93.0,67.48,2023-04-09 12:47:00,"123 Street, Bangkok",Bangkok,Online,Corporate,Europe,Transfer,4.0,Rep_C,
1926,T1926,iPhone 13,Electronics,Phones,3,877.0,2631.0,1782.89,2023-05-25 00:32:00,"118 Street, Mumbai",Mumbai,Wholesale,Consumer,Africa,Transfer,6.0,Rep_A,
1927,T1927,AirPods Pro,Electronics,Accessories,2,1063.0,2126.0,1815.48,2023-05-20 14:30:00,"469 Street, São Paulo",São Paulo,Online,Consumer,South America,Card,1.0,Rep_D,
1928,T1928,MacBook Air,Electronics,Laptops,2,109.0,218.0,109.11,2023-06-30 17:46:00,"831 Street, São Paulo",São Paulo,Online,Consumer,Africa,Cash,,Rep_C,
1929,T1929,MacBook Air,Electronics,Laptops,2,364.0,728.0,586.73,2023-12-11 01:43:00,"884 Street, Cairo",Cairo,Online,Small Business,Europe,Cash,3.0,Rep_B,
1930,T1930,Dell XPS 13,Electronics,Laptops,5,1542.0,7710.0,3953.8,2023-03-11 11:03:00,"382 Street, Lagos",Lagos,Online,Small Business,South America,Transfer,5.0,Rep_A,
1931,T1931,Logitech Mouse,Electronics,Accessories,3,550.0,1650.0,1154.6,2023-01-20 11:51:00,"456 Street, São Paulo",São Paulo,Online,Small Business,South America,Card,5.0,Rep_D,
1932,T1932,MacBook Air,Electronics,Laptops,4,1754.0,7016.0,4189.1,2023-12-04 10:12:00,"208 Street, Nairobi",Nairobi,Online,Consumer,Asia,Cash,7.0,Rep_C,
1933,T1933,27in 4K Gaming Monitor,Electronics,Monitors,3,1809.0,5427.0,3730.77,2023-12-22 18:06:00,"827 Street, São Paulo",São Paulo,In-Store,Consumer,South America,Cash,3.0,Rep_C,
1934,T1934,AirPods Pro,Electronics,Accessories,5,1987.0,9935.0,5471.01,2023-04-30 13:11:00,"288 Street, Mumbai",Mumbai,In-Store,Corporate,Asia,Card,4.0,Rep_B,
1935,T1935,Logitech Mouse,Electronics,Accessories,2,630.0,1260.0,688.38,2023-12-20 07:15:00,"835 Street, Cairo",Cairo,In-Store,Corporate,Asia,Transfer,7.0,Rep_D,
1936,T1936,Logitech Mouse,Electronics,Accessories,1,1378.0,1378.0,986.37,2023-04-03 12:35:00,"17 Street, Nairobi",Nairobi,Wholesale,Corporate,Europe,Cash,2.0,Rep_C,
1937,T1937,Dell XPS 13,Electronics,Laptops,4,261.0,1044.0,821.54,2023-10-11 12:40:00,"737 Street, Cairo",Cairo,Online,Corporate,Africa,Card,4.0,Rep_B,
1938,T1938,Samsung Galaxy S21,Electronics,Phones,1,1354.0,1354.0,1033.22,2023-04-16 00:55:00,"463 Street, Mumbai",Mumbai,Wholesale,Corporate,South America,Card,,Rep_B,
1939,T1939,MacBook Air,Electronics,Laptops,3,422.0,1266.0,891.85,2023-11-28 18:15:00,"248 Street, Mumbai",Mumbai,In-Store,Corporate,Africa,Cash,7.0,Rep_B,
1940,T1940,iPhone 13,Electronics,Phones,2,1257.0,2514.0,1593.75,2023-04-23 20:06:00,"598 Street, Mumbai",Mumbai,Online,Corporate,Europe,Cash,7.0,Rep_C,
1941,T1941,Samsung Galaxy S21,Electronics,Phones,2,52.0,104.0,66.58,2023-07-12 00:18:00,"98 Street, Mumbai",Mumbai,Wholesale,Consumer,Asia,Transfer,8.0,Rep_A,
1942,T1942,Logitech Mouse,Electronics,Accessories,3,424.0,1272.0,893.74,2023-10-31 06:12:00,"621 Street, Mumbai",Mumbai,Wholesale,Small Business,Africa,Cash,7.0,Rep_A,
1943,T1943,MacBook Air,Electronics,Laptops,5,1759.0,8795.0,6947.74,2023-08-02 20:24:00,"633 Street, Cairo",Cairo,In-Store,Consumer,Europe,Card,9.0,Rep_B,
1944,T1944,iPhone 13,Electronics,Phones,3,211.0,633.0,478.95,2023-02-05 21:58:00,"52 Street, Mumbai",Mumbai,Online,Consumer,South America,Card,5.0,Rep_B,
1945,T1945,Logitech Mouse,Electronics,Accessories,4,768.0,3072.0,2511.26,2023-11-19 11:07:00,"556 Street, Nairobi",Nairobi,Wholesale,Consumer,Asia,Cash,7.0,Rep_D,
1946,T1946,Logitech Mouse,Electronics,Accessories,2,1855.0,3710.0,2429.85,2023-04-22 04:23:00,"967 Street, Lagos",Lagos,Online,Consumer,Europe,Card,1.0,Rep_D,
1947,T1947,27in 4K Gaming Monitor,Electronics,Monitors,3,1148.0,3444.0,2554.85,2023-10-12 20:52:00,"347 Street, Jakarta",Jakarta,Online,Consumer,Africa,Transfer,6.0,Rep_C,
1949,T1949,Logitech Mouse,Electronics,Accessories,2,1512.0,3024.0,1903.09,2023-06-07 13:25:00,"846 Street, São Paulo",São Paulo,Online,Corporate,Europe,Card,8.0,Rep_A,
1950,T1950,Samsung Galaxy S21,Electronics,Phones,3,219.0,657.0,568.5,2023-06-27 07:02:00,"799 Street, Jakarta",Jakarta,Wholesale,Consumer,South America,Cash,6.0,Rep_A,
1951,T1951,Dell XPS 13,Electronics,Laptops,3,1166.0,3498.0,2355.83,2023-12-05 03:44:00,"947 Street, Mumbai",Mumbai,In-Store,Consumer,Europe,Card,3.0,Rep_B,
1952,T1952,iPhone 13,Electronics,Phones,4,179.0,716.0,393.15,2023-10-31 16:47:00,"798 Street, Lagos",Lagos,Wholesale,Consumer,South America,Card,3.0,Rep_C,
1953,T1953,27in 4K Gaming Monitor,Electronics,Monitors,1,1107.0,1107.0,846.07,2023-05-06 16:58:00,"397 Street, Jakarta",Jakarta,Wholesale,Consumer,Africa,Cash,7.0,Rep_C,
1954,T1954,MacBook Air,Electronics,Laptops,5,1906.0,9530.0,7121.01,2023-10-30 13:28:00,"501 Street, São Paulo",São Paulo,Online,Corporate,South America,Transfer,7.0,Rep_A,
1956,T1956,iPhone 13,Electronics,Phones,3,1203.0,3609.0,2448.85,2023-10-13 21:27:00,"922 Street, Jakarta",Jakarta,Online,Corporate,Asia,Transfer,7.0,Rep_C,
1957,T1957,Dell XPS 13,Electronics,Laptops,5,410.0,2050.0,1710.08,2023-02-20 01:58:00,"805 Street, Cairo",Cairo,Wholesale,Small Business,Asia,Cash,,Rep_D,
1959,T1959,iPhone 13,Electronics,Phones,5,474.0,2370.0,1392.46,2023-06-07 06:35:00,"978 Street, Cairo",Cairo,In-Store,Consumer,Africa,Cash,4.0,Rep_C,
1960,T1960,Logitech Mouse,Electronics,Accessories,3,423.0,1269.0,1099.67,2023-05-17 01:33:00,"404 Street, Nairobi",Nairobi,In-Store,Corporate,Africa,Card,5.0,Rep_A,
1961,T1961,AirPods Pro,Electronics,Accessories,3,463.0,1389.0,788.18,2023-06-26 09:23:00,"498 Street, Jakarta",Jakarta,In-Store,Corporate,Africa,Cash,4.0,Rep_A,
1962,T1962,iPhone 13,Electronics,Phones,1,343.0,343.0,277.41,2023-01-29 18:40:00,"344 Street, Cairo",Cairo,Wholesale,Corporate,South America,Card,1.0,Rep_D,
1963,T1963,27in 4K Gaming Monitor,Electronics,Monitors,3,578.0,1734.0,995.55,2023-06-30 16:30:00,"225 Street, Mumbai",Mumbai,Wholesale,Consumer,Europe,Cash,5.0,Rep_C,
1964,T1964,27in 4K Gaming Monitor,Electronics,Monitors,3,1407.0,4221.0,3511.65,2023-06-04 07:52:00,"559 Street, Nairobi",Nairobi,Wholesale,Small Business,Africa,Transfer,5.0,Rep_D,
1965,T1965,Dell XPS 13,Electronics,Laptops,1,1020.0,1020.0,871.59,2023-10-10 07:32:00,"866 Street, Nairobi",Nairobi,Online,Consumer,Asia,Transfer,2.0,Rep_D,
1966,T1966,Samsung Galaxy S21,Electronics,Phones,1,453.0,453.0,247.32,2023-05-16 17:56:00,"125 Street, Cairo",Cairo,Wholesale,Consumer,Africa,Cash,8.0,Rep_D,
1967,T1967,Dell XPS 13,Electronics,Laptops,3,1471.0,4413.0,2539.6,2023-04-29 09:03:00,"152 Street, Bangkok",Bangkok,Wholesale,Corporate,Africa,Card,3.0,Rep_D,
1968,T1968,Logitech Mouse,Electronics,Accessories,2,957.0,1914.0,1150.11,2023-03-09 10:53:00,"891 Street, Lagos",Lagos,Wholesale,Consumer,South America,Cash,9.0,Rep_A,
1969,T1969,Samsung Galaxy S21,Electronics,Phones,1,761.0,761.0,519.49,2023-05-22 22:28:00,"585 Street, Cairo",Cairo,Online,Small Business,South America,Cash,1.0,Rep_D,
1970,T1970,AirPods Pro,Electronics,Accessories,4,1951.0,7804.0,6649.25,2023-05-20 21:00:00,"685 Street, Bangkok",Bangkok,Online,Corporate,South America,Transfer,7.0,Rep_C,
1971,T1971,Dell XPS 13,Electronics,Laptops,3,1001.0,3003.0,1727.39,2023-01-27 08:16:00,"243 Street, São Paulo",São Paulo,Online,Small Business,Europe,Cash,5.0,Rep_A,
1972,T1972,27in 4K Gaming Monitor,Electronics,Monitors,3,82.0,246.0,181.62,2023-12-16 04:18:00,"34 Street, Nairobi",Nairobi,Wholesale,Corporate,Africa,Card,4.0,Rep_B,
1973,T1973,Samsung Galaxy S21,Electronics,Phones,2,1031.0,2062.0,1278.84,2023-08-11 03:23:00,"488 Street, São Paulo",São Paulo,In-Store,Small Business,Africa,Card,6.0,Rep_D,
1974,T1974,27in 4K Gaming Monitor,Electronics,Monitors,1,1655.0,1655.0,1415.58,2023-02-04 01:15:00,"294 Street, Bangkok",Bangkok,Wholesale,Small Business,Asia,Card,,Rep_D,
1975,T1975,Logitech Mouse,Electronics,Accessories,5,835.0,4175.0,3376.99,2023-11-30 17:04:00,"505 Street, Cairo",Cairo,Online,Consumer,Asia,Cash,6.0,Rep_C,
1976,T1976,MacBook Air,Electronics,Laptops,1,283.0,283.0,175.53,2023-10-19 01:34:00,"318 Street, São Paulo",São Paulo,In-Store,Small Business,Asia,Card,3.0,Rep_C,
1977,T1977,Logitech Mouse,Electronics,Accessories,5,622.0,3110.0,1699.73,2023-02-26 14:03:00,"486 Street, Cairo",Cairo,Online,Small Business,Asia,Cash,6.0,Rep_B,
1978,T1978,Logitech Mouse,Electronics,Accessories,3,799.0,2397.0,1719.21,2023-06-28 12:06:00,"819 Street, Jakarta",Jakarta,In-Store,Corporate,Europe,Card,7.0,Rep_C,
1979,T1979,27in 4K Gaming Monitor,Electronics,Monitors,5,1848.0,9240.0,7411.91,2023-06-27 22:02:00,"677 Street, Lagos",Lagos,Online,Small Business,South America,Transfer,,Rep_B,
1980,T1980,27in 4K Gaming Monitor,Electronics,Monitors,4,867.0,3468.0,2789.62,2023-08-18 05:17:00,"563 Street, São Paulo",São Paulo,Wholesale,Consumer,South America,Cash,6.0,Rep_B,
1981,T1981,iPhone 13,Electronics,Phones,1,1357.0,1357.0,1180.18,2023-02-10 03:38:00,"758 Street, São Paulo",São Paulo,Wholesale,Small Business,Africa,Card,2.0,Rep_D,
1982,T1982,iPhone 13,Electronics,Phones,5,654.0,3270.0,1973.77,2023-01-20 00:14:00,"602 Street, Lagos",Lagos,Wholesale,Corporate,Africa,Card,5.0,Rep_A,
1983,T1983,iPhone 13,Electronics,Phones,3,153.0,459.0,264.63,2023-08-18 14:14:00,"654 Street, Jakarta",Jakarta,Online,Consumer,Africa,Card,5.0,Rep_A,
1984,T1984,Samsung Galaxy S21,Electronics,Phones,1,1332.0,1332.0,708.9,2023-12-09 02:24:00,"854 Street, Cairo",Cairo,In-Store,Corporate,Africa,Transfer,3.0,Rep_D,
1985,T1985,27in 4K Gaming Monitor,Electronics,Monitors,2,653.0,1306.0,1082.63,2023-09-04 01:58:00,"260 Street, Lagos",Lagos,Online,Small Business,South America,Card,2.0,Rep_D,
1987,T1987,MacBook Air,Electronics,Laptops,3,383.0,1149.0,668.56,2023-06-22 16:58:00,"988 Street, Mumbai",Mumbai,In-Store,Corporate,South America,Card,4.0,Rep_C,
1988,T1988,27in 4K Gaming Monitor,Electronics,Monitors,3,86.0,258.0,194.02,2023-01-23 13:04:00,"664 Street, São Paulo",São Paulo,Wholesale,Corporate,Asia,Card,,Rep_B,
1989,T1989,Logitech Mouse,Electronics,Accessories,3,1057.0,3171.0,1717.77,2023-04-27 03:32:00,"42 Street, São Paulo",São Paulo,Online,Corporate,Africa,Cash,3.0,Rep_D,
1990,T1990,27in 4K Gaming Monitor,Electronics,Monitors,4,262.0,1048.0,524.87,2023-02-27 14:10:00,"228 Street, Lagos",Lagos,In-Store,Corporate,Europe,Card,8.0,Rep_D,
1991,T1991,iPhone 13,Electronics,Phones,4,565.0,2260.0,1458.38,2023-02-11 04:18:00,"416 Street, Bangkok",Bangkok,In-Store,Corporate,Europe,Transfer,5.0,Rep_D,
1992,T1992,Logitech Mouse,Electronics,Accessories,4,734.0,2936.0,2585.76,2023-01-30 22:04:00,"827 Street, Mumbai",Mumbai,Wholesale,Corporate,Africa,Transfer,2.0,Rep_D,
1993,T1993,Dell XPS 13,Electronics,Laptops,1,1112.0,1112.0,668.69,2023-11-23 11:53:00,"949 Street, Cairo",Cairo,Wholesale,Consumer,Africa,Transfer,6.0,Rep_B,
1994,T1994,Dell XPS 13,Electronics,Laptops,3,1986.0,5958.0,3957.38,2023-12-21 06:38:00,"136 Street, Bangkok",Bangkok,In-Store,Consumer,Africa,Card,1.0,Rep_A,
1995,T1995,Logitech Mouse,Electronics,Accessories,2,1917.0,3834.0,3023.06,2023-02-15 18:31:00,"986 Street, São Paulo",São Paulo,Wholesale,Corporate,Europe,Cash,5.0,Rep_B,
1996,T1996,Logitech Mouse,Electronics,Accessories,2,1247.0,2494.0,1996.08,2023-07-24 10:02:00,"537 Street, Jakarta",Jakarta,Wholesale,Consumer,Europe,Card,5.0,Rep_C,
1997,T1997,Samsung Galaxy S21,Electronics,Phones,4,1493.0,5972.0,5265.19,2023-03-21 11:19:00,"780 Street, Mumbai",Mumbai,Online,Corporate,Asia,Cash,4.0,Rep_C,
1998,T1998,Dell XPS 13,Electronics,Laptops,4,415.0,1660.0,849.2,2023-08-19 03:27:00,"845 Street, Nairobi",Nairobi,Online,Consumer,Asia,Cash,3.0,Rep_A,
1999,T1999,27in 4K Gaming Monitor,Electronics,Monitors,5,899.0,4495.0,3588.62,2023-11-13 05:55:00,"851 Street, Bangkok",Bangkok,Wholesale,Corporate,South America,Transfer,2.0,Rep_A,
2000,T2000,27in 4K Gaming Monitor,Electronics,Monitors,2,1379.0,2758.0,2368.5,2023-03-09 06:10:00,"467 Street, Cairo",Cairo,Online,Consumer,Africa,Card,8.0,Rep_A,
2001,T2001,AirPods Pro,Electronics,Accessories,5,1317.0,6585.0,4920.1,2023-06-04 04:47:00,"557 Street, Lagos",Lagos,Online,Consumer,Asia,Card,2.0,Rep_B,
2002,T2002,Dell XPS 13,Electronics,Laptops,3,210.0,630.0,317.64,2023-07-02 00:51:00,"399 Street, Jakarta",Jakarta,Wholesale,Small Business,Africa,Transfer,4.0,Rep_B,
2003,T2003,AirPods Pro,Electronics,Accessories,2,960.0,1920.0,1476.46,2023-11-02 15:58:00,"203 Street, São Paulo",São Paulo,Online,Small Business,Asia,Cash,8.0,Rep_A,
2004,T2004,MacBook Air,Electronics,Laptops,3,386.0,1158.0,719.85,2023-02-20 03:35:00,"809 Street, Bangkok",Bangkok,Wholesale,Consumer,Asia,Card,1.0,Rep_A,
2005,T2005,iPhone 13,Electronics,Phones,2,296.0,592.0,404.05,2023-09-10 15:36:00,"572 Street, Cairo",Cairo,Online,Small Business,Asia,Transfer,8.0,Rep_D,
2006,T2006,iPhone 13,Electronics,Phones,3,107.0,321.0,212.33,2023-03-25 20:07:00,"738 Street, Mumbai",Mumbai,Wholesale,Consumer,Europe,Cash,,Rep_C,
2007,T2007,iPhone 13,Electronics,Phones,1,505.0,505.0,365.96,2023-01-14 09:30:00,"406 Street, Cairo",Cairo,Wholesale,Corporate,Europe,Transfer,3.0,Rep_B,
2009,T2009,AirPods Pro,Electronics,Accessories,3,1944.0,5832.0,4592.0,2023-10-12 05:25:00,"796 Street, Lagos",Lagos,Online,Corporate,Asia,Cash,8.0,Rep_A,
2010,T2010,Logitech Mouse,Electronics,Accessories,1,67.0,67.0,34.57,2023-06-06 09:05:00,"748 Street, Jakarta",Jakarta,Wholesale,Consumer,Africa,Card,2.0,Rep_C,
2011,T2011,Logitech Mouse,Electronics,Accessories,4,1501.0,6004.0,4762.9,2023-11-12 01:35:00,"956 Street, Bangkok",Bangkok,Wholesale,Corporate,South America,Transfer,7.0,Rep_D,
2012,T2012,AirPods Pro,Electronics,Accessories,4,918.0,3672.0,3200.11,2023-11-01 23:57:00,"862 Street, Mumbai",Mumbai,Online,Small Business,Africa,Transfer,4.0,Rep_A,
2013,T2013,27in 4K Gaming Monitor,Electronics,Monitors,4,870.0,3480.0,2592.82,2023-03-14 23:38:00,"828 Street, Mumbai",Mumbai,Wholesale,Small Business,Africa,Transfer,6.0,Rep_B,
2016,T2016,27in 4K Gaming Monitor,Electronics,Monitors,5,1360.0,6800.0,3522.7,2023-10-14 10:35:00,"775 Street, Nairobi",Nairobi,In-Store,Corporate,Africa,Card,8.0,Rep_B,
2017,T2017,Samsung Galaxy S21,Electronics,Phones,1,352.0,352.0,209.4,2023-10-10 21:46:00,"944 Street, Jakarta",Jakarta,Online,Consumer,Asia,Cash,7.0,Rep_A,
2018,T2018,Logitech Mouse,Electronics,Accessories,5,194.0,970.0,612.76,2023-10-16 13:36:00,"673 Street, Jakarta",Jakarta,Online,Corporate,Europe,Transfer,7.0,Rep_D,
2019,T2019,Samsung Galaxy S21,Electronics,Phones,4,1896.0,7584.0,4279.16,2023-06-20 08:13:00,"526 Street, Cairo",Cairo,Online,Corporate,Asia,Card,9.0,Rep_A,
2020,T2020,MacBook Air,Electronics,Laptops,2,396.0,792.0,397.78,2023-04-16 10:57:00,"262 Street, Mumbai",Mumbai,Online,Small Business,Africa,Card,4.0,Rep_B,
2021,T2021,Logitech Mouse,Electronics,Accessories,5,339.0,1695.0,1038.99,2023-03-26 08:44:00,"465 Street, Cairo",Cairo,Wholesale,Corporate,South America,Cash,,Rep_A,
2022,T2022,Logitech Mouse,Electronics,Accessories,4,847.0,3388.0,2376.78,2023-07-28 07:57:00,"465 Street, Bangkok",Bangkok,In-Store,Corporate,Asia,Cash,3.0,Rep_A,
2023,T2023,MacBook Air,Electronics,Laptops,5,1600.0,8000.0,5709.5,2023-10-10 01:09:00,"347 Street, Nairobi",Nairobi,In-Store,Corporate,Africa,Card,1.0,Rep_C,
2024,T2024,AirPods Pro,Electronics,Accessories,1,995.0,995.0,790.82,2023-10-20 22:33:00,"695 Street, Jakarta",Jakarta,Online,Small Business,Africa,Card,9.0,Rep_D,
2025,T2025,Logitech Mouse,Electronics,Accessories,2,169.0,338.0,298.54,2023-10-27 12:45:00,"988 Street, Lagos",Lagos,Online,Corporate,Europe,Cash,4.0,Rep_D,
2026,T2026,Logitech Mouse,Electronics,Accessories,3,1692.0,5076.0,3319.4,2023-02-10 04:52:00,"768 Street, Bangkok",Bangkok,In-Store,Consumer,Asia,Card,6.0,Rep_C,
2027,T2027,Samsung Galaxy S21,Electronics,Phones,4,451.0,1804.0,1538.98,2023-02-11 20:59:00,"467 Street, São Paulo",São Paulo,In-Store,Consumer,Asia,Cash,7.0,Rep_B,
2028,T2028,Logitech Mouse,Electronics,Accessories,1,696.0,696.0,625.26,2023-07-23 13:30:00,"825 Street, Mumbai",Mumbai,In-Store,Small Business,Europe,Card,7.0,Rep_A,
2029,T2029,Dell XPS 13,Electronics,Laptops,2,1086.0,2172.0,1486.35,2023-10-18 16:07:00,"10 Street, Jakarta",Jakarta,Wholesale,Small Business,Europe,Card,4.0,Rep_B,
2030,T2030,27in 4K Gaming Monitor,Electronics,Monitors,5,1375.0,6875.0,4449.46,2023-07-15 01:33:00,"389 Street, Mumbai",Mumbai,In-Store,Corporate,Asia,Cash,5.0,Rep_A,
2031,T2031,Dell XPS 13,Electronics,Laptops,4,525.0,2100.0,1786.18,2023-02-22 19:13:00,"915 Street, Jakarta",Jakarta,In-Store,Small Business,Europe,Cash,,Rep_D,
2032,T2032,iPhone 13,Electronics,Phones,2,1653.0,3306.0,2893.85,2023-06-10 14:14:00,"412 Street, Cairo",Cairo,In-Store,Consumer,Africa,Transfer,7.0,Rep_B,
2033,T2033,27in 4K Gaming Monitor,Electronics,Monitors,5,523.0,2615.0,1672.96,2023-05-04 07:21:00,"284 Street, Jakarta",Jakarta,Online,Consumer,South America,Transfer,8.0,Rep_A,
2034,T2034,27in 4K Gaming Monitor,Electronics,Monitors,4,1388.0,5552.0,3366.93,2023-09-22 05:54:00,"899 Street, Lagos",Lagos,Online,Small Business,South America,Transfer,5.0,Rep_D,
2036,T2036,Logitech Mouse,Electronics,Accessories,1,546.0,546.0,334.5,2023-06-22 08:36:00,"706 Street, Jakarta",Jakarta,Wholesale,Corporate,Europe,Transfer,4.0,Rep_A,
2037,T2037,Samsung Galaxy S21,Electronics,Phones,5,278.0,1390.0,1100.1,2023-02-18 10:46:00,"941 Street, Nairobi",Nairobi,Wholesale,Corporate,Asia,Transfer,4.0,Rep_D,
2038,T2038,Dell XPS 13,Electronics,Laptops,2,1558.0,3116.0,1780.83,2023-08-08 07:26:00,"82 Street, Bangkok",Bangkok,Wholesale,Small Business,Europe,Transfer,1.0,Rep_D,
2039,T2039,Logitech Mouse,Electronics,Accessories,5,1171.0,5855.0,5013.66,2023-09-16 06:35:00,"571 Street, São Paulo",São Paulo,Online,Consumer,Europe,Card,6.0,Rep_D,
2040,T2040,AirPods Pro,Electronics,Accessories,1,1731.0,1731.0,1481.28,2023-09-20 09:40:00,"694 Street, Mumbai",Mumbai,Online,Consumer,Europe,Card,4.0,Rep_A,
2042,T2042,27in 4K Gaming Monitor,Electronics,Monitors,3,1757.0,5271.0,2749.17,2023-06-21 20:12:00,"561 Street, Cairo",Cairo,In-Store,Consumer,Asia,Cash,4.0,Rep_B,
2043,T2043,iPhone 13,Electronics,Phones,5,112.0,560.0,394.76,2023-09-08 08:38:00,"883 Street, Nairobi",Nairobi,Wholesale,Corporate,South America,Cash,8.0,Rep_C,
2044,T2044,MacBook Air,Electronics,Laptops,3,428.0,1284.0,834.7,2023-04-29 09:17:00,"666 Street, São Paulo",São Paulo,Wholesale,Corporate,Africa,Cash,3.0,Rep_C,
2045,T2045,27in 4K Gaming Monitor,Electronics,Monitors,5,693.0,3465.0,3023.67,2023-09-26 11:34:00,"563 Street, Jakarta",Jakarta,Online,Corporate,Africa,Cash,2.0,Rep_C,
2046,T2046,Dell XPS 13,Electronics,Laptops,2,1624.0,3248.0,1865.34,2023-02-20 01:46:00,"411 Street, Cairo",Cairo,In-Store,Small Business,Asia,Card,6.0,Rep_B,
2047,T2047,AirPods Pro,Electronics,Accessories,5,707.0,3535.0,2964.04,2023-12-06 05:19:00,"795 Street, Mumbai",Mumbai,In-Store,Corporate,Europe,Card,2.0,Rep_A,
2048,T2048,Samsung Galaxy S21,Electronics,Phones,4,763.0,3052.0,2124.3,2023-02-15 07:54:00,"671 Street, Jakarta",Jakarta,In-Store,Corporate,Africa,Cash,4.0,Rep_B,
2049,T2049,Samsung Galaxy S21,Electronics,Phones,5,637.0,3185.0,2734.97,2023-07-16 23:26:00,"973 Street, Bangkok",Bangkok,In-Store,Consumer,South America,Transfer,9.0,Rep_A,
2050,T2050,MacBook Air,Electronics,Laptops,2,1592.0,3184.0,1852.43,2023-10-14 11:44:00,"672 Street, Bangkok",Bangkok,In-Store,Consumer,Asia,Cash,1.0,Rep_C,
2051,T2051,Dell XPS 13,Electronics,Laptops,5,1909.0,9545.0,7056.63,2023-07-03 18:28:00,"262 Street, Nairobi",Nairobi,Online,Small Business,Asia,Transfer,8.0,Rep_C,
2052,T2052,Samsung Galaxy S21,Electronics,Phones,5,1587.0,7935.0,5297.58,2023-06-18 19:07:00,"582 Street, Nairobi",Nairobi,Wholesale,Corporate,Europe,Card,3.0,Rep_C,
2053,T2053,AirPods Pro,Electronics,Accessories,3,681.0,2043.0,1774.75,2023-10-14 06:37:00,"227 Street, Mumbai",Mumbai,In-Store,Small Business,Asia,Cash,5.0,Rep_A,
2054,T2054,Logitech Mouse,Electronics,Accessories,5,1808.0,9040.0,8065.96,2023-04-01 23:55:00,"525 Street, Jakarta",Jakarta,Online,Corporate,Asia,Transfer,2.0,Rep_C,
2055,T2055,MacBook Air,Electronics,Laptops,3,1103.0,3309.0,1803.01,2023-08-14 16:10:00,"431 Street, Mumbai",Mumbai,Online,Small Business,Europe,Cash,7.0,Rep_D,
2056,T2056,Logitech Mouse,Electronics,Accessories,3,1316.0,3948.0,2561.71,2023-04-22 11:28:00,"855 Street, Mumbai",Mumbai,Online,Small Business,Asia,Card,4.0,Rep_A,
2057,T2057,Samsung Galaxy S21,Electronics,Phones,1,637.0,637.0,319.52,2023-02-03 18:05:00,"118 Street, Cairo",Cairo,In-Store,Small Business,Africa,Transfer,6.0,Rep_D,
2059,T2059,Logitech Mouse,Electronics,Accessories,2,1479.0,2958.0,1964.35,2023-06-08 07:26:00,"759 Street, Cairo",Cairo,In-Store,Corporate,Africa,Transfer,,Rep_D,
2060,T2060,27in 4K Gaming Monitor,Electronics,Monitors,1,400.0,400.0,232.6,2023-01-12 12:23:00,"414 Street, Jakarta",Jakarta,Wholesale,Consumer,South America,Cash,8.0,Rep_D,
2061,T2061,Logitech Mouse,Electronics,Accessories,2,248.0,496.0,442.0,2023-05-26 13:47:00,"116 Street, Lagos",Lagos,Wholesale,Corporate,South America,Transfer,5.0,Rep_C,
2062,T2062,Samsung Galaxy S21,Electronics,Phones,3,1149.0,3447.0,1728.17,2023-05-04 12:35:00,"519 Street, Jakarta",Jakarta,Wholesale,Small Business,South America,Card,5.0,Rep_D,
2063,T2063,Samsung Galaxy S21,Electronics,Phones,5,1837.0,9185.0,6196.68,2023-11-05 19:41:00,"416 Street, Lagos",Lagos,Online,Corporate,Asia,Transfer,8.0,Rep_A,
2064,T2064,AirPods Pro,Electronics,Accessories,3,578.0,1734.0,1031.16,2023-08-25 15:34:00,"913 Street, Bangkok",Bangkok,Online,Small Business,Africa,Transfer,5.0,Rep_C,
2065,T2065,27in 4K Gaming Monitor,Electronics,Monitors,1,750.0,750.0,399.61,2023-10-11 20:30:00,"892 Street, Cairo",Cairo,Wholesale,Small Business,South America,Card,5.0,Rep_A,
2066,T2066,Dell XPS 13,Electronics,Laptops,3,1362.0,4086.0,2628.66,2023-04-06 04:56:00,"332 Street, Mumbai",Mumbai,In-Store,Corporate,Europe,Cash,3.0,Rep_B,
2067,T2067,Dell XPS 13,Electronics,Laptops,5,1267.0,6335.0,5440.4,2023-07-22 09:17:00,"159 Street, Jakarta",Jakarta,Online,Small Business,South America,Transfer,8.0,Rep_D,
2068,T2068,AirPods Pro,Electronics,Accessories,2,312.0,624.0,543.36,2023-12-09 13:28:00,"671 Street, Nairobi",Nairobi,Online,Corporate,South America,Card,7.0,Rep_A,
2069,T2069,Dell XPS 13,Electronics,Laptops,3,846.0,2538.0,1885.87,2023-02-01 14:13:00,"534 Street, Nairobi",Nairobi,Online,Consumer,Asia,Cash,1.0,Rep_A,
2070,T2070,AirPods Pro,Electronics,Accessories,3,728.0,2184.0,1238.35,2023-01-12 05:47:00,"567 Street, Lagos",Lagos,Wholesale,Small Business,South America,Transfer,3.0,Rep_A,
2071,T2071,iPhone 13,Electronics,Phones,3,1100.0,3300.0,1939.08,2023-10-08 00:16:00,"809 Street, Jakarta",Jakarta,Wholesale,Consumer,Asia,Cash,2.0,Rep_B,
2072,T2072,Samsung Galaxy S21,Electronics,Phones,1,1302.0,1302.0,753.09,2023-10-07 17:44:00,"954 Street, Nairobi",Nairobi,In-Store,Consumer,Asia,Transfer,7.0,Rep_D,
2073,T2073,27in 4K Gaming Monitor,Electronics,Monitors,2,311.0,622.0,468.4,2023-09-14 07:27:00,"53 Street, São Paulo",São Paulo,Wholesale,Consumer,South America,Cash,4.0,Rep_A,
2074,T2074,27in 4K Gaming Monitor,Electronics,Monitors,2,102.0,204.0,145.4,2023-09-20 05:02:00,"372 Street, Mumbai",Mumbai,In-Store,Small Business,Europe,Transfer,5.0,Rep_B,
2075,T2075,27in 4K Gaming Monitor,Electronics,Monitors,3,696.0,2088.0,1177.28,2023-04-30 22:02:00,"301 Street, Mumbai",Mumbai,In-Store,Consumer,Europe,Card,4.0,Rep_C,
2076,T2076,27in 4K Gaming Monitor,Electronics,Monitors,5,364.0,1820.0,961.68,2023-03-24 05:44:00,"765 Street, Mumbai",Mumbai,In-Store,Consumer,Asia,Cash,,Rep_B,
2077,T2077,AirPods Pro,Electronics,Accessories,3,1711.0,5133.0,2583.03,2023-03-07 14:55:00,"362 Street, Nairobi",Nairobi,Online,Corporate,Asia,Card,7.0,Rep_C,
2078,T2078,Logitech Mouse,Electronics,Accessories,5,1390.0,6950.0,5429.64,2023-05-09 04:10:00,"560 Street, Mumbai",Mumbai,Online,Corporate,South America,Card,7.0,Rep_B,
2079,T2079,MacBook Air,Electronics,Laptops,1,417.0,417.0,251.97,2023-09-29 23:01:00,"934 Street, Bangkok",Bangkok,In-Store,Small Business,South America,Transfer,9.0,Rep_A,
2080,T2080,iPhone 13,Electronics,Phones,2,579.0,1158.0,1007.4,2023-08-31 14:29:00,"735 Street, Nairobi",Nairobi,In-Store,Small Business,Asia,Cash,2.0,Rep_A,
2082,T2082,27in 4K Gaming Monitor,Electronics,Monitors,3,679.0,2037.0,1136.53,2023-07-18 08:35:00,"586 Street, Cairo",Cairo,In-Store,Consumer,Africa,Card,3.0,Rep_B,
2083,T2083,27in 4K Gaming Monitor,Electronics,Monitors,3,1817.0,5451.0,4273.08,2023-02-20 16:12:00,"989 Street, Nairobi",Nairobi,In-Store,Corporate,Europe,Card,2.0,Rep_D,
2084,T2084,MacBook Air,Electronics,Laptops,4,1905.0,7620.0,5576.71,2023-03-28 01:18:00,"119 Street, Cairo",Cairo,Wholesale,Consumer,Africa,Card,9.0,Rep_B,
2085,T2085,AirPods Pro,Electronics,Accessories,5,943.0,4715.0,2685.79,2023-08-03 16:02:00,"794 Street, Cairo",Cairo,Online,Corporate,South America,Transfer,6.0,Rep_B,
2086,T2086,Samsung Galaxy S21,Electronics,Phones,2,1633.0,3266.0,2384.68,2023-06-12 11:47:00,"196 Street, São Paulo",São Paulo,In-Store,Corporate,Asia,Card,4.0,Rep_A,
2087,T2087,27in 4K Gaming Monitor,Electronics,Monitors,5,541.0,2705.0,1829.09,2023-09-22 04:57:00,"225 Street, São Paulo",São Paulo,Online,Small Business,South America,Cash,9.0,Rep_B,
2088,T2088,Dell XPS 13,Electronics,Laptops,3,1982.0,5946.0,4617.3,2023-11-15 21:05:00,"778 Street, Mumbai",Mumbai,In-Store,Small Business,Europe,Cash,,Rep_A,
2089,T2089,Logitech Mouse,Electronics,Accessories,5,441.0,2205.0,1716.16,2023-04-25 17:02:00,"719 Street, Jakarta",Jakarta,In-Store,Consumer,South America,Transfer,1.0,Rep_C,
2090,T2090,Logitech Mouse,Electronics,Accessories,2,1374.0,2748.0,1669.26,2023-07-28 08:43:00,"79 Street, São Paulo",São Paulo,Online,Corporate,South America,Transfer,9.0,Rep_B,
2091,T2091,27in 4K Gaming Monitor,Electronics,Monitors,4,620.0,2480.0,1579.83,2023-03-29 16:12:00,"51 Street, São Paulo",São Paulo,Wholesale,Small Business,South America,Card,1.0,Rep_A,
2092,T2092,MacBook Air,Electronics,Laptops,1,1804.0,1804.0,1221.9,2023-12-08 01:03:00,"311 Street, Mumbai",Mumbai,In-Store,Consumer,Europe,Transfer,6.0,Rep_C,
2093,T2093,27in 4K Gaming Monitor,Electronics,Monitors,1,284.0,284.0,228.01,2023-12-19 09:33:00,"910 Street, Mumbai",Mumbai,Wholesale,Corporate,South America,Cash,,Rep_D,
2094,T2094,Dell XPS 13,Electronics,Laptops,1,1800.0,1800.0,1599.97,2023-02-03 00:34:00,"477 Street, Cairo",Cairo,In-Store,Small Business,South America,Cash,1.0,Rep_A,
2095,T2095,Logitech Mouse,Electronics,Accessories,3,1041.0,3123.0,1747.74,2023-06-18 07:38:00,"550 Street, São Paulo",São Paulo,Online,Consumer,Europe,Transfer,9.0,Rep_B,
2096,T2096,iPhone 13,Electronics,Phones,1,947.0,947.0,555.51,2023-01-16 21:13:00,"65 Street, Mumbai",Mumbai,In-Store,Small Business,South America,Card,2.0,Rep_A,
2097,T2097,27in 4K Gaming Monitor,Electronics,Monitors,1,355.0,355.0,214.52,2023-12-27 08:10:00,"597 Street, Mumbai",Mumbai,Wholesale,Corporate,Asia,Transfer,1.0,Rep_A,
2098,T2098,AirPods Pro,Electronics,Accessories,5,459.0,2295.0,1279.37,2023-02-21 15:07:00,"528 Street, São Paulo",São Paulo,In-Store,Corporate,Africa,Transfer,2.0,Rep_C,
2099,T2099,iPhone 13,Electronics,Phones,4,1923.0,7692.0,4888.28,2023-08-20 15:20:00,"701 Street, Nairobi",Nairobi,In-Store,Corporate,Europe,Cash,2.0,Rep_C,
2100,T2100,iPhone 13,Electronics,Phones,3,873.0,2619.0,1826.31,2023-04-04 07:35:00,"315 Street, Cairo",Cairo,Online,Small Business,Asia,Transfer,1.0,Rep_A,
2102,T2102,MacBook Air,Electronics,Laptops,3,224.0,672.0,590.39,2023-07-12 12:07:00,"675 Street, Bangkok",Bangkok,Wholesale,Consumer,Europe,Card,4.0,Rep_A,
2103,T2103,27in 4K Gaming Monitor,Electronics,Monitors,4,1395.0,5580.0,4502.74,2023-10-08 17:06:00,"613 Street, Cairo",Cairo,Wholesale,Corporate,Africa,Card,8.0,Rep_C,
2104,T2104,Samsung Galaxy S21,Electronics,Phones,4,558.0,2232.0,1171.59,2023-02-08 23:07:00,"340 Street, Mumbai",Mumbai,Wholesale,Corporate,Asia,Transfer,4.0,Rep_D,
2105,T2105,iPhone 13,Electronics,Phones,5,192.0,960.0,694.81,2023-07-26 16:54:00,"953 Street, Bangkok",Bangkok,Wholesale,Consumer,Europe,Card,9.0,Rep_D,
2106,T2106,Samsung Galaxy S21,Electronics,Phones,2,1831.0,3662.0,1940.55,2023-11-20 20:04:00,"695 Street, São Paulo",São Paulo,Wholesale,Consumer,Asia,Cash,8.0,Rep_A,
2107,T2107,MacBook Air,Electronics,Laptops,2,957.0,1914.0,1020.28,2023-03-23 09:54:00,"417 Street, Jakarta",Jakarta,Online,Corporate,Asia,Cash,9.0,Rep_C,
2108,T2108,Dell XPS 13,Electronics,Laptops,3,774.0,2322.0,1961.79,2023-10-27 10:59:00,"853 Street, Mumbai",Mumbai,Wholesale,Small Business,South America,Transfer,8.0,Rep_A,
2109,T2109,iPhone 13,Electronics,Phones,3,1502.0,4506.0,2914.14,2023-03-01 01:12:00,"427 Street, Jakarta",Jakarta,Wholesale,Corporate,Europe,Card,7.0,Rep_C,
2110,T2110,27in 4K Gaming Monitor,Electronics,Monitors,5,1616.0,8080.0,5282.28,2023-12-25 14:02:00,"584 Street, Cairo",Cairo,Wholesale,Corporate,Asia,Cash,2.0,Rep_B,
2111,T2111,Logitech Mouse,Electronics,Accessories,5,184.0,920.0,595.07,2023-02-01 02:40:00,"845 Street, Bangkok",Bangkok,Wholesale,Small Business,South America,Cash,5.0,Rep_B,
2112,T2112,iPhone 13,Electronics,Phones,1,945.0,945.0,557.62,2023-02-03 23:49:00,"123 Street, Lagos",Lagos,Online,Small Business,Africa,Card,3.0,Rep_A,
2113,T2113,iPhone 13,Electronics,Phones,4,948.0,3792.0,2710.05,2023-06-02 16:14:00,"83 Street, Jakarta",Jakarta,Wholesale,Consumer,Europe,Transfer,5.0,Rep_B,
2114,T2114,AirPods Pro,Electronics,Accessories,3,1592.0,4776.0,3874.83,2023-07-11 17:22:00,"276 Street, Lagos",Lagos,In-Store,Consumer,Asia,Card,8.0,Rep_D,
2115,T2115,Logitech Mouse,Electronics,Accessories,2,1863.0,3726.0,2834.12,2023-04-18 23:11:00,"502 Street, Nairobi",Nairobi,Online,Small Business,Europe,Card,5.0,Rep_A,
2116,T2116,Samsung Galaxy S21,Electronics,Phones,2,752.0,1504.0,936.92,2023-01-11 19:53:00,"964 Street, Mumbai",Mumbai,Wholesale,Small Business,South America,Transfer,9.0,Rep_D,
2117,T2117,Samsung Galaxy S21,Electronics,Phones,2,71.0,142.0,94.15,2023-09-20 07:52:00,"550 Street, Mumbai",Mumbai,Wholesale,Small Business,South America,Card,,Rep_B,
2118,T2118,Dell XPS 13,Electronics,Laptops,4,1165.0,4660.0,3631.97,2023-02-10 04:37:00,"37 Street, Bangkok",Bangkok,In-Store,Corporate,Africa,Cash,2.0,Rep_C,
2119,T2119,27in 4K Gaming Monitor,Electronics,Monitors,1,1212.0,1212.0,637.38,2023-05-03 13:56:00,"325 Street, Jakarta",Jakarta,Online,Small Business,Asia,Card,4.0,Rep_D,
2120,T2120,iPhone 13,Electronics,Phones,5,283.0,1415.0,787.87,2023-09-28 20:42:00,"632 Street, Lagos",Lagos,Online,Corporate,Africa,Cash,5.0,Rep_B,
2121,T2121,Dell XPS 13,Electronics,Laptops,2,1764.0,3528.0,2806.61,2023-03-01 08:20:00,"245 Street, Cairo",Cairo,In-Store,Corporate,South America,Transfer,5.0,Rep_B,
2122,T2122,Dell XPS 13,Electronics,Laptops,2,1925.0,3850.0,2953.19,2023-12-08 23:14:00,"607 Street, Jakarta",Jakarta,Wholesale,Small Business,Asia,Cash,,Rep_B,
2124,T2124,Samsung Galaxy S21,Electronics,Phones,5,1824.0,9120.0,8022.43,2023-04-25 14:15:00,"881 Street, Bangkok",Bangkok,Wholesale,Small Business,Europe,Card,1.0,Rep_C,
2125,T2125,Logitech Mouse,Electronics,Accessories,1,1509.0,1509.0,1175.91,2023-04-18 18:44:00,"160 Street, Cairo",Cairo,In-Store,Corporate,Europe,Card,1.0,Rep_B,
2126,T2126,MacBook Air,Electronics,Laptops,3,232.0,696.0,533.94,2023-04-06 10:33:00,"189 Street, Nairobi",Nairobi,In-Store,Small Business,Asia,Cash,7.0,Rep_A,
2127,T2127,Samsung Galaxy S21,Electronics,Phones,2,1897.0,3794.0,2566.87,2023-10-14 07:22:00,"751 Street, Lagos",Lagos,Wholesale,Consumer,Europe,Transfer,2.0,Rep_D,
2128,T2128,27in 4K Gaming Monitor,Electronics,Monitors,2,1137.0,2274.0,1383.23,2023-10-29 12:07:00,"73 Street, Lagos",Lagos,Wholesale,Consumer,Africa,Transfer,4.0,Rep_D,
2129,T2129,MacBook Air,Electronics,Laptops,5,1781.0,8905.0,5534.95,2023-11-18 08:10:00,"555 Street, São Paulo",São Paulo,In-Store,Consumer,Asia,Transfer,6.0,Rep_B,
2130,T2130,iPhone 13,Electronics,Phones,3,1768.0,5304.0,3534.98,2023-07-05 20:57:00,"352 Street, São Paulo",São Paulo,In-Store,Corporate,South America,Transfer,4.0,Rep_C,
2131,T2131,Logitech Mouse,Electronics,Accessories,2,1168.0,2336.0,2053.78,2023-10-10 03:47:00,"793 Street, Bangkok",Bangkok,In-Store,Small Business,Africa,Cash,7.0,Rep_C,
2132,T2132,27in 4K Gaming Monitor,Electronics,Monitors,4,1212.0,4848.0,2513.99,2023-09-13 18:21:00,"782 Street, Bangkok",Bangkok,Wholesale,Small Business,Europe,Cash,4.0,Rep_D,
2133,T2133,iPhone 13,Electronics,Phones,4,142.0,568.0,331.96,2023-04-21 07:39:00,"10 Street, Bangkok",Bangkok,Wholesale,Consumer,South America,Card,9.0,Rep_B,
2134,T2134,AirPods Pro,Electronics,Accessories,3,1992.0,5976.0,4717.6,2023-06-22 03:03:00,"787 Street, Jakarta",Jakarta,Online,Corporate,Asia,Card,8.0,Rep_D,
2135,T2135,27in 4K Gaming Monitor,Electronics,Monitors,5,67.0,335.0,275.83,2023-07-08 11:41:00,"923 Street, Lagos",Lagos,In-Store,Consumer,Africa,Card,3.0,Rep_C,
2136,T2136,AirPods Pro,Electronics,Accessories,2,1085.0,2170.0,1166.42,2023-09-26 07:37:00,"448 Street, Bangkok",Bangkok,Wholesale,Consumer,Africa,Transfer,4.0,Rep_D,
2137,T2137,iPhone 13,Electronics,Phones,2,420.0,840.0,484.38,2023-10-23 07:15:00,"530 Street, Nairobi",Nairobi,Wholesale,Corporate,Asia,Transfer,1.0,Rep_B,
2138,T2138,Samsung Galaxy S21,Electronics,Phones,4,1916.0,7664.0,4060.61,2023-04-08 03:34:00,"243 Street, Lagos",Lagos,Wholesale,Consumer,Africa,Transfer,5.0,Rep_D,
2139,T2139,Dell XPS 13,Electronics,Laptops,4,502.0,2008.0,1359.45,2023-03-07 17:28:00,"757 Street, São Paulo",São Paulo,Online,Small Business,Asia,Transfer,8.0,Rep_D,
2140,T2140,AirPods Pro,Electronics,Accessories,1,1569.0,1569.0,1216.91,2023-06-10 21:05:00,"856 Street, Jakarta",Jakarta,Online,Small Business,Europe,Transfer,,Rep_D,
2141,T2141,Logitech Mouse,Electronics,Accessories,1,945.0,945.0,580.46,2023-08-23 09:07:00,"546 Street, Jakarta",Jakarta,Online,Corporate,South America,Transfer,4.0,Rep_B,
2142,T2142,Logitech Mouse,Electronics,Accessories,4,417.0,1668.0,1354.46,2023-03-01 20:47:00,"172 Street, São Paulo",São Paulo,In-Store,Small Business,Africa,Card,8.0,Rep_B,
2143,T2143,MacBook Air,Electronics,Laptops,3,1658.0,4974.0,3292.68,2023-12-03 08:05:00,"842 Street, Mumbai",Mumbai,Wholesale,Small Business,Asia,Transfer,1.0,Rep_A,
2144,T2144,Dell XPS 13,Electronics,Laptops,3,1874.0,5622.0,4413.37,2023-04-24 22:25:00,"684 Street, Lagos",Lagos,Wholesale,Small Business,Asia,Transfer,5.0,Rep_A,
2145,T2145,Logitech Mouse,Electronics,Accessories,5,545.0,2725.0,2315.05,2023-05-10 18:42:00,"256 Street, Cairo",Cairo,Wholesale,Consumer,South America,Cash,9.0,Rep_D,
2146,T2146,iPhone 13,Electronics,Phones,3,80.0,240.0,214.61,2023-10-13 03:49:00,"923 Street, Lagos",Lagos,In-Store,Small Business,Europe,Cash,2.0,Rep_C,
2147,T2147,MacBook Air,Electronics,Laptops,4,1747.0,6988.0,4575.57,2023-07-26 11:23:00,"37 Street, Cairo",Cairo,In-Store,Small Business,South America,Cash,5.0,Rep_A,
2149,T2149,Logitech Mouse,Electronics,Accessories,2,1085.0,2170.0,1440.34,2023-01-07 19:26:00,"57 Street, São Paulo",São Paulo,In-Store,Corporate,South America,Transfer,9.0,Rep_A,
2150,T2150,27in 4K Gaming Monitor,Electronics,Monitors,2,1680.0,3360.0,2747.09,2023-05-27 11:22:00,"940 Street, São Paulo",São Paulo,Wholesale,Corporate,Asia,Transfer,4.0,Rep_A,
2152,T2152,MacBook Air,Electronics,Laptops,5,340.0,1700.0,1002.13,2023-12-18 23:26:00,"685 Street, Mumbai",Mumbai,In-Store,Small Business,South America,Cash,5.0,Rep_A,
2153,T2153,27in 4K Gaming Monitor,Electronics,Monitors,2,644.0,1288.0,995.14,2023-09-18 15:28:00,"601 Street, Nairobi",Nairobi,Wholesale,Small Business,Asia,Cash,6.0,Rep_C,
2154,T2154,Samsung Galaxy S21,Electronics,Phones,1,1538.0,1538.0,1336.99,2023-11-18 10:14:00,"368 Street, Cairo",Cairo,Online,Corporate,Europe,Card,6.0,Rep_D,
2155,T2155,MacBook Air,Electronics,Laptops,5,1366.0,6830.0,5972.39,2023-11-03 01:31:00,"577 Street, Lagos",Lagos,Wholesale,Small Business,Europe,Transfer,4.0,Rep_A,
2156,T2156,Dell XPS 13,Electronics,Laptops,2,1741.0,3482.0,2582.15,2023-12-22 12:12:00,"324 Street, Nairobi",Nairobi,In-Store,Corporate,South America,Transfer,9.0,Rep_A,
2157,T2157,MacBook Air,Electronics,Laptops,5,452.0,2260.0,1672.89,2023-01-27 12:56:00,"521 Street, São Paulo",São Paulo,Online,Consumer,Africa,Cash,4.0,Rep_C,
2158,T2158,Samsung Galaxy S21,Electronics,Phones,3,1803.0,5409.0,2816.15,2023-11-25 23:41:00,"95 Street, Jakarta",Jakarta,In-Store,Consumer,Asia,Card,,Rep_B,
2159,T2159,Samsung Galaxy S21,Electronics,Phones,3,1183.0,3549.0,2690.12,2023-08-09 19:33:00,"966 Street, Cairo",Cairo,In-Store,Corporate,South America,Transfer,,Rep_A,
2160,T2160,Samsung Galaxy S21,Electronics,Phones,2,1250.0,2500.0,2222.3,2023-04-15 15:25:00,"537 Street, São Paulo",São Paulo,In-Store,Small Business,Europe,Transfer,5.0,Rep_D,
2161,T2161,AirPods Pro,Electronics,Accessories,1,626.0,626.0,481.61,2023-02-27 15:58:00,"964 Street, Bangkok",Bangkok,Wholesale,Consumer,Europe,Cash,7.0,Rep_A,
2162,T2162,Samsung Galaxy S21,Electronics,Phones,1,1099.0,1099.0,721.36,2023-03-12 07:33:00,"268 Street, Lagos",Lagos,Wholesale,Consumer,Europe,Card,5.0,Rep_B,
2163,T2163,Dell XPS 13,Electronics,Laptops,5,213.0,1065.0,886.17,2023-09-17 03:07:00,"180 Street, Jakarta",Jakarta,In-Store,Corporate,Asia,Card,4.0,Rep_C,
2164,T2164,Samsung Galaxy S21,Electronics,Phones,4,1946.0,7784.0,5654.99,2023-09-11 12:24:00,"96 Street, Bangkok",Bangkok,Wholesale,Consumer,Asia,Card,2.0,Rep_C,
2165,T2165,iPhone 13,Electronics,Phones,5,1534.0,7670.0,5211.05,2023-08-15 05:40:00,"941 Street, São Paulo",São Paulo,Online,Corporate,Asia,Cash,6.0,Rep_D,
2166,T2166,MacBook Air,Electronics,Laptops,2,462.0,924.0,576.36,2023-12-05 06:22:00,"544 Street, Lagos",Lagos,Wholesale,Consumer,Africa,Card,4.0,Rep_B,
2168,T2168,27in 4K Gaming Monitor,Electronics,Monitors,4,1260.0,5040.0,3195.11,2023-12-06 05:08:00,"543 Street, Jakarta",Jakarta,Wholesale,Consumer,Europe,Card,6.0,Rep_C,
2169,T2169,Logitech Mouse,Electronics,Accessories,5,1161.0,5805.0,4941.1,2023-07-17 22:24:00,"221 Street, Cairo",Cairo,Wholesale,Consumer,Europe,Card,,Rep_C,
2171,T2171,iPhone 13,Electronics,Phones,4,1514.0,6056.0,5125.49,2023-03-31 19:09:00,"515 Street, Cairo",Cairo,Wholesale,Small Business,South America,Cash,5.0,Rep_D,
2172,T2172,Logitech Mouse,Electronics,Accessories,1,273.0,273.0,151.44,2023-09-04 15:25:00,"500 Street, Mumbai",Mumbai,Wholesale,Consumer,Africa,Card,5.0,Rep_B,
2173,T2173,MacBook Air,Electronics,Laptops,1,1421.0,1421.0,1115.01,2023-04-15 03:07:00,"503 Street, Lagos",Lagos,Online,Consumer,South America,Cash,5.0,Rep_D,
2174,T2174,27in 4K Gaming Monitor,Electronics,Monitors,5,170.0,850.0,690.48,2023-07-13 22:21:00,"423 Street, São Paulo",São Paulo,Wholesale,Corporate,Africa,Transfer,9.0,Rep_A,
2175,T2175,AirPods Pro,Electronics,Accessories,3,321.0,963.0,670.29,2023-08-15 21:55:00,"741 Street, São Paulo",São Paulo,Online,Corporate,Europe,Transfer,6.0,Rep_B,
2176,T2176,iPhone 13,Electronics,Phones,2,1943.0,3886.0,2220.14,2023-08-28 03:48:00,"865 Street, São Paulo",São Paulo,Online,Consumer,Africa,Transfer,6.0,Rep_D,
2177,T2177,MacBook Air,Electronics,Laptops,4,1849.0,7396.0,5738.37,2023-07-21 19:59:00,"867 Street, Cairo",Cairo,Online,Consumer,Africa,Cash,4.0,Rep_B,
2178,T2178,Samsung Galaxy S21,Electronics,Phones,3,526.0,1578.0,980.0,2023-06-27 15:52:00,"888 Street, Cairo",Cairo,Online,Corporate,Europe,Cash,1.0,Rep_C,
2179,T2179,AirPods Pro,Electronics,Accessories,3,228.0,684.0,399.1,2023-11-11 09:29:00,"502 Street, Lagos",Lagos,Online,Small Business,Europe,Transfer,2.0,Rep_D,
2180,T2180,Dell XPS 13,Electronics,Laptops,5,1322.0,6610.0,4957.93,2023-12-31 03:11:00,"770 Street, Lagos",Lagos,Wholesale,Consumer,Europe,Cash,1.0,Rep_D,
2181,T2181,Logitech Mouse,Electronics,Accessories,4,1522.0,6088.0,4708.39,2023-11-02 12:41:00,"440 Street, Mumbai",Mumbai,In-Store,Consumer,South America,Transfer,8.0,Rep_D,
2182,T2182,AirPods Pro,Electronics,Accessories,2,861.0,1722.0,1168.78,2023-07-31 08:33:00,"413 Street, Bangkok",Bangkok,Online,Corporate,Asia,Transfer,1.0,Rep_D,
2183,T2183,Logitech Mouse,Electronics,Accessories,1,588.0,588.0,346.45,2023-11-02 22:03:00,"866 Street, Cairo",Cairo,Wholesale,Consumer,Europe,Cash,5.0,Rep_A,
2184,T2184,AirPods Pro,Electronics,Accessories,5,228.0,1140.0,684.06,2023-06-18 23:15:00,"447 Street, Nairobi",Nairobi,Wholesale,Consumer,South America,Card,4.0,Rep_C,
2185,T2185,MacBook Air,Electronics,Laptops,5,1333.0,6665.0,5689.88,2023-02-15 21:11:00,"94 Street, São Paulo",São Paulo,Online,Small Business,Asia,Card,4.0,Rep_A,
2187,T2187,Logitech Mouse,Electronics,Accessories,1,427.0,427.0,319.08,2023-09-05 06:11:00,"558 Street, Lagos",Lagos,Wholesale,Corporate,Africa,Transfer,5.0,Rep_C,
2188,T2188,AirPods Pro,Electronics,Accessories,4,283.0,1132.0,844.31,2023-09-21 16:12:00,"276 Street, Bangkok",Bangkok,In-Store,Small Business,Africa,Cash,6.0,Rep_A,
2189,T2189,Samsung Galaxy S21,Electronics,Phones,4,1998.0,7992.0,6943.22,2023-06-11 03:06:00,"244 Street, Mumbai",Mumbai,Wholesale,Corporate,Asia,Card,,Rep_A,
2190,T2190,Logitech Mouse,Electronics,Accessories,5,266.0,1330.0,1002.2,2023-11-18 21:15:00,"907 Street, Jakarta",Jakarta,Wholesale,Consumer,Africa,Card,3.0,Rep_C,
2191,T2191,Samsung Galaxy S21,Electronics,Phones,5,1521.0,7605.0,6091.99,2023-07-16 21:02:00,"878 Street, Bangkok",Bangkok,Wholesale,Consumer,South America,Card,2.0,Rep_C,
2192,T2192,AirPods Pro,Electronics,Accessories,5,1759.0,8795.0,7828.72,2023-10-24 19:43:00,"219 Street, Lagos",Lagos,Online,Consumer,Africa,Cash,2.0,Rep_A,
2193,T2193,27in 4K Gaming Monitor,Electronics,Monitors,1,942.0,942.0,596.77,2023-10-19 20:19:00,"175 Street, Cairo",Cairo,Online,Corporate,South America,Card,6.0,Rep_C,
2194,T2194,27in 4K Gaming Monitor,Electronics,Monitors,2,1208.0,2416.0,1813.74,2023-03-17 23:18:00,"132 Street, Cairo",Cairo,Online,Corporate,Africa,Cash,6.0,Rep_B,
2195,T2195,Dell XPS 13,Electronics,Laptops,4,1369.0,5476.0,3364.7,2023-07-16 04:36:00,"183 Street, Nairobi",Nairobi,Online,Small Business,Europe,Transfer,9.0,Rep_C,
2196,T2196,Dell XPS 13,Electronics,Laptops,4,153.0,612.0,364.51,2023-10-25 13:17:00,"866 Street, Nairobi",Nairobi,Online,Consumer,Asia,Card,5.0,Rep_C,
2197,T2197,AirPods Pro,Electronics,Accessories,1,1197.0,1197.0,815.92,2023-02-08 09:22:00,"244 Street, Lagos",Lagos,Wholesale,Corporate,Asia,Cash,,Rep_C,
2198,T2198,27in 4K Gaming Monitor,Electronics,Monitors,3,406.0,1218.0,773.27,2023-01-13 04:59:00,"600 Street, Mumbai",Mumbai,In-Store,Small Business,Africa,Card,1.0,Rep_A,
2199,T2199,iPhone 13,Electronics,Phones,3,578.0,1734.0,1407.95,2023-03-05 05:59:00,"561 Street, São Paulo",São Paulo,Wholesale,Consumer,Africa,Transfer,,Rep_D,
2200,T2200,27in 4K Gaming Monitor,Electronics,Monitors,1,1137.0,1137.0,731.07,2023-11-23 10:40:00,"399 Street, Cairo",Cairo,Online,Small Business,Europe,Cash,4.0,Rep_B,
2201,T2201,Dell XPS 13,Electronics,Laptops,3,469.0,1407.0,811.02,2023-07-04 04:06:00,"863 Street, São Paulo",São Paulo,Wholesale,Corporate,Europe,Cash,9.0,Rep_C,
2202,T2202,AirPods Pro,Electronics,Accessories,1,1056.0,1056.0,895.29,2023-10-25 23:36:00,"743 Street, Cairo",Cairo,In-Store,Corporate,Europe,Transfer,6.0,Rep_B,
2203,T2203,MacBook Air,Electronics,Laptops,1,1248.0,1248.0,933.97,2023-03-01 07:43:00,"212 Street, Mumbai",Mumbai,Wholesale,Corporate,Europe,Card,7.0,Rep_C,
2204,T2204,iPhone 13,Electronics,Phones,1,1195.0,1195.0,935.14,2023-12-28 21:51:00,"529 Street, São Paulo",São Paulo,Wholesale,Consumer,South America,Card,9.0,Rep_B,
2205,T2205,Dell XPS 13,Electronics,Laptops,2,1281.0,2562.0,1424.08,2023-04-06 03:37:00,"648 Street, Jakarta",Jakarta,In-Store,Corporate,Africa,Cash,,Rep_C,
2206,T2206,Logitech Mouse,Electronics,Accessories,5,442.0,2210.0,1809.71,2023-12-25 10:23:00,"618 Street, Mumbai",Mumbai,Online,Consumer,South America,Cash,8.0,Rep_A,
2207,T2207,Samsung Galaxy S21,Electronics,Phones,4,1825.0,7300.0,3853.35,2023-11-02 17:23:00,"252 Street, Lagos",Lagos,In-Store,Corporate,Africa,Card,1.0,Rep_D,
2208,T2208,AirPods Pro,Electronics,Accessories,3,884.0,2652.0,2109.9,2023-05-28 20:13:00,"986 Street, Bangkok",Bangkok,In-Store,Consumer,South America,Transfer,5.0,Rep_D,
2209,T2209,iPhone 13,Electronics,Phones,4,666.0,2664.0,1902.35,2023-09-28 13:08:00,"858 Street, Jakarta",Jakarta,Online,Corporate,Africa,Cash,,Rep_A,
2210,T2210,Dell XPS 13,Electronics,Laptops,5,1510.0,7550.0,6198.08,2023-03-01 21:06:00,"799 Street, Jakarta",Jakarta,Online,Corporate,Africa,Card,2.0,Rep_A,
2211,T2211,MacBook Air,Electronics,Laptops,3,77.0,231.0,146.78,2023-09-08 19:59:00,"581 Street, São Paulo",São Paulo,In-Store,Consumer,Europe,Transfer,3.0,Rep_D,
2212,T2212,iPhone 13,Electronics,Phones,3,1255.0,3765.0,2147.69,2023-07-22 17:43:00,"779 Street, São Paulo",São Paulo,In-Store,Small Business,Asia,Transfer,,Rep_B,
2213,T2213,Dell XPS 13,Electronics,Laptops,4,1091.0,4364.0,3185.42,2023-02-03 18:08:00,"351 Street, Cairo",Cairo,Wholesale,Small Business,Africa,Transfer,9.0,Rep_B,
2215,T2215,Dell XPS 13,Electronics,Laptops,4,360.0,1440.0,940.33,2023-05-01 22:52:00,"942 Street, Mumbai",Mumbai,Wholesale,Corporate,South America,Cash,9.0,Rep_B,
2216,T2216,iPhone 13,Electronics,Phones,2,706.0,1412.0,1030.53,2023-07-11 11:28:00,"16 Street, Bangkok",Bangkok,Wholesale,Consumer,Africa,Cash,2.0,Rep_B,
2217,T2217,Logitech Mouse,Electronics,Accessories,5,1205.0,6025.0,3383.79,2023-01-31 18:33:00,"523 Street, Lagos",Lagos,Online,Small Business,Africa,Cash,3.0,Rep_D,
2218,T2218,MacBook Air,Electronics,Laptops,5,1804.0,9020.0,5498.24,2023-01-21 08:10:00,"924 Street, Lagos",Lagos,Wholesale,Consumer,Africa,Card,9.0,Rep_D,
2219,T2219,iPhone 13,Electronics,Phones,4,836.0,3344.0,1994.02,2023-05-09 05:20:00,"877 Street, Bangkok",Bangkok,In-Store,Small Business,Europe,Card,3.0,Rep_B,
2220,T2220,Logitech Mouse,Electronics,Accessories,1,461.0,461.0,248.49,2023-08-04 15:28:00,"594 Street, Nairobi",Nairobi,Wholesale,Small Business,Asia,Card,9.0,Rep_C,
2221,T2221,27in 4K Gaming Monitor,Electronics,Monitors,3,789.0,2367.0,1469.59,2023-12-26 09:55:00,"169 Street, Cairo",Cairo,Online,Consumer,Africa,Card,1.0,Rep_A,
2222,T2222,27in 4K Gaming Monitor,Electronics,Monitors,5,570.0,2850.0,1923.99,2023-04-25 23:22:00,"428 Street, São Paulo",São Paulo,Wholesale,Corporate,Africa,Card,2.0,Rep_C,
2223,T2223,AirPods Pro,Electronics,Accessories,5,764.0,3820.0,2174.12,2023-04-08 20:45:00,"488 Street, Mumbai",Mumbai,Online,Small Business,Asia,Cash,3.0,Rep_D,
2224,T2224,Samsung Galaxy S21,Electronics,Phones,5,1095.0,5475.0,3142.97,2023-11-20 03:21:00,"377 Street, Bangkok",Bangkok,In-Store,Corporate,Asia,Cash,7.0,Rep_D,
2225,T2225,27in 4K Gaming Monitor,Electronics,Monitors,1,83.0,83.0,67.77,2023-09-09 13:27:00,"482 Street, São Paulo",São Paulo,In-Store,Small Business,Africa,Cash,3.0,Rep_C,
2226,T2226,27in 4K Gaming Monitor,Electronics,Monitors,3,1085.0,3255.0,2384.99,2023-03-09 13:43:00,"254 Street, Cairo",Cairo,In-Store,Small Business,Asia,Card,3.0,Rep_A,
2228,T2228,27in 4K Gaming Monitor,Electronics,Monitors,3,1862.0,5586.0,4454.74,2023-01-12 15:18:00,"478 Street, São Paulo",São Paulo,In-Store,Small Business,Asia,Transfer,1.0,Rep_C,
2229,T2229,Samsung Galaxy S21,Electronics,Phones,1,1709.0,1709.0,1210.16,2023-10-15 02:22:00,"112 Street, Mumbai",Mumbai,Online,Corporate,Asia,Cash,8.0,Rep_D,
2230,T2230,MacBook Air,Electronics,Laptops,3,414.0,1242.0,680.74,2023-03-31 13:04:00,"448 Street, Jakarta",Jakarta,Wholesale,Small Business,Africa,Transfer,7.0,Rep_C,
2231,T2231,Samsung Galaxy S21,Electronics,Phones,2,955.0,1910.0,1531.38,2023-11-24 13:17:00,"553 Street, Mumbai",Mumbai,In-Store,Consumer,Asia,Cash,3.0,Rep_A,
2232,T2232,Logitech Mouse,Electronics,Accessories,5,1569.0,7845.0,6112.7,2023-10-06 23:46:00,"864 Street, Mumbai",Mumbai,Online,Small Business,Asia,Transfer,7.0,Rep_A,
2233,T2233,AirPods Pro,Electronics,Accessories,4,1089.0,4356.0,3763.15,2023-02-06 00:30:00,"937 Street, Mumbai",Mumbai,Wholesale,Small Business,Africa,Transfer,8.0,Rep_C,
2234,T2234,27in 4K Gaming Monitor,Electronics,Monitors,4,1103.0,4412.0,3798.37,2023-11-16 13:22:00,"634 Street, Bangkok",Bangkok,Wholesale,Consumer,Asia,Card,4.0,Rep_B,
2235,T2235,Dell XPS 13,Electronics,Laptops,5,774.0,3870.0,2331.28,2023-06-09 15:04:00,"602 Street, São Paulo",São Paulo,Online,Corporate,Asia,Transfer,3.0,Rep_A,
2236,T2236,iPhone 13,Electronics,Phones,2,1235.0,2470.0,1554.37,2023-10-24 17:37:00,"378 Street, Lagos",Lagos,In-Store,Consumer,Europe,Card,9.0,Rep_D,
2237,T2237,Dell XPS 13,Electronics,Laptops,3,1437.0,4311.0,2290.52,2023-11-26 18:04:00,"353 Street, Lagos",Lagos,In-Store,Corporate,Europe,Card,4.0,Rep_D,
2238,T2238,27in 4K Gaming Monitor,Electronics,Monitors,4,263.0,1052.0,828.06,2023-06-08 12:01:00,"201 Street, São Paulo",São Paulo,In-Store,Small Business,Europe,Card,2.0,Rep_B,
2239,T2239,27in 4K Gaming Monitor,Electronics,Monitors,5,834.0,4170.0,3474.22,2023-10-19 02:57:00,"926 Street, Nairobi",Nairobi,Wholesale,Consumer,Asia,Cash,7.0,Rep_A,
2240,T2240,MacBook Air,Electronics,Laptops,2,620.0,1240.0,764.47,2023-08-01 00:50:00,"503 Street, Nairobi",Nairobi,In-Store,Small Business,Africa,Transfer,5.0,Rep_B,
2241,T2241,Samsung Galaxy S21,Electronics,Phones,1,242.0,242.0,194.51,2023-10-21 00:40:00,"457 Street, Nairobi",Nairobi,In-Store,Corporate,Africa,Transfer,6.0,Rep_B,
2242,T2242,MacBook Air,Electronics,Laptops,5,418.0,2090.0,1222.81,2023-03-02 05:19:00,"942 Street, Mumbai",Mumbai,Wholesale,Small Business,South America,Cash,7.0,Rep_B,
2243,T2243,Dell XPS 13,Electronics,Laptops,4,558.0,2232.0,1890.37,2023-10-14 15:58:00,"4 Street, São Paulo",São Paulo,Wholesale,Consumer,Asia,Cash,7.0,Rep_B,
2244,T2244,Samsung Galaxy S21,Electronics,Phones,5,502.0,2510.0,1753.36,2023-09-27 10:33:00,"978 Street, Mumbai",Mumbai,In-Store,Consumer,South America,Card,9.0,Rep_B,
2245,T2245,AirPods Pro,Electronics,Accessories,2,1188.0,2376.0,1431.96,2023-02-01 19:52:00,"195 Street, Bangkok",Bangkok,Wholesale,Consumer,Africa,Cash,9.0,Rep_C,
2246,T2246,iPhone 13,Electronics,Phones,5,1256.0,6280.0,4390.02,2023-06-06 20:41:00,"192 Street, Nairobi",Nairobi,Wholesale,Corporate,Asia,Transfer,2.0,Rep_C,
2247,T2247,AirPods Pro,Electronics,Accessories,4,409.0,1636.0,1449.41,2023-12-20 18:13:00,"924 Street, Bangkok",Bangkok,Wholesale,Small Business,Africa,Cash,8.0,Rep_B,
2248,T2248,Samsung Galaxy S21,Electronics,Phones,1,1650.0,1650.0,1194.17,2023-06-26 10:21:00,"548 Street, Lagos",Lagos,Wholesale,Small Business,Africa,Cash,8.0,Rep_A,
2249,T2249,Logitech Mouse,Electronics,Accessories,4,1987.0,7948.0,6281.67,2023-02-13 12:32:00,"435 Street, Cairo",Cairo,Online,Corporate,Europe,Card,5.0,Rep_D,
2250,T2250,Samsung Galaxy S21,Electronics,Phones,1,1872.0,1872.0,1563.93,2023-09-30 16:33:00,"634 Street, São Paulo",São Paulo,Wholesale,Corporate,Africa,Cash,4.0,Rep_B,
2251,T2251,MacBook Air,Electronics,Laptops,3,172.0,516.0,270.26,2023-06-18 09:52:00,"824 Street, Nairobi",Nairobi,In-Store,Small Business,South America,Card,8.0,Rep_D,
2252,T2252,AirPods Pro,Electronics,Accessories,5,1489.0,7445.0,4313.72,2023-09-21 17:10:00,"251 Street, Lagos",Lagos,Online,Consumer,Europe,Transfer,6.0,Rep_C,
2253,T2253,iPhone 13,Electronics,Phones,2,342.0,684.0,481.56,2023-03-26 23:27:00,"161 Street, Mumbai",Mumbai,Online,Consumer,Europe,Cash,7.0,Rep_A,
2254,T2254,Samsung Galaxy S21,Electronics,Phones,1,1692.0,1692.0,1176.81,2023-06-05 08:23:00,"696 Street, Cairo",Cairo,Wholesale,Small Business,South America,Transfer,3.0,Rep_D,
2255,T2255,AirPods Pro,Electronics,Accessories,2,88.0,176.0,127.47,2023-11-12 15:52:00,"240 Street, Nairobi",Nairobi,Online,Corporate,South America,Card,4.0,Rep_D,
2256,T2256,MacBook Air,Electronics,Laptops,5,1484.0,7420.0,4363.25,2023-10-25 19:28:00,"288 Street, Cairo",Cairo,Online,Corporate,Africa,Card,6.0,Rep_C,
2257,T2257,iPhone 13,Electronics,Phones,1,1200.0,1200.0,744.08,2023-12-04 21:13:00,"913 Street, Lagos",Lagos,Wholesale,Corporate,Europe,Transfer,7.0,Rep_C,
2258,T2258,Samsung Galaxy S21,Electronics,Phones,5,621.0,3105.0,2791.85,2023-03-30 15:29:00,"962 Street, Bangkok",Bangkok,Wholesale,Consumer,Europe,Cash,6.0,Rep_A,
2259,T2259,Samsung Galaxy S21,Electronics,Phones,2,310.0,620.0,355.94,2023-04-25 11:11:00,"874 Street, São Paulo",São Paulo,Wholesale,Consumer,Africa,Cash,2.0,Rep_C,
2260,T2260,27in 4K Gaming Monitor,Electronics,Monitors,2,1332.0,2664.0,2376.99,2023-06-18 05:03:00,"887 Street, Mumbai",Mumbai,Wholesale,Small Business,South America,Transfer,7.0,Rep_B,
2261,T2261,Samsung Galaxy S21,Electronics,Phones,5,203.0,1015.0,882.81,2023-05-10 01:15:00,"407 Street, Nairobi",Nairobi,Online,Corporate,Europe,Transfer,5.0,Rep_A,
2262,T2262,Dell XPS 13,Electronics,Laptops,2,598.0,1196.0,977.38,2023-06-05 02:22:00,"434 Street, Jakarta",Jakarta,Online,Corporate,Asia,Cash,,Rep_A,
2263,T2263,Logitech Mouse,Electronics,Accessories,3,650.0,1950.0,1494.01,2023-03-10 00:45:00,"889 Street, Lagos",Lagos,Online,Consumer,Asia,Transfer,8.0,Rep_D,
2264,T2264,27in 4K Gaming Monitor,Electronics,Monitors,5,329.0,1645.0,1243.64,2023-06-03 02:49:00,"768 Street, Nairobi",Nairobi,Online,Consumer,Europe,Card,1.0,Rep_A,
2265,T2265,MacBook Air,Electronics,Laptops,5,686.0,3430.0,2877.45,2023-11-30 03:36:00,"2 Street, Cairo",Cairo,Wholesale,Small Business,Africa,Card,4.0,Rep_C,
2266,T2266,iPhone 13,Electronics,Phones,1,437.0,437.0,233.72,2023-04-14 01:18:00,"384 Street, Jakarta",Jakarta,In-Store,Small Business,South America,Transfer,8.0,Rep_D,
2267,T2267,iPhone 13,Electronics,Phones,3,1147.0,3441.0,2967.3,2023-12-30 15:08:00,"700 Street, Jakarta",Jakarta,Wholesale,Corporate,Europe,Transfer,4.0,Rep_C,
2268,T2268,AirPods Pro,Electronics,Accessories,1,1109.0,1109.0,672.86,2023-05-31 07:12:00,"750 Street, Jakarta",Jakarta,Wholesale,Corporate,Europe,Cash,9.0,Rep_A,
2269,T2269,iPhone 13,Electronics,Phones,2,329.0,658.0,497.34,2023-04-19 14:40:00,"937 Street, Cairo",Cairo,In-Store,Small Business,South America,Transfer,5.0,Rep_A,
2270,T2270,Dell XPS 13,Electronics,Laptops,2,1774.0,3548.0,3045.68,2023-08-10 12:53:00,"383 Street, Mumbai",Mumbai,Wholesale,Small Business,Asia,Card,4.0,Rep_D,
2271,T2271,AirPods Pro,Electronics,Accessories,4,1265.0,5060.0,3151.88,2023-12-07 02:43:00,"665 Street, Jakarta",Jakarta,Online,Corporate,South America,Transfer,5.0,Rep_B,
2272,T2272,Logitech Mouse,Electronics,Accessories,5,928.0,4640.0,2656.69,2023-06-14 08:19:00,"936 Street, Lagos",Lagos,In-Store,Consumer,Asia,Cash,8.0,Rep_B,
2273,T2273,Dell XPS 13,Electronics,Laptops,5,430.0,2150.0,1751.08,2023-01-04 08:59:00,"78 Street, Bangkok",Bangkok,Wholesale,Consumer,Europe,Card,3.0,Rep_D,
2274,T2274,iPhone 13,Electronics,Phones,1,1212.0,1212.0,954.28,2023-08-19 11:37:00,"9 Street, Lagos",Lagos,Online,Corporate,South America,Card,5.0,Rep_C,
2275,T2275,Logitech Mouse,Electronics,Accessories,5,320.0,1600.0,1429.8,2023-05-10 05:01:00,"852 Street, Lagos",Lagos,Online,Small Business,South America,Card,9.0,Rep_A,
2276,T2276,MacBook Air,Electronics,Laptops,3,950.0,2850.0,1844.42,2023-01-01 16:45:00,"657 Street, Jakarta",Jakarta,In-Store,Corporate,Africa,Cash,7.0,Rep_B,
2277,T2277,Logitech Mouse,Electronics,Accessories,2,258.0,516.0,331.32,2023-09-20 11:39:00,"1 Street, São Paulo",São Paulo,In-Store,Corporate,Africa,Card,4.0,Rep_B,
2278,T2278,MacBook Air,Electronics,Laptops,1,1711.0,1711.0,1003.65,2023-05-29 12:12:00,"466 Street, Mumbai",Mumbai,In-Store,Corporate,Europe,Card,1.0,Rep_A,
2279,T2279,Samsung Galaxy S21,Electronics,Phones,5,843.0,4215.0,3701.39,2023-07-22 03:24:00,"94 Street, Cairo",Cairo,Online,Small Business,Africa,Card,3.0,Rep_B,
2280,T2280,iPhone 13,Electronics,Phones,1,236.0,236.0,154.53,2023-10-31 18:51:00,"818 Street, Bangkok",Bangkok,In-Store,Consumer,Africa,Transfer,5.0,Rep_C,
2281,T2281,iPhone 13,Electronics,Phones,3,470.0,1410.0,967.45,2023-06-11 00:47:00,"917 Street, São Paulo",São Paulo,Wholesale,Consumer,Africa,Card,,Rep_C,
2282,T2282,iPhone 13,Electronics,Phones,1,96.0,96.0,75.59,2023-08-19 09:36:00,"587 Street, São Paulo",São Paulo,In-Store,Small Business,Europe,Transfer,2.0,Rep_C,
2283,T2283,iPhone 13,Electronics,Phones,4,449.0,1796.0,899.92,2023-11-16 09:44:00,"799 Street, Cairo",Cairo,In-Store,Consumer,South America,Card,7.0,Rep_C,
2284,T2284,MacBook Air,Electronics,Laptops,1,1765.0,1765.0,1109.67,2023-05-11 21:01:00,"638 Street, Nairobi",Nairobi,Wholesale,Corporate,Asia,Card,3.0,Rep_C,
2285,T2285,iPhone 13,Electronics,Phones,2,901.0,1802.0,1497.55,2023-04-12 20:28:00,"102 Street, Jakarta",Jakarta,Online,Consumer,Asia,Transfer,8.0,Rep_A,
2286,T2286,27in 4K Gaming Monitor,Electronics,Monitors,5,216.0,1080.0,943.74,2023-01-04 04:15:00,"584 Street, Jakarta",Jakarta,Online,Consumer,Asia,Transfer,1.0,Rep_C,
2287,T2287,Dell XPS 13,Electronics,Laptops,4,1012.0,4048.0,2474.42,2023-08-25 20:42:00,"882 Street, Cairo",Cairo,In-Store,Consumer,Europe,Cash,7.0,Rep_D,
2288,T2288,Logitech Mouse,Electronics,Accessories,2,511.0,1022.0,660.2,2023-09-14 11:50:00,"37 Street, Mumbai",Mumbai,Online,Small Business,Asia,Card,5.0,Rep_A,
2289,T2289,AirPods Pro,Electronics,Accessories,3,1823.0,5469.0,4830.04,2023-04-20 14:38:00,"742 Street, Bangkok",Bangkok,Online,Small Business,South America,Cash,1.0,Rep_D,
2290,T2290,AirPods Pro,Electronics,Accessories,5,250.0,1250.0,1056.54,2023-09-12 20:34:00,"458 Street, Nairobi",Nairobi,Online,Small Business,Africa,Card,9.0,Rep_A,
2291,T2291,MacBook Air,Electronics,Laptops,5,166.0,830.0,428.77,2023-08-03 22:40:00,"868 Street, Bangkok",Bangkok,In-Store,Corporate,Europe,Transfer,7.0,Rep_C,
2292,T2292,27in 4K Gaming Monitor,Electronics,Monitors,3,297.0,891.0,509.31,2023-05-24 03:16:00,"887 Street, Cairo",Cairo,In-Store,Consumer,Africa,Transfer,3.0,Rep_D,
2293,T2293,27in 4K Gaming Monitor,Electronics,Monitors,1,316.0,316.0,173.93,2023-02-10 19:06:00,"912 Street, Mumbai",Mumbai,In-Store,Corporate,Europe,Cash,7.0,Rep_D,
2294,T2294,Samsung Galaxy S21,Electronics,Phones,1,1964.0,1964.0,1052.8,2023-09-04 02:38:00,"11 Street, Jakarta",Jakarta,Wholesale,Corporate,Asia,Card,3.0,Rep_B,
2295,T2295,27in 4K Gaming Monitor,Electronics,Monitors,5,1274.0,6370.0,4446.78,2023-07-09 04:21:00,"884 Street, Bangkok",Bangkok,In-Store,Consumer,Asia,Card,4.0,Rep_C,
2296,T2296,MacBook Air,Electronics,Laptops,2,1591.0,3182.0,2436.98,2023-12-10 00:12:00,"305 Street, Bangkok",Bangkok,In-Store,Consumer,South America,Cash,6.0,Rep_C,
2297,T2297,AirPods Pro,Electronics,Accessories,2,1155.0,2310.0,1314.09,2023-02-18 13:25:00,"436 Street, Jakarta",Jakarta,Online,Small Business,Europe,Card,7.0,Rep_D,
2298,T2298,Samsung Galaxy S21,Electronics,Phones,5,932.0,4660.0,3510.11,2023-07-04 17:56:00,"955 Street, Bangkok",Bangkok,Wholesale,Corporate,Europe,Cash,3.0,Rep_D,
2299,T2299,AirPods Pro,Electronics,Accessories,5,507.0,2535.0,1470.65,2023-11-19 07:11:00,"878 Street, Bangkok",Bangkok,In-Store,Consumer,South America,Card,7.0,Rep_B,
2300,T2300,AirPods Pro,Electronics,Accessories,1,204.0,204.0,163.05,2023-11-07 12:28:00,"465 Street, São Paulo",São Paulo,In-Store,Corporate,Africa,Transfer,3.0,Rep_B,
2301,T2301,MacBook Air,Electronics,Laptops,4,77.0,308.0,210.44,2023-04-27 11:14:00,"830 Street, Mumbai",Mumbai,In-Store,Small Business,Europe,Card,5.0,Rep_B,
2302,T2302,AirPods Pro,Electronics,Accessories,3,1139.0,3417.0,2327.11,2023-08-16 19:36:00,"139 Street, São Paulo",São Paulo,Online,Consumer,Asia,Transfer,3.0,Rep_D,
2303,T2303,MacBook Air,Electronics,Laptops,1,966.0,966.0,791.04,2023-06-19 00:22:00,"408 Street, Cairo",Cairo,In-Store,Small Business,Europe,Card,7.0,Rep_C,
2304,T2304,AirPods Pro,Electronics,Accessories,3,1279.0,3837.0,2756.69,2023-05-28 08:32:00,"928 Street, Cairo",Cairo,In-Store,Small Business,South America,Transfer,5.0,Rep_D,
2305,T2305,MacBook Air,Electronics,Laptops,1,1999.0,1999.0,1760.32,2023-09-28 00:12:00,"930 Street, São Paulo",São Paulo,Wholesale,Consumer,Africa,Card,3.0,Rep_A,
2306,T2306,iPhone 13,Electronics,Phones,2,294.0,588.0,327.81,2023-08-24 23:10:00,"954 Street, São Paulo",São Paulo,Wholesale,Consumer,South America,Transfer,9.0,Rep_D,
2307,T2307,AirPods Pro,Electronics,Accessories,4,492.0,1968.0,1550.21,2023-06-06 09:19:00,"709 Street, Bangkok",Bangkok,Wholesale,Consumer,Europe,Transfer,6.0,Rep_D,
2308,T2308,Samsung Galaxy S21,Electronics,Phones,4,1062.0,4248.0,2591.08,2023-12-09 06:51:00,"894 Street, Jakarta",Jakarta,Wholesale,Small Business,Europe,Cash,7.0,Rep_B,
2309,T2309,Samsung Galaxy S21,Electronics,Phones,3,547.0,1641.0,1069.1,2023-01-21 13:14:00,"361 Street, São Paulo",São Paulo,Wholesale,Small Business,Africa,Transfer,7.0,Rep_C,
2310,T2310,iPhone 13,Electronics,Phones,2,834.0,1668.0,996.6,2023-12-13 00:10:00,"863 Street, Nairobi",Nairobi,Wholesale,Corporate,Europe,Transfer,5.0,Rep_B,
2311,T2311,MacBook Air,Electronics,Laptops,2,1121.0,2242.0,1362.55,2023-02-16 03:46:00,"592 Street, Mumbai",Mumbai,Online,Consumer,South America,Transfer,4.0,Rep_A,
2312,T2312,27in 4K Gaming Monitor,Electronics,Monitors,5,705.0,3525.0,2780.27,2023-06-07 10:02:00,"357 Street, Nairobi",Nairobi,Wholesale,Consumer,Europe,Card,5.0,Rep_C,
2313,T2313,27in 4K Gaming Monitor,Electronics,Monitors,4,1793.0,7172.0,6220.25,2023-11-02 16:01:00,"300 Street, Mumbai",Mumbai,Wholesale,Consumer,Europe,Transfer,1.0,Rep_D,
2314,T2314,27in 4K Gaming Monitor,Electronics,Monitors,1,1202.0,1202.0,970.24,2023-01-27 08:35:00,"463 Street, Jakarta",Jakarta,In-Store,Small Business,Africa,Card,8.0,Rep_C,
2315,T2315,Logitech Mouse,Electronics,Accessories,2,295.0,590.0,326.07,2023-12-24 02:49:00,"226 Street, Mumbai",Mumbai,In-Store,Consumer,Europe,Card,7.0,Rep_A,
2316,T2316,MacBook Air,Electronics,Laptops,3,857.0,2571.0,1449.18,2023-05-19 06:18:00,"735 Street, Bangkok",Bangkok,In-Store,Consumer,Asia,Transfer,6.0,Rep_A,
2317,T2317,AirPods Pro,Electronics,Accessories,2,1877.0,3754.0,2850.25,2023-09-10 20:56:00,"389 Street, São Paulo",São Paulo,Online,Consumer,Europe,Transfer,5.0,Rep_C,
2318,T2318,AirPods Pro,Electronics,Accessories,2,340.0,680.0,509.8,2023-07-20 20:11:00,"394 Street, São Paulo",São Paulo,Online,Small Business,Africa,Cash,5.0,Rep_D,
2319,T2319,AirPods Pro,Electronics,Accessories,5,1460.0,7300.0,5078.68,2023-05-25 09:32:00,"618 Street, Mumbai",Mumbai,Wholesale,Consumer,Africa,Card,5.0,Rep_D,
2320,T2320,Logitech Mouse,Electronics,Accessories,1,1969.0,1969.0,1686.58,2023-01-22 00:58:00,"745 Street, Cairo",Cairo,Wholesale,Consumer,Africa,Card,2.0,Rep_D,
2321,T2321,Logitech Mouse,Electronics,Accessories,5,1073.0,5365.0,3518.47,2023-02-11 08:56:00,"439 Street, Jakarta",Jakarta,In-Store,Small Business,Europe,Transfer,1.0,Rep_B,
2322,T2322,Logitech Mouse,Electronics,Accessories,1,1300.0,1300.0,715.5,2023-08-18 08:18:00,"813 Street, Lagos",Lagos,Online,Corporate,South America,Transfer,5.0,Rep_C,
2323,T2323,Logitech Mouse,Electronics,Accessories,5,206.0,1030.0,692.17,2023-11-01 08:15:00,"619 Street, Jakarta",Jakarta,Online,Corporate,Asia,Card,4.0,Rep_C,
2324,T2324,Dell XPS 13,Electronics,Laptops,4,526.0,2104.0,1740.45,2023-11-13 11:37:00,"690 Street, Mumbai",Mumbai,Online,Corporate,Africa,Cash,8.0,Rep_A,
2325,T2325,Logitech Mouse,Electronics,Accessories,5,1504.0,7520.0,4264.99,2023-12-19 16:56:00,"464 Street, Bangkok",Bangkok,Wholesale,Corporate,Europe,Cash,7.0,Rep_C,
2326,T2326,MacBook Air,Electronics,Laptops,2,1199.0,2398.0,2072.56,2023-02-21 19:30:00,"269 Street, Jakarta",Jakarta,Wholesale,Consumer,Europe,Card,,Rep_A,
2327,T2327,Logitech Mouse,Electronics,Accessories,1,1766.0,1766.0,1372.81,2023-11-08 04:36:00,"674 Street, Jakarta",Jakarta,In-Store,Small Business,South America,Card,1.0,Rep_D,
2328,T2328,MacBook Air,Electronics,Laptops,4,288.0,1152.0,621.19,2023-01-30 16:08:00,"720 Street, Cairo",Cairo,In-Store,Small Business,South America,Cash,8.0,Rep_B,
2329,T2329,AirPods Pro,Electronics,Accessories,5,1180.0,5900.0,4639.35,2023-04-18 13:12:00,"814 Street, Lagos",Lagos,Wholesale,Consumer,Europe,Card,4.0,Rep_A,
2330,T2330,AirPods Pro,Electronics,Accessories,5,1823.0,9115.0,6205.54,2023-06-10 21:52:00,"430 Street, Mumbai",Mumbai,Wholesale,Consumer,Asia,Card,4.0,Rep_B,
2331,T2331,AirPods Pro,Electronics,Accessories,3,1863.0,5589.0,4331.57,2023-01-19 18:11:00,"824 Street, Nairobi",Nairobi,In-Store,Small Business,South America,Card,5.0,Rep_D,
2332,T2332,Samsung Galaxy S21,Electronics,Phones,3,1751.0,5253.0,4163.63,2023-11-04 10:38:00,"833 Street, Cairo",Cairo,Online,Consumer,Europe,Cash,1.0,Rep_D,
2333,T2333,MacBook Air,Electronics,Laptops,1,1718.0,1718.0,1523.04,2023-08-13 06:42:00,"954 Street, São Paulo",São Paulo,Online,Corporate,South America,Card,6.0,Rep_B,
2334,T2334,iPhone 13,Electronics,Phones,3,771.0,2313.0,2063.28,2023-06-21 02:57:00,"548 Street, Bangkok",Bangkok,In-Store,Consumer,Africa,Transfer,4.0,Rep_A,
2336,T2336,Samsung Galaxy S21,Electronics,Phones,1,428.0,428.0,364.39,2023-02-01 13:36:00,"91 Street, Lagos",Lagos,Wholesale,Corporate,Africa,Transfer,6.0,Rep_A,
2337,T2337,Dell XPS 13,Electronics,Laptops,3,1268.0,3804.0,3065.29,2023-03-21 08:12:00,"433 Street, Jakarta",Jakarta,In-Store,Small Business,Asia,Transfer,1.0,Rep_C,
2338,T2338,iPhone 13,Electronics,Phones,2,70.0,140.0,88.65,2023-08-13 08:17:00,"785 Street, Lagos",Lagos,Online,Corporate,Africa,Card,9.0,Rep_C,
2339,T2339,MacBook Air,Electronics,Laptops,3,1736.0,5208.0,3249.84,2023-04-15 09:47:00,"274 Street, Mumbai",Mumbai,Wholesale,Corporate,South America,Cash,8.0,Rep_B,
2340,T2340,Logitech Mouse,Electronics,Accessories,4,687.0,2748.0,1591.14,2023-12-05 14:51:00,"57 Street, Cairo",Cairo,Online,Corporate,Asia,Transfer,7.0,Rep_B,
2341,T2341,27in 4K Gaming Monitor,Electronics,Monitors,2,1219.0,2438.0,2134.49,2023-09-14 16:46:00,"48 Street, Lagos",Lagos,In-Store,Corporate,South America,Transfer,3.0,Rep_C,
2343,T2343,Samsung Galaxy S21,Electronics,Phones,5,388.0,1940.0,1495.68,2023-11-05 17:41:00,"172 Street, Nairobi",Nairobi,Online,Consumer,Asia,Card,6.0,Rep_C,
2344,T2344,iPhone 13,Electronics,Phones,3,330.0,990.0,537.58,2023-06-09 18:33:00,"328 Street, São Paulo",São Paulo,Online,Small Business,Asia,Transfer,,Rep_B,
2345,T2345,Logitech Mouse,Electronics,Accessories,1,1982.0,1982.0,1477.79,2023-01-22 02:41:00,"832 Street, Bangkok",Bangkok,Wholesale,Small Business,Europe,Transfer,8.0,Rep_B,
2346,T2346,Dell XPS 13,Electronics,Laptops,1,674.0,674.0,418.47,2023-08-08 05:41:00,"501 Street, Cairo",Cairo,In-Store,Small Business,Europe,Card,1.0,Rep_A,
2347,T2347,27in 4K Gaming Monitor,Electronics,Monitors,3,1033.0,3099.0,1888.3,2023-03-02 15:33:00,"148 Street, Lagos",Lagos,In-Store,Small Business,Europe,Card,6.0,Rep_B,
2348,T2348,Samsung Galaxy S21,Electronics,Phones,4,827.0,3308.0,2895.15,2023-07-02 22:08:00,"977 Street, Cairo",Cairo,Wholesale,Consumer,South America,Cash,3.0,Rep_B,
2349,T2349,Samsung Galaxy S21,Electronics,Phones,5,1241.0,6205.0,4749.5,2023-09-16 13:25:00,"237 Street, Nairobi",Nairobi,Online,Corporate,South America,Card,5.0,Rep_C,
2350,T2350,iPhone 13,Electronics,Phones,1,100.0,100.0,59.14,2023-08-02 02:18:00,"285 Street, Lagos",Lagos,Wholesale,Small Business,Africa,Transfer,7.0,Rep_A,
2351,T2351,iPhone 13,Electronics,Phones,2,876.0,1752.0,1535.41,2023-10-29 21:06:00,"982 Street, Lagos",Lagos,Online,Small Business,Asia,Transfer,5.0,Rep_A,
2352,T2352,iPhone 13,Electronics,Phones,2,253.0,506.0,396.81,2023-06-06 10:35:00,"172 Street, São Paulo",São Paulo,Online,Consumer,Europe,Cash,7.0,Rep_C,
2353,T2353,AirPods Pro,Electronics,Accessories,5,577.0,2885.0,2158.62,2023-09-22 22:27:00,"402 Street, Mumbai",Mumbai,In-Store,Corporate,Africa,Card,8.0,Rep_D,
2354,T2354,iPhone 13,Electronics,Phones,2,1454.0,2908.0,2177.32,2023-05-16 23:26:00,"459 Street, Cairo",Cairo,Online,Corporate,Asia,Cash,3.0,Rep_D,
2355,T2355,Samsung Galaxy S21,Electronics,Phones,5,561.0,2805.0,2243.21,2023-07-25 16:21:00,"5 Street, Cairo",Cairo,Online,Consumer,South America,Card,2.0,Rep_D,
2356,T2356,MacBook Air,Electronics,Laptops,4,544.0,2176.0,1697.69,2023-09-10 21:42:00,"912 Street, Lagos",Lagos,Online,Corporate,Africa,Cash,7.0,Rep_C,
2357,T2357,AirPods Pro,Electronics,Accessories,1,1470.0,1470.0,1287.97,2023-08-09 11:52:00,"367 Street, Bangkok",Bangkok,Online,Consumer,Africa,Card,9.0,Rep_A,
2358,T2358,iPhone 13,Electronics,Phones,3,907.0,2721.0,1931.97,2023-09-11 19:11:00,"357 Street, São Paulo",São Paulo,Online,Consumer,South America,Cash,4.0,Rep_C,
2359,T2359,MacBook Air,Electronics,Laptops,3,930.0,2790.0,2237.06,2023-04-02 05:19:00,"420 Street, Lagos",Lagos,In-Store,Consumer,Asia,Card,8.0,Rep_D,
2360,T2360,Logitech Mouse,Electronics,Accessories,4,1796.0,7184.0,4828.91,2023-11-12 02:33:00,"335 Street, Mumbai",Mumbai,In-Store,Small Business,South America,Transfer,2.0,Rep_B,
2361,T2361,MacBook Air,Electronics,Laptops,5,174.0,870.0,667.85,2023-06-19 02:10:00,"926 Street, Lagos",Lagos,In-Store,Consumer,South America,Card,6.0,Rep_A,
2362,T2362,AirPods Pro,Electronics,Accessories,3,1696.0,5088.0,3939.6,2023-08-04 17:57:00,"584 Street, Nairobi",Nairobi,Online,Consumer,Europe,Transfer,5.0,Rep_C,
2363,T2363,Dell XPS 13,Electronics,Laptops,4,1334.0,5336.0,3322.06,2023-03-18 16:12:00,"898 Street, São Paulo",São Paulo,Online,Corporate,South America,Card,,Rep_B,
2364,T2364,Samsung Galaxy S21,Electronics,Phones,4,324.0,1296.0,1003.88,2023-12-29 00:59:00,"218 Street, Jakarta",Jakarta,Wholesale,Corporate,Asia,Cash,8.0,Rep_A,
2365,T2365,27in 4K Gaming Monitor,Electronics,Monitors,4,757.0,3028.0,2653.21,2023-02-09 05:15:00,"191 Street, Mumbai",Mumbai,In-Store,Small Business,Africa,Card,5.0,Rep_C,
2366,T2366,AirPods Pro,Electronics,Accessories,1,1810.0,1810.0,1525.71,2023-04-09 07:00:00,"596 Street, São Paulo",São Paulo,Online,Corporate,Africa,Transfer,7.0,Rep_B,
2367,T2367,MacBook Air,Electronics,Laptops,3,280.0,840.0,459.83,2023-02-18 02:06:00,"869 Street, São Paulo",São Paulo,Online,Corporate,Africa,Cash,,Rep_A,
2368,T2368,Samsung Galaxy S21,Electronics,Phones,1,1334.0,1334.0,785.25,2023-10-25 04:22:00,"586 Street, Nairobi",Nairobi,In-Store,Small Business,Africa,Card,6.0,Rep_B,
2369,T2369,iPhone 13,Electronics,Phones,3,1412.0,4236.0,2472.41,2023-10-14 15:52:00,"208 Street, Cairo",Cairo,In-Store,Consumer,Europe,Card,3.0,Rep_C,
2370,T2370,Samsung Galaxy S21,Electronics,Phones,2,390.0,780.0,457.31,2023-01-18 01:55:00,"181 Street, Nairobi",Nairobi,Online,Small Business,Europe,Transfer,2.0,Rep_A,
2371,T2371,MacBook Air,Electronics,Laptops,1,1951.0,1951.0,1011.38,2023-10-23 18:18:00,"197 Street, Lagos",Lagos,Online,Corporate,Africa,Card,1.0,Rep_D,
2372,T2372,MacBook Air,Electronics,Laptops,4,1770.0,7080.0,5870.33,2023-04-29 23:56:00,"242 Street, Cairo",Cairo,Online,Corporate,Africa,Cash,2.0,Rep_A,
2373,T2373,Logitech Mouse,Electronics,Accessories,5,363.0,1815.0,1479.16,2023-09-15 15:36:00,"343 Street, Bangkok",Bangkok,Online,Consumer,South America,Cash,,Rep_C,
2374,T2374,Logitech Mouse,Electronics,Accessories,1,1039.0,1039.0,816.75,2023-09-24 04:05:00,"911 Street, São Paulo",São Paulo,Online,Consumer,South America,Card,2.0,Rep_B,
2375,T2375,Dell XPS 13,Electronics,Laptops,4,629.0,2516.0,1481.43,2023-12-09 10:53:00,"726 Street, São Paulo",São Paulo,Online,Small Business,South America,Transfer,,Rep_B,
2376,T2376,Dell XPS 13,Electronics,Laptops,2,973.0,1946.0,1371.86,2023-03-27 22:28:00,"292 Street, Mumbai",Mumbai,Wholesale,Corporate,South America,Transfer,7.0,Rep_A,
2377,T2377,Dell XPS 13,Electronics,Laptops,2,1623.0,3246.0,2387.55,2023-12-09 13:02:00,"555 Street, Lagos",Lagos,Online,Consumer,Europe,Transfer,7.0,Rep_C,
2378,T2378,27in 4K Gaming Monitor,Electronics,Monitors,5,1681.0,8405.0,5939.71,2023-06-22 22:09:00,"120 Street, Bangkok",Bangkok,In-Store,Consumer,South America,Cash,,Rep_A,
2379,T2379,MacBook Air,Electronics,Laptops,4,907.0,3628.0,2422.43,2023-09-18 08:59:00,"93 Street, Nairobi",Nairobi,Wholesale,Small Business,South America,Card,7.0,Rep_A,
2380,T2380,Dell XPS 13,Electronics,Laptops,5,216.0,1080.0,966.29,2023-07-10 09:39:00,"591 Street, Bangkok",Bangkok,Wholesale,Consumer,Europe,Card,,Rep_B,
2381,T2381,iPhone 13,Electronics,Phones,3,1773.0,5319.0,3538.97,2023-05-17 09:04:00,"278 Street, Mumbai",Mumbai,In-Store,Corporate,Africa,Transfer,,Rep_C,
2382,T2382,AirPods Pro,Electronics,Accessories,5,997.0,4985.0,2709.38,2023-01-27 23:05:00,"765 Street, São Paulo",São Paulo,In-Store,Corporate,South America,Transfer,4.0,Rep_C,
2383,T2383,MacBook Air,Electronics,Laptops,3,1828.0,5484.0,4755.19,2023-05-12 21:03:00,"730 Street, Mumbai",Mumbai,In-Store,Small Business,Europe,Card,8.0,Rep_A,
2384,T2384,AirPods Pro,Electronics,Accessories,1,494.0,494.0,401.94,2023-01-17 16:27:00,"582 Street, Cairo",Cairo,Wholesale,Consumer,Europe,Card,8.0,Rep_C,
2385,T2385,27in 4K Gaming Monitor,Electronics,Monitors,5,1465.0,7325.0,3943.37,2023-02-01 10:19:00,"409 Street, Bangkok",Bangkok,Wholesale,Consumer,South America,Transfer,9.0,Rep_A,
2386,T2386,Logitech Mouse,Electronics,Accessories,5,1570.0,7850.0,4837.68,2023-09-13 15:11:00,"132 Street, Mumbai",Mumbai,In-Store,Corporate,South America,Card,7.0,Rep_C,
2387,T2387,MacBook Air,Electronics,Laptops,5,766.0,3830.0,2594.47,2023-09-11 16:10:00,"796 Street, Bangkok",Bangkok,In-Store,Small Business,Asia,Cash,,Rep_D,
2388,T2388,Dell XPS 13,Electronics,Laptops,1,1418.0,1418.0,1271.77,2023-12-19 22:53:00,"217 Street, Cairo",Cairo,In-Store,Corporate,Asia,Transfer,6.0,Rep_C,
2389,T2389,AirPods Pro,Electronics,Accessories,1,1766.0,1766.0,997.66,2023-05-17 18:47:00,"402 Street, Cairo",Cairo,In-Store,Small Business,South America,Transfer,,Rep_D,
2390,T2390,iPhone 13,Electronics,Phones,3,473.0,1419.0,748.3,2023-10-30 21:36:00,"150 Street, Nairobi",Nairobi,Online,Consumer,Africa,Card,2.0,Rep_D,
2391,T2391,iPhone 13,Electronics,Phones,1,772.0,772.0,545.32,2023-01-24 22:22:00,"258 Street, Nairobi",Nairobi,Online,Small Business,Asia,Transfer,9.0,Rep_D,
2392,T2392,MacBook Air,Electronics,Laptops,3,725.0,2175.0,1639.12,2023-07-01 02:26:00,"190 Street, São Paulo",São Paulo,Online,Small Business,South America,Transfer,2.0,Rep_A,
2393,T2393,Samsung Galaxy S21,Electronics,Phones,1,1458.0,1458.0,1012.47,2023-01-16 17:33:00,"532 Street, Bangkok",Bangkok,Wholesale,Corporate,Europe,Transfer,1.0,Rep_B,
2394,T2394,Dell XPS 13,Electronics,Laptops,3,1377.0,4131.0,3266.36,2023-04-29 20:07:00,"973 Street, Cairo",Cairo,Wholesale,Consumer,Asia,Transfer,7.0,Rep_A,
2396,T2396,iPhone 13,Electronics,Phones,4,1730.0,6920.0,4438.64,2023-07-31 14:12:00,"85 Street, Nairobi",Nairobi,Online,Corporate,Africa,Cash,2.0,Rep_B,
2397,T2397,27in 4K Gaming Monitor,Electronics,Monitors,2,1052.0,2104.0,1345.01,2023-05-17 19:44:00,"806 Street, Mumbai",Mumbai,Wholesale,Small Business,Europe,Card,2.0,Rep_D,
2398,T2398,27in 4K Gaming Monitor,Electronics,Monitors,3,1935.0,5805.0,3170.59,2023-08-27 11:14:00,"249 Street, Nairobi",Nairobi,Online,Consumer,South America,Cash,6.0,Rep_C,
2399,T2399,Dell XPS 13,Electronics,Laptops,5,1748.0,8740.0,6396.06,2023-12-21 14:01:00,"749 Street, Mumbai",Mumbai,In-Store,Corporate,South America,Card,8.0,Rep_D,
2400,T2400,iPhone 13,Electronics,Phones,4,1770.0,7080.0,5977.76,2023-01-11 00:29:00,"850 Street, Jakarta",Jakarta,Wholesale,Consumer,South America,Cash,8.0,Rep_B,
2401,T2401,Dell XPS 13,Electronics,Laptops,1,760.0,760.0,524.48,2023-04-16 18:15:00,"755 Street, Jakarta",Jakarta,Online,Small Business,Africa,Card,3.0,Rep_C,
2402,T2402,MacBook Air,Electronics,Laptops,3,1358.0,4074.0,3293.51,2023-04-08 05:44:00,"734 Street, Bangkok",Bangkok,In-Store,Small Business,South America,Card,5.0,Rep_D,
2403,T2403,Samsung Galaxy S21,Electronics,Phones,4,1954.0,7816.0,5773.59,2023-05-14 20:59:00,"777 Street, Mumbai",Mumbai,In-Store,Small Business,Asia,Cash,8.0,Rep_D,
2404,T2404,iPhone 13,Electronics,Phones,4,491.0,1964.0,1691.97,2023-11-03 09:14:00,"608 Street, Nairobi",Nairobi,Online,Small Business,Africa,Cash,1.0,Rep_B,
2405,T2405,Samsung Galaxy S21,Electronics,Phones,2,1645.0,3290.0,1649.76,2023-07-21 11:51:00,"752 Street, Lagos",Lagos,In-Store,Consumer,Europe,Card,1.0,Rep_D,
2406,T2406,iPhone 13,Electronics,Phones,3,480.0,1440.0,882.02,2023-02-15 02:35:00,"348 Street, Jakarta",Jakarta,Wholesale,Small Business,Europe,Card,6.0,Rep_C,
2407,T2407,MacBook Air,Electronics,Laptops,5,894.0,4470.0,2637.47,2023-05-17 19:30:00,"173 Street, Bangkok",Bangkok,In-Store,Consumer,South America,Card,3.0,Rep_A,
2409,T2409,Samsung Galaxy S21,Electronics,Phones,1,1046.0,1046.0,616.43,2023-04-09 21:40:00,"93 Street, Lagos",Lagos,Online,Consumer,Asia,Card,4.0,Rep_A,
2410,T2410,Logitech Mouse,Electronics,Accessories,5,1480.0,7400.0,3713.62,2023-07-12 08:24:00,"300 Street, Mumbai",Mumbai,Online,Corporate,South America,Cash,5.0,Rep_A,
2411,T2411,AirPods Pro,Electronics,Accessories,3,555.0,1665.0,1327.93,2023-03-13 23:25:00,"655 Street, Lagos",Lagos,Online,Consumer,South America,Transfer,8.0,Rep_A,
2412,T2412,Samsung Galaxy S21,Electronics,Phones,4,577.0,2308.0,1741.61,2023-06-12 08:39:00,"301 Street, Nairobi",Nairobi,In-Store,Corporate,Africa,Transfer,,Rep_B,
2413,T2413,MacBook Air,Electronics,Laptops,5,591.0,2955.0,2518.73,2023-04-01 18:09:00,"646 Street, Lagos",Lagos,In-Store,Small Business,Europe,Card,9.0,Rep_A,
2414,T2414,AirPods Pro,Electronics,Accessories,1,1670.0,1670.0,1397.78,2023-05-25 04:10:00,"576 Street, Lagos",Lagos,Online,Consumer,Asia,Card,8.0,Rep_A,
2415,T2415,MacBook Air,Electronics,Laptops,2,1803.0,3606.0,1810.13,2023-09-15 08:15:00,"185 Street, Bangkok",Bangkok,Online,Consumer,Asia,Transfer,4.0,Rep_B,
2416,T2416,Logitech Mouse,Electronics,Accessories,3,1481.0,4443.0,3029.17,2023-09-28 10:26:00,"368 Street, Cairo",Cairo,Online,Corporate,Asia,Cash,3.0,Rep_C,
2417,T2417,Logitech Mouse,Electronics,Accessories,3,365.0,1095.0,863.6,2023-10-24 05:50:00,"287 Street, São Paulo",São Paulo,In-Store,Small Business,Asia,Cash,8.0,Rep_C,
2418,T2418,AirPods Pro,Electronics,Accessories,1,1991.0,1991.0,1422.65,2023-03-31 17:52:00,"354 Street, Mumbai",Mumbai,Wholesale,Consumer,Asia,Cash,,Rep_A,
2419,T2419,27in 4K Gaming Monitor,Electronics,Monitors,4,1381.0,5524.0,3345.24,2023-02-24 11:18:00,"478 Street, Lagos",Lagos,Wholesale,Consumer,South America,Cash,3.0,Rep_C,
2420,T2420,iPhone 13,Electronics,Phones,4,1896.0,7584.0,5936.15,2023-07-08 10:49:00,"618 Street, Jakarta",Jakarta,Wholesale,Corporate,South America,Cash,,Rep_B,
2421,T2421,27in 4K Gaming Monitor,Electronics,Monitors,4,828.0,3312.0,2452.82,2023-06-26 14:55:00,"701 Street, Nairobi",Nairobi,Online,Consumer,Africa,Cash,5.0,Rep_D,
2422,T2422,Samsung Galaxy S21,Electronics,Phones,5,1066.0,5330.0,4480.34,2023-10-27 04:51:00,"486 Street, Cairo",Cairo,Wholesale,Consumer,Asia,Cash,6.0,Rep_D,
2423,T2423,Samsung Galaxy S21,Electronics,Phones,3,1971.0,5913.0,5172.14,2023-08-06 02:45:00,"105 Street, São Paulo",São Paulo,Online,Consumer,South America,Card,2.0,Rep_C,
2424,T2424,iPhone 13,Electronics,Phones,5,558.0,2790.0,2508.2,2023-09-08 06:52:00,"320 Street, Jakarta",Jakarta,Online,Consumer,Asia,Cash,4.0,Rep_A,
2425,T2425,27in 4K Gaming Monitor,Electronics,Monitors,5,1670.0,8350.0,6239.36,2023-03-22 02:56:00,"74 Street, São Paulo",São Paulo,Online,Consumer,South America,Transfer,7.0,Rep_C,
2426,T2426,iPhone 13,Electronics,Phones,2,598.0,1196.0,1040.84,2023-01-10 07:17:00,"553 Street, São Paulo",São Paulo,Online,Consumer,Africa,Card,3.0,Rep_B,
2427,T2427,27in 4K Gaming Monitor,Electronics,Monitors,3,614.0,1842.0,1134.16,2023-08-31 18:46:00,"273 Street, Lagos",Lagos,In-Store,Consumer,South America,Transfer,3.0,Rep_D,
2429,T2429,Dell XPS 13,Electronics,Laptops,5,950.0,4750.0,3024.23,2023-04-24 19:50:00,"720 Street, Jakarta",Jakarta,Online,Small Business,Africa,Cash,8.0,Rep_A,
2430,T2430,Samsung Galaxy S21,Electronics,Phones,2,1437.0,2874.0,1637.76,2023-01-18 17:37:00,"817 Street, Nairobi",Nairobi,In-Store,Corporate,Europe,Cash,4.0,Rep_B,
2431,T2431,iPhone 13,Electronics,Phones,3,1604.0,4812.0,3932.78,2023-11-28 09:24:00,"37 Street, Cairo",Cairo,In-Store,Consumer,Asia,Transfer,4.0,Rep_C,
2432,T2432,Samsung Galaxy S21,Electronics,Phones,1,1599.0,1599.0,1425.46,2023-02-22 08:17:00,"377 Street, Nairobi",Nairobi,Online,Small Business,Africa,Cash,8.0,Rep_C,
2433,T2433,MacBook Air,Electronics,Laptops,2,1003.0,2006.0,1726.27,2023-10-28 19:33:00,"106 Street, Bangkok",Bangkok,Wholesale,Corporate,Europe,Card,3.0,Rep_C,
2434,T2434,iPhone 13,Electronics,Phones,3,708.0,2124.0,1228.87,2023-10-30 13:02:00,"754 Street, São Paulo",São Paulo,In-Store,Consumer,South America,Transfer,6.0,Rep_B,
2435,T2435,iPhone 13,Electronics,Phones,1,290.0,290.0,166.79,2023-12-19 06:56:00,"865 Street, Cairo",Cairo,Wholesale,Small Business,Europe,Card,1.0,Rep_C,
2436,T2436,AirPods Pro,Electronics,Accessories,3,1316.0,3948.0,2168.71,2023-06-23 19:54:00,"666 Street, Nairobi",Nairobi,Wholesale,Small Business,South America,Card,4.0,Rep_A,
2437,T2437,AirPods Pro,Electronics,Accessories,3,1291.0,3873.0,2786.02,2023-11-10 13:29:00,"298 Street, Jakarta",Jakarta,Wholesale,Consumer,Africa,Cash,4.0,Rep_B,
2438,T2438,AirPods Pro,Electronics,Accessories,4,516.0,2064.0,1584.0,2023-11-02 17:18:00,"422 Street, Bangkok",Bangkok,Wholesale,Small Business,Africa,Cash,3.0,Rep_B,
2439,T2439,Logitech Mouse,Electronics,Accessories,4,1751.0,7004.0,3895.01,2023-12-26 12:03:00,"257 Street, Nairobi",Nairobi,Wholesale,Corporate,Europe,Card,2.0,Rep_D,
2440,T2440,27in 4K Gaming Monitor,Electronics,Monitors,1,213.0,213.0,152.79,2023-04-16 11:20:00,"129 Street, São Paulo",São Paulo,In-Store,Corporate,South America,Transfer,7.0,Rep_D,
2441,T2441,Samsung Galaxy S21,Electronics,Phones,4,1594.0,6376.0,4948.45,2023-07-28 20:31:00,"153 Street, Jakarta",Jakarta,In-Store,Corporate,South America,Cash,8.0,Rep_A,
2442,T2442,Dell XPS 13,Electronics,Laptops,2,1862.0,3724.0,2517.27,2023-10-07 14:27:00,"139 Street, Bangkok",Bangkok,In-Store,Consumer,South America,Card,1.0,Rep_C,
2443,T2443,Logitech Mouse,Electronics,Accessories,4,1310.0,5240.0,3834.71,2023-07-17 09:58:00,"381 Street, Jakarta",Jakarta,In-Store,Small Business,Africa,Card,6.0,Rep_B,
2444,T2444,Samsung Galaxy S21,Electronics,Phones,5,1109.0,5545.0,3097.66,2023-07-23 22:42:00,"307 Street, Jakarta",Jakarta,Online,Consumer,South America,Cash,4.0,Rep_C,
2445,T2445,Logitech Mouse,Electronics,Accessories,1,1922.0,1922.0,1261.12,2023-11-06 13:05:00,"199 Street, Jakarta",Jakarta,In-Store,Corporate,Asia,Card,3.0,Rep_A,
2446,T2446,MacBook Air,Electronics,Laptops,1,1574.0,1574.0,1269.76,2023-08-15 19:23:00,"316 Street, Lagos",Lagos,Online,Corporate,Asia,Cash,4.0,Rep_B,
2447,T2447,Logitech Mouse,Electronics,Accessories,2,957.0,1914.0,1713.19,2023-03-21 16:09:00,"508 Street, Mumbai",Mumbai,Wholesale,Consumer,Asia,Card,8.0,Rep_A,
2448,T2448,MacBook Air,Electronics,Laptops,2,1083.0,2166.0,1238.7,2023-10-26 18:04:00,"616 Street, São Paulo",São Paulo,Wholesale,Consumer,Asia,Transfer,8.0,Rep_D,
2449,T2449,27in 4K Gaming Monitor,Electronics,Monitors,2,62.0,124.0,87.66,2023-05-12 18:00:00,"269 Street, São Paulo",São Paulo,Online,Corporate,Europe,Cash,5.0,Rep_C,
2450,T2450,Logitech Mouse,Electronics,Accessories,2,721.0,1442.0,1126.12,2023-09-17 06:12:00,"81 Street, Nairobi",Nairobi,Wholesale,Corporate,Asia,Card,1.0,Rep_D,
2451,T2451,AirPods Pro,Electronics,Accessories,5,1211.0,6055.0,5188.84,2023-01-09 07:34:00,"397 Street, Lagos",Lagos,Wholesale,Small Business,South America,Transfer,8.0,Rep_C,
2452,T2452,Dell XPS 13,Electronics,Laptops,3,571.0,1713.0,1080.54,2023-11-14 12:39:00,"110 Street, Nairobi",Nairobi,In-Store,Consumer,South America,Transfer,9.0,Rep_C,
2453,T2453,AirPods Pro,Electronics,Accessories,5,1722.0,8610.0,5627.54,2023-02-08 17:12:00,"921 Street, Mumbai",Mumbai,Online,Consumer,Africa,Card,8.0,Rep_B,
2454,T2454,iPhone 13,Electronics,Phones,2,858.0,1716.0,860.59,2023-06-05 23:40:00,"574 Street, São Paulo",São Paulo,In-Store,Small Business,Africa,Card,2.0,Rep_C,
2455,T2455,iPhone 13,Electronics,Phones,2,1088.0,2176.0,1124.49,2023-02-17 15:46:00,"369 Street, Cairo",Cairo,Online,Consumer,South America,Card,,Rep_C,
2456,T2456,Dell XPS 13,Electronics,Laptops,3,579.0,1737.0,1478.16,2023-11-17 12:45:00,"965 Street, Cairo",Cairo,In-Store,Consumer,Africa,Transfer,,Rep_B,
2457,T2457,27in 4K Gaming Monitor,Electronics,Monitors,2,285.0,570.0,506.39,2023-01-13 06:27:00,"261 Street, Nairobi",Nairobi,Wholesale,Consumer,Europe,Cash,1.0,Rep_B,
2458,T2458,Dell XPS 13,Electronics,Laptops,5,629.0,3145.0,2355.53,2023-12-24 03:12:00,"658 Street, Bangkok",Bangkok,Wholesale,Small Business,Africa,Card,3.0,Rep_B,
2459,T2459,27in 4K Gaming Monitor,Electronics,Monitors,4,266.0,1064.0,927.88,2023-09-21 19:21:00,"766 Street, Bangkok",Bangkok,Wholesale,Consumer,South America,Transfer,5.0,Rep_C,
2460,T2460,Logitech Mouse,Electronics,Accessories,1,558.0,558.0,477.69,2023-01-25 00:30:00,"324 Street, São Paulo",São Paulo,In-Store,Corporate,Europe,Transfer,5.0,Rep_B,
2461,T2461,MacBook Air,Electronics,Laptops,2,156.0,312.0,215.05,2023-01-04 18:30:00,"799 Street, Nairobi",Nairobi,Wholesale,Consumer,Asia,Cash,,Rep_A,
2462,T2462,Logitech Mouse,Electronics,Accessories,1,513.0,513.0,323.49,2023-06-26 17:14:00,"678 Street, Lagos",Lagos,Online,Small Business,Africa,Transfer,9.0,Rep_A,
2463,T2463,AirPods Pro,Electronics,Accessories,3,1800.0,5400.0,3871.61,2023-11-15 21:49:00,"72 Street, Bangkok",Bangkok,Wholesale,Small Business,Asia,Transfer,4.0,Rep_C,
2464,T2464,Logitech Mouse,Electronics,Accessories,5,1268.0,6340.0,5623.63,2023-12-22 02:08:00,"182 Street, Cairo",Cairo,Online,Consumer,Europe,Transfer,8.0,Rep_D,
2465,T2465,AirPods Pro,Electronics,Accessories,4,385.0,1540.0,938.21,2023-12-28 22:09:00,"637 Street, São Paulo",São Paulo,Wholesale,Consumer,Europe,Transfer,6.0,Rep_A,
2466,T2466,AirPods Pro,Electronics,Accessories,2,742.0,1484.0,1145.58,2023-02-06 23:42:00,"122 Street, Nairobi",Nairobi,Wholesale,Corporate,Africa,Cash,3.0,Rep_A,
2467,T2467,MacBook Air,Electronics,Laptops,1,217.0,217.0,161.05,2023-03-20 17:44:00,"893 Street, Bangkok",Bangkok,Wholesale,Corporate,South America,Card,2.0,Rep_D,
2468,T2468,MacBook Air,Electronics,Laptops,1,120.0,120.0,76.19,2023-12-23 11:31:00,"771 Street, São Paulo",São Paulo,Wholesale,Consumer,South America,Transfer,,Rep_C,
2469,T2469,Dell XPS 13,Electronics,Laptops,4,1536.0,6144.0,4273.99,2023-12-28 08:35:00,"520 Street, Nairobi",Nairobi,Wholesale,Small Business,Europe,Cash,6.0,Rep_B,
2470,T2470,AirPods Pro,Electronics,Accessories,1,485.0,485.0,376.25,2023-12-15 22:55:00,"563 Street, Nairobi",Nairobi,In-Store,Small Business,South America,Cash,7.0,Rep_A,
2471,T2471,27in 4K Gaming Monitor,Electronics,Monitors,5,178.0,890.0,527.1,2023-04-04 16:38:00,"781 Street, Nairobi",Nairobi,Online,Small Business,Asia,Cash,7.0,Rep_C,
2472,T2472,AirPods Pro,Electronics,Accessories,1,1036.0,1036.0,761.55,2023-11-30 04:02:00,"445 Street, Bangkok",Bangkok,Wholesale,Small Business,Africa,Cash,1.0,Rep_C,
2474,T2474,27in 4K Gaming Monitor,Electronics,Monitors,5,1703.0,8515.0,7504.95,2023-12-04 22:28:00,"272 Street, Bangkok",Bangkok,Online,Corporate,Asia,Transfer,8.0,Rep_B,
2475,T2475,27in 4K Gaming Monitor,Electronics,Monitors,3,676.0,2028.0,1022.84,2023-01-25 20:54:00,"33 Street, Nairobi",Nairobi,Online,Consumer,Asia,Card,7.0,Rep_B,
2476,T2476,MacBook Air,Electronics,Laptops,4,778.0,3112.0,2328.13,2023-09-26 10:46:00,"742 Street, Nairobi",Nairobi,Online,Consumer,Asia,Cash,,Rep_D,
2477,T2477,Logitech Mouse,Electronics,Accessories,5,180.0,900.0,700.09,2023-03-07 19:37:00,"592 Street, Jakarta",Jakarta,Wholesale,Small Business,Africa,Card,8.0,Rep_A,
2478,T2478,Samsung Galaxy S21,Electronics,Phones,4,843.0,3372.0,2492.34,2023-06-21 09:52:00,"681 Street, Lagos",Lagos,Wholesale,Corporate,South America,Card,,Rep_C,
2479,T2479,Dell XPS 13,Electronics,Laptops,5,1347.0,6735.0,4708.83,2023-02-06 00:17:00,"947 Street, Cairo",Cairo,In-Store,Corporate,Africa,Cash,6.0,Rep_B,
2480,T2480,Dell XPS 13,Electronics,Laptops,1,1895.0,1895.0,1641.52,2023-08-25 05:05:00,"575 Street, Lagos",Lagos,In-Store,Corporate,Africa,Transfer,9.0,Rep_B,
2481,T2481,iPhone 13,Electronics,Phones,5,272.0,1360.0,1078.82,2023-09-30 14:04:00,"523 Street, Mumbai",Mumbai,Wholesale,Small Business,Europe,Cash,7.0,Rep_B,
2482,T2482,Samsung Galaxy S21,Electronics,Phones,4,91.0,364.0,228.36,2023-02-21 21:12:00,"371 Street, Bangkok",Bangkok,Online,Corporate,Africa,Card,5.0,Rep_C,
2483,T2483,MacBook Air,Electronics,Laptops,4,1734.0,6936.0,3673.39,2023-08-09 14:34:00,"696 Street, Lagos",Lagos,Online,Small Business,South America,Transfer,9.0,Rep_B,
2484,T2484,AirPods Pro,Electronics,Accessories,3,1200.0,3600.0,2945.6,2023-07-15 16:24:00,"891 Street, Bangkok",Bangkok,Wholesale,Small Business,Asia,Card,7.0,Rep_C,
2485,T2485,Dell XPS 13,Electronics,Laptops,3,1262.0,3786.0,3238.47,2023-10-05 16:09:00,"426 Street, Jakarta",Jakarta,In-Store,Consumer,Asia,Transfer,7.0,Rep_C,
2486,T2486,iPhone 13,Electronics,Phones,5,441.0,2205.0,1546.54,2023-03-27 03:01:00,"450 Street, Mumbai",Mumbai,Online,Small Business,Europe,Card,7.0,Rep_B,
2487,T2487,MacBook Air,Electronics,Laptops,5,751.0,3755.0,3302.19,2023-09-27 17:37:00,"62 Street, São Paulo",São Paulo,Online,Small Business,Europe,Cash,8.0,Rep_C,
2488,T2488,iPhone 13,Electronics,Phones,5,1687.0,8435.0,6582.65,2023-05-02 18:42:00,"837 Street, Bangkok",Bangkok,Wholesale,Consumer,Africa,Cash,2.0,Rep_A,
2489,T2489,Samsung Galaxy S21,Electronics,Phones,3,1925.0,5775.0,4389.82,2023-07-10 12:15:00,"163 Street, Bangkok",Bangkok,In-Store,Small Business,Africa,Transfer,7.0,Rep_D,
2490,T2490,AirPods Pro,Electronics,Accessories,5,1635.0,8175.0,7223.58,2023-06-06 04:02:00,"843 Street, Cairo",Cairo,Wholesale,Small Business,Europe,Transfer,8.0,Rep_D,
2491,T2491,AirPods Pro,Electronics,Accessories,4,557.0,2228.0,1410.43,2023-08-21 08:20:00,"931 Street, Lagos",Lagos,In-Store,Small Business,South America,Card,,Rep_A,
2492,T2492,Samsung Galaxy S21,Electronics,Phones,4,1296.0,5184.0,4156.58,2023-10-24 22:18:00,"631 Street, Bangkok",Bangkok,Online,Consumer,Europe,Cash,2.0,Rep_A,
2493,T2493,MacBook Air,Electronics,Laptops,1,1350.0,1350.0,774.62,2023-01-29 18:34:00,"602 Street, Lagos",Lagos,In-Store,Consumer,Africa,Card,3.0,Rep_C,
2494,T2494,iPhone 13,Electronics,Phones,5,160.0,800.0,421.51,2023-06-03 10:42:00,"294 Street, São Paulo",São Paulo,Wholesale,Corporate,South America,Card,4.0,Rep_B,
2495,T2495,Logitech Mouse,Electronics,Accessories,3,596.0,1788.0,1183.72,2023-04-20 02:34:00,"71 Street, Mumbai",Mumbai,In-Store,Corporate,Africa,Cash,3.0,Rep_A,
2496,T2496,Samsung Galaxy S21,Electronics,Phones,4,1638.0,6552.0,4047.62,2023-08-05 14:46:00,"753 Street, Lagos",Lagos,Wholesale,Corporate,Africa,Transfer,7.0,Rep_B,
2498,T2498,Samsung Galaxy S21,Electronics,Phones,3,143.0,429.0,360.68,2023-12-21 20:30:00,"44 Street, Jakarta",Jakarta,In-Store,Consumer,Europe,Transfer,7.0,Rep_A,
2499,T2499,27in 4K Gaming Monitor,Electronics,Monitors,2,1771.0,3542.0,2646.52,2023-04-13 19:59:00,"848 Street, Bangkok",Bangkok,Online,Corporate,Asia,Card,5.0,Rep_A,
2500,T2500,27in 4K Gaming Monitor,Electronics,Monitors,4,1581.0,6324.0,4113.1,2023-09-23 22:16:00,"473 Street, Cairo",Cairo,Online,Corporate,South America,Card,9.0,Rep_D,
2501,T2501,27in 4K Gaming Monitor,Electronics,Monitors,4,1261.0,5044.0,3688.59,2023-02-16 12:22:00,"819 Street, Nairobi",Nairobi,Online,Corporate,Asia,Card,5.0,Rep_D,
2502,T2502,Dell XPS 13,Electronics,Laptops,4,1600.0,6400.0,3418.89,2023-06-04 16:39:00,"495 Street, São Paulo",São Paulo,Online,Consumer,Europe,Card,8.0,Rep_D,
2503,T2503,AirPods Pro,Electronics,Accessories,1,1959.0,1959.0,1413.04,2023-08-02 18:53:00,"497 Street, Mumbai",Mumbai,Wholesale,Consumer,Africa,Cash,8.0,Rep_B,
2504,T2504,MacBook Air,Electronics,Laptops,2,691.0,1382.0,831.23,2023-11-27 00:17:00,"863 Street, Mumbai",Mumbai,In-Store,Small Business,Africa,Card,,Rep_A,
2505,T2505,MacBook Air,Electronics,Laptops,1,641.0,641.0,330.57,2023-02-06 13:07:00,"391 Street, Jakarta",Jakarta,In-Store,Corporate,Asia,Card,6.0,Rep_D,
2506,T2506,Samsung Galaxy S21,Electronics,Phones,1,920.0,920.0,474.41,2023-05-11 21:02:00,"863 Street, Nairobi",Nairobi,In-Store,Corporate,Africa,Cash,5.0,Rep_C,
2507,T2507,Logitech Mouse,Electronics,Accessories,1,1548.0,1548.0,1068.24,2023-12-04 05:48:00,"981 Street, Cairo",Cairo,Online,Small Business,South America,Cash,7.0,Rep_C,
2508,T2508,iPhone 13,Electronics,Phones,1,1162.0,1162.0,784.45,2023-08-17 10:21:00,"985 Street, Nairobi",Nairobi,In-Store,Consumer,Asia,Transfer,4.0,Rep_C,
2509,T2509,Samsung Galaxy S21,Electronics,Phones,4,1257.0,5028.0,3564.42,2023-07-13 16:09:00,"329 Street, Nairobi",Nairobi,Wholesale,Small Business,Europe,Cash,6.0,Rep_A,
2510,T2510,iPhone 13,Electronics,Phones,3,1995.0,5985.0,3166.82,2023-05-19 07:56:00,"496 Street, Cairo",Cairo,Wholesale,Corporate,Africa,Transfer,2.0,Rep_C,
2511,T2511,iPhone 13,Electronics,Phones,4,1010.0,4040.0,3472.69,2023-11-28 04:28:00,"726 Street, Mumbai",Mumbai,Online,Small Business,Africa,Transfer,3.0,Rep_B,
2512,T2512,Dell XPS 13,Electronics,Laptops,1,483.0,483.0,410.72,2023-12-04 01:51:00,"642 Street, Jakarta",Jakarta,In-Store,Consumer,Asia,Cash,8.0,Rep_D,
2513,T2513,Samsung Galaxy S21,Electronics,Phones,3,1544.0,4632.0,2912.38,2023-01-01 11:10:00,"350 Street, Mumbai",Mumbai,Wholesale,Small Business,Europe,Transfer,,Rep_C,
2514,T2514,iPhone 13,Electronics,Phones,5,308.0,1540.0,882.89,2023-02-02 02:03:00,"561 Street, Mumbai",Mumbai,Online,Corporate,South America,Cash,2.0,Rep_A,
2515,T2515,27in 4K Gaming Monitor,Electronics,Monitors,3,1677.0,5031.0,2933.89,2023-01-08 03:59:00,"469 Street, Bangkok",Bangkok,In-Store,Corporate,South America,Card,5.0,Rep_C,
2516,T2516,Samsung Galaxy S21,Electronics,Phones,2,1739.0,3478.0,1965.05,2023-09-22 02:03:00,"794 Street, Cairo",Cairo,Wholesale,Consumer,South America,Card,2.0,Rep_B,
2517,T2517,Logitech Mouse,Electronics,Accessories,3,1620.0,4860.0,2593.94,2023-07-22 09:35:00,"813 Street, Cairo",Cairo,In-Store,Small Business,Africa,Cash,6.0,Rep_A,
2518,T2518,Samsung Galaxy S21,Electronics,Phones,5,1300.0,6500.0,3649.73,2023-07-06 16:52:00,"19 Street, Mumbai",Mumbai,Wholesale,Consumer,Asia,Transfer,8.0,Rep_A,
2519,T2519,iPhone 13,Electronics,Phones,4,1623.0,6492.0,5147.39,2023-08-23 09:07:00,"788 Street, Mumbai",Mumbai,Online,Small Business,Europe,Cash,5.0,Rep_A,
2520,T2520,AirPods Pro,Electronics,Accessories,2,1579.0,3158.0,1657.83,2023-07-14 09:06:00,"232 Street, Nairobi",Nairobi,In-Store,Small Business,Africa,Card,6.0,Rep_A,
2521,T2521,Samsung Galaxy S21,Electronics,Phones,1,1276.0,1276.0,1086.54,2023-07-24 00:00:00,"77 Street, Cairo",Cairo,In-Store,Consumer,Africa,Card,7.0,Rep_D,
2522,T2522,Samsung Galaxy S21,Electronics,Phones,3,639.0,1917.0,1161.92,2023-05-05 12:26:00,"448 Street, Nairobi",Nairobi,Wholesale,Corporate,South America,Transfer,2.0,Rep_C,
2523,T2523,Logitech Mouse,Electronics,Accessories,1,941.0,941.0,695.45,2023-09-10 02:47:00,"91 Street, Lagos",Lagos,Online,Corporate,Asia,Card,6.0,Rep_D,
2524,T2524,Logitech Mouse,Electronics,Accessories,4,1511.0,6044.0,3547.7,2023-09-23 08:22:00,"52 Street, Mumbai",Mumbai,Online,Small Business,Africa,Card,9.0,Rep_B,
2525,T2525,AirPods Pro,Electronics,Accessories,4,566.0,2264.0,1683.23,2023-07-30 05:04:00,"504 Street, Cairo",Cairo,Wholesale,Small Business,Africa,Transfer,8.0,Rep_C,
2527,T2527,Logitech Mouse,Electronics,Accessories,3,869.0,2607.0,2111.89,2023-05-07 13:28:00,"686 Street, Lagos",Lagos,Online,Small Business,South America,Card,3.0,Rep_D,
2528,T2528,AirPods Pro,Electronics,Accessories,3,1008.0,3024.0,2029.51,2023-01-19 17:57:00,"460 Street, Mumbai",Mumbai,In-Store,Small Business,Africa,Cash,6.0,Rep_C,
2529,T2529,MacBook Air,Electronics,Laptops,2,1321.0,2642.0,1564.39,2023-04-24 01:35:00,"95 Street, Bangkok",Bangkok,Online,Small Business,Asia,Cash,5.0,Rep_D,
2530,T2530,MacBook Air,Electronics,Laptops,5,1022.0,5110.0,2732.49,2023-01-27 00:48:00,"707 Street, Lagos",Lagos,Wholesale,Corporate,Europe,Transfer,9.0,Rep_D,
2531,T2531,AirPods Pro,Electronics,Accessories,1,675.0,675.0,405.28,2023-08-28 03:49:00,"240 Street, São Paulo",São Paulo,Wholesale,Consumer,Asia,Transfer,9.0,Rep_C,
2532,T2532,27in 4K Gaming Monitor,Electronics,Monitors,1,1465.0,1465.0,1315.03,2023-01-17 10:30:00,"357 Street, Mumbai",Mumbai,Online,Small Business,Africa,Card,1.0,Rep_C,
2533,T2533,iPhone 13,Electronics,Phones,2,1873.0,3746.0,3315.02,2023-01-27 00:01:00,"486 Street, Jakarta",Jakarta,Online,Small Business,Asia,Cash,8.0,Rep_B,
2534,T2534,MacBook Air,Electronics,Laptops,3,1891.0,5673.0,4953.59,2023-08-23 09:15:00,"227 Street, Cairo",Cairo,Online,Corporate,Asia,Transfer,8.0,Rep_A,
2535,T2535,Logitech Mouse,Electronics,Accessories,3,77.0,231.0,182.5,2023-04-22 06:30:00,"810 Street, São Paulo",São Paulo,In-Store,Small Business,Africa,Cash,2.0,Rep_D,
2536,T2536,AirPods Pro,Electronics,Accessories,5,993.0,4965.0,3082.87,2023-03-20 22:26:00,"926 Street, Lagos",Lagos,Online,Corporate,Europe,Card,6.0,Rep_B,
2537,T2537,Samsung Galaxy S21,Electronics,Phones,2,240.0,480.0,269.61,2023-03-09 15:49:00,"493 Street, Jakarta",Jakarta,Online,Corporate,Africa,Card,6.0,Rep_A,
2538,T2538,Dell XPS 13,Electronics,Laptops,1,56.0,56.0,37.2,2023-07-02 23:21:00,"146 Street, Nairobi",Nairobi,In-Store,Corporate,Africa,Card,1.0,Rep_D,
2539,T2539,AirPods Pro,Electronics,Accessories,3,75.0,225.0,148.94,2023-11-28 15:58:00,"829 Street, Nairobi",Nairobi,Online,Small Business,South America,Card,,Rep_D,
2541,T2541,iPhone 13,Electronics,Phones,3,1486.0,4458.0,3012.82,2023-07-28 21:04:00,"672 Street, Jakarta",Jakarta,In-Store,Small Business,Africa,Cash,1.0,Rep_B,
2542,T2542,Logitech Mouse,Electronics,Accessories,3,849.0,2547.0,1278.12,2023-06-05 07:51:00,"42 Street, São Paulo",São Paulo,Wholesale,Consumer,Asia,Transfer,2.0,Rep_A,
2543,T2543,Samsung Galaxy S21,Electronics,Phones,5,977.0,4885.0,3242.91,2023-12-04 19:13:00,"216 Street, Nairobi",Nairobi,Online,Small Business,South America,Card,,Rep_D,
2544,T2544,Logitech Mouse,Electronics,Accessories,5,1453.0,7265.0,5038.73,2023-05-29 22:37:00,"288 Street, Lagos",Lagos,In-Store,Consumer,South America,Card,2.0,Rep_A,
2545,T2545,MacBook Air,Electronics,Laptops,1,1589.0,1589.0,1056.54,2023-12-30 23:19:00,"674 Street, Bangkok",Bangkok,In-Store,Corporate,Europe,Card,3.0,Rep_C,
2546,T2546,iPhone 13,Electronics,Phones,5,1574.0,7870.0,5289.27,2023-10-26 03:41:00,"169 Street, Jakarta",Jakarta,In-Store,Small Business,Europe,Transfer,2.0,Rep_C,
2547,T2547,iPhone 13,Electronics,Phones,4,907.0,3628.0,2667.57,2023-10-12 03:46:00,"817 Street, Mumbai",Mumbai,Online,Consumer,Asia,Cash,5.0,Rep_A,
2548,T2548,AirPods Pro,Electronics,Accessories,4,677.0,2708.0,1403.07,2023-12-07 07:21:00,"4 Street, Nairobi",Nairobi,In-Store,Small Business,South America,Transfer,,Rep_A,
2549,T2549,iPhone 13,Electronics,Phones,3,262.0,786.0,511.83,2023-07-06 21:55:00,"531 Street, Nairobi",Nairobi,Wholesale,Consumer,Africa,Cash,8.0,Rep_A,
2550,T2550,Samsung Galaxy S21,Electronics,Phones,5,97.0,485.0,392.58,2023-08-04 12:06:00,"238 Street, Lagos",Lagos,Online,Consumer,Africa,Transfer,9.0,Rep_A,
2551,T2551,Dell XPS 13,Electronics,Laptops,3,943.0,2829.0,2221.93,2023-12-07 18:24:00,"342 Street, Nairobi",Nairobi,Wholesale,Corporate,Africa,Transfer,2.0,Rep_C,
2552,T2552,27in 4K Gaming Monitor,Electronics,Monitors,1,1713.0,1713.0,1424.3,2023-07-28 12:28:00,"27 Street, Nairobi",Nairobi,Online,Consumer,Europe,Card,6.0,Rep_A,
2553,T2553,Samsung Galaxy S21,Electronics,Phones,2,1024.0,2048.0,1046.61,2023-08-16 17:30:00,"437 Street, Lagos",Lagos,Wholesale,Small Business,Africa,Cash,,Rep_C,
2554,T2554,AirPods Pro,Electronics,Accessories,2,364.0,728.0,371.53,2023-08-31 07:08:00,"870 Street, Lagos",Lagos,Online,Small Business,Europe,Cash,8.0,Rep_D,
2555,T2555,Logitech Mouse,Electronics,Accessories,2,193.0,386.0,248.28,2023-05-16 10:40:00,"591 Street, Cairo",Cairo,In-Store,Corporate,Europe,Transfer,3.0,Rep_D,
2556,T2556,MacBook Air,Electronics,Laptops,1,1682.0,1682.0,1042.35,2023-09-16 08:05:00,"464 Street, Lagos",Lagos,Online,Small Business,South America,Cash,1.0,Rep_D,
2557,T2557,27in 4K Gaming Monitor,Electronics,Monitors,3,1384.0,4152.0,2609.35,2023-12-22 07:57:00,"808 Street, Jakarta",Jakarta,Wholesale,Corporate,Asia,Transfer,7.0,Rep_D,
2558,T2558,AirPods Pro,Electronics,Accessories,2,1196.0,2392.0,1609.38,2023-01-07 23:02:00,"691 Street, São Paulo",São Paulo,In-Store,Corporate,South America,Cash,,Rep_D,
2560,T2560,iPhone 13,Electronics,Phones,2,1434.0,2868.0,1464.23,2023-06-19 17:19:00,"233 Street, Nairobi",Nairobi,In-Store,Consumer,South America,Cash,1.0,Rep_C,
2561,T2561,27in 4K Gaming Monitor,Electronics,Monitors,4,1964.0,7856.0,3958.56,2023-01-26 05:36:00,"231 Street, Bangkok",Bangkok,Online,Small Business,Asia,Card,9.0,Rep_D,
2562,T2562,MacBook Air,Electronics,Laptops,2,1753.0,3506.0,2654.87,2023-12-07 17:04:00,"970 Street, Mumbai",Mumbai,Wholesale,Corporate,South America,Card,7.0,Rep_A,
2565,T2565,Dell XPS 13,Electronics,Laptops,2,785.0,1570.0,1267.06,2023-11-01 08:02:00,"126 Street, Lagos",Lagos,Online,Small Business,Africa,Cash,3.0,Rep_D,
2566,T2566,Dell XPS 13,Electronics,Laptops,2,444.0,888.0,488.63,2023-07-29 12:35:00,"767 Street, Bangkok",Bangkok,Wholesale,Small Business,Africa,Cash,3.0,Rep_B,
2567,T2567,Dell XPS 13,Electronics,Laptops,4,435.0,1740.0,1209.75,2023-12-19 02:33:00,"416 Street, Jakarta",Jakarta,Wholesale,Small Business,South America,Cash,8.0,Rep_D,
2568,T2568,27in 4K Gaming Monitor,Electronics,Monitors,1,486.0,486.0,427.1,2023-03-30 16:58:00,"540 Street, Bangkok",Bangkok,In-Store,Corporate,South America,Cash,4.0,Rep_B,
2569,T2569,MacBook Air,Electronics,Laptops,2,1919.0,3838.0,2314.34,2023-12-01 16:02:00,"263 Street, Jakarta",Jakarta,In-Store,Small Business,Asia,Transfer,5.0,Rep_A,
2570,T2570,Dell XPS 13,Electronics,Laptops,5,1865.0,9325.0,6307.45,2023-04-28 04:14:00,"345 Street, Lagos",Lagos,In-Store,Small Business,Europe,Cash,8.0,Rep_B,
2571,T2571,Logitech Mouse,Electronics,Accessories,4,1033.0,4132.0,2786.92,2023-10-27 18:16:00,"853 Street, São Paulo",São Paulo,In-Store,Corporate,Africa,Cash,6.0,Rep_A,
2572,T2572,Logitech Mouse,Electronics,Accessories,2,1659.0,3318.0,2068.86,2023-12-30 23:36:00,"575 Street, São Paulo",São Paulo,Online,Corporate,Europe,Card,5.0,Rep_B,
2573,T2573,Logitech Mouse,Electronics,Accessories,2,793.0,1586.0,1295.61,2023-04-04 22:52:00,"973 Street, Lagos",Lagos,In-Store,Consumer,Europe,Transfer,,Rep_A,
2574,T2574,AirPods Pro,Electronics,Accessories,2,1292.0,2584.0,1697.68,2023-02-27 08:18:00,"901 Street, Lagos",Lagos,In-Store,Small Business,Europe,Transfer,5.0,Rep_D,
2575,T2575,iPhone 13,Electronics,Phones,2,1415.0,2830.0,2348.03,2023-04-05 07:52:00,"560 Street, Mumbai",Mumbai,Online,Small Business,Africa,Transfer,4.0,Rep_D,
2576,T2576,Logitech Mouse,Electronics,Accessories,5,1812.0,9060.0,6313.49,2023-08-07 07:16:00,"703 Street, Mumbai",Mumbai,In-Store,Consumer,South America,Cash,2.0,Rep_D,
2577,T2577,iPhone 13,Electronics,Phones,1,1071.0,1071.0,737.52,2023-02-13 08:58:00,"155 Street, Nairobi",Nairobi,Online,Small Business,Africa,Transfer,3.0,Rep_D,
2578,T2578,AirPods Pro,Electronics,Accessories,2,833.0,1666.0,1445.22,2023-03-30 11:31:00,"378 Street, Mumbai",Mumbai,Wholesale,Corporate,Africa,Transfer,2.0,Rep_B,
2579,T2579,iPhone 13,Electronics,Phones,3,406.0,1218.0,754.68,2023-05-27 16:53:00,"625 Street, São Paulo",São Paulo,In-Store,Small Business,Africa,Transfer,9.0,Rep_C,
2580,T2580,Dell XPS 13,Electronics,Laptops,5,1062.0,5310.0,3918.5,2023-09-27 13:44:00,"447 Street, Lagos",Lagos,Wholesale,Small Business,South America,Transfer,9.0,Rep_B,
2581,T2581,AirPods Pro,Electronics,Accessories,2,372.0,744.0,423.5,2023-08-09 13:25:00,"505 Street, São Paulo",São Paulo,Wholesale,Small Business,South America,Cash,7.0,Rep_D,
2582,T2582,AirPods Pro,Electronics,Accessories,2,1841.0,3682.0,3131.83,2023-01-14 12:53:00,"77 Street, Cairo",Cairo,Wholesale,Small Business,Africa,Cash,6.0,Rep_B,
2583,T2583,Samsung Galaxy S21,Electronics,Phones,1,902.0,902.0,550.61,2023-12-28 20:57:00,"455 Street, Bangkok",Bangkok,Wholesale,Consumer,Africa,Card,2.0,Rep_A,
2584,T2584,Dell XPS 13,Electronics,Laptops,3,1984.0,5952.0,3440.51,2023-03-20 06:25:00,"978 Street, Lagos",Lagos,Online,Consumer,South America,Transfer,3.0,Rep_C,
2585,T2585,AirPods Pro,Electronics,Accessories,5,337.0,1685.0,1268.4,2023-10-08 04:44:00,"250 Street, Lagos",Lagos,Online,Small Business,South America,Card,3.0,Rep_C,
2586,T2586,Dell XPS 13,Electronics,Laptops,1,293.0,293.0,232.11,2023-12-04 23:02:00,"433 Street, Bangkok",Bangkok,In-Store,Small Business,Europe,Card,7.0,Rep_B,
2587,T2587,MacBook Air,Electronics,Laptops,1,1222.0,1222.0,1053.34,2023-04-12 07:00:00,"805 Street, Nairobi",Nairobi,Wholesale,Consumer,Asia,Cash,,Rep_D,
2588,T2588,Logitech Mouse,Electronics,Accessories,5,667.0,3335.0,2482.4,2023-05-23 17:45:00,"260 Street, Mumbai",Mumbai,Wholesale,Small Business,South America,Cash,7.0,Rep_C,
2590,T2590,Dell XPS 13,Electronics,Laptops,1,550.0,550.0,303.21,2023-09-12 11:22:00,"884 Street, Mumbai",Mumbai,Wholesale,Small Business,South America,Transfer,,Rep_D,
2591,T2591,MacBook Air,Electronics,Laptops,4,1291.0,5164.0,3794.92,2023-08-09 09:50:00,"671 Street, Lagos",Lagos,Wholesale,Consumer,Asia,Transfer,5.0,Rep_A,
2592,T2592,AirPods Pro,Electronics,Accessories,3,1105.0,3315.0,2866.78,2023-08-16 08:27:00,"389 Street, Jakarta",Jakarta,In-Store,Corporate,South America,Card,6.0,Rep_D,
2593,T2593,MacBook Air,Electronics,Laptops,4,102.0,408.0,319.97,2023-12-10 07:01:00,"994 Street, Mumbai",Mumbai,Wholesale,Small Business,Africa,Cash,3.0,Rep_A,
2594,T2594,Logitech Mouse,Electronics,Accessories,2,1067.0,2134.0,1644.79,2023-08-27 04:53:00,"78 Street, Bangkok",Bangkok,In-Store,Corporate,Asia,Card,9.0,Rep_A,
2595,T2595,AirPods Pro,Electronics,Accessories,4,1775.0,7100.0,4593.4,2023-01-20 10:47:00,"606 Street, Cairo",Cairo,Online,Consumer,South America,Card,5.0,Rep_C,
2596,T2596,27in 4K Gaming Monitor,Electronics,Monitors,5,1582.0,7910.0,7066.86,2023-05-05 05:09:00,"570 Street, Mumbai",Mumbai,Wholesale,Corporate,South America,Cash,9.0,Rep_A,
2597,T2597,AirPods Pro,Electronics,Accessories,5,1752.0,8760.0,5287.96,2023-02-02 08:40:00,"571 Street, Jakarta",Jakarta,Wholesale,Consumer,South America,Cash,8.0,Rep_B,
2598,T2598,Dell XPS 13,Electronics,Laptops,4,1071.0,4284.0,3216.41,2023-06-24 15:35:00,"985 Street, Cairo",Cairo,In-Store,Small Business,South America,Card,1.0,Rep_B,
2599,T2599,Dell XPS 13,Electronics,Laptops,2,1218.0,2436.0,1638.13,2023-11-24 04:04:00,"603 Street, Lagos",Lagos,Wholesale,Corporate,Asia,Card,,Rep_A,
2600,T2600,iPhone 13,Electronics,Phones,1,185.0,185.0,144.37,2023-06-27 15:07:00,"936 Street, Mumbai",Mumbai,In-Store,Consumer,Asia,Card,1.0,Rep_A,
2601,T2601,Dell XPS 13,Electronics,Laptops,1,869.0,869.0,435.0,2023-12-18 04:05:00,"828 Street, Nairobi",Nairobi,Wholesale,Consumer,Africa,Card,4.0,Rep_A,
2602,T2602,iPhone 13,Electronics,Phones,2,1993.0,3986.0,3292.79,2023-01-24 18:01:00,"36 Street, Mumbai",Mumbai,Online,Small Business,Africa,Transfer,9.0,Rep_A,
2603,T2603,AirPods Pro,Electronics,Accessories,4,887.0,3548.0,1893.96,2023-12-31 14:23:00,"341 Street, São Paulo",São Paulo,Online,Consumer,Africa,Transfer,5.0,Rep_D,
2604,T2604,iPhone 13,Electronics,Phones,2,1111.0,2222.0,1701.48,2023-05-23 14:04:00,"395 Street, Nairobi",Nairobi,Wholesale,Small Business,South America,Transfer,1.0,Rep_C,
2605,T2605,iPhone 13,Electronics,Phones,1,241.0,241.0,141.68,2023-07-28 11:25:00,"780 Street, São Paulo",São Paulo,Wholesale,Corporate,South America,Transfer,2.0,Rep_B,
2606,T2606,Samsung Galaxy S21,Electronics,Phones,3,1022.0,3066.0,1829.43,2023-11-22 09:56:00,"934 Street, Nairobi",Nairobi,Online,Corporate,South America,Transfer,1.0,Rep_D,
2607,T2607,iPhone 13,Electronics,Phones,2,1501.0,3002.0,2121.42,2023-04-15 23:05:00,"330 Street, Nairobi",Nairobi,In-Store,Small Business,Europe,Card,2.0,Rep_B,
2608,T2608,AirPods Pro,Electronics,Accessories,5,1766.0,8830.0,4888.0,2023-01-26 23:05:00,"295 Street, Nairobi",Nairobi,Online,Small Business,Europe,Cash,,Rep_B,
2609,T2609,Dell XPS 13,Electronics,Laptops,4,795.0,3180.0,1619.03,2023-12-08 12:55:00,"996 Street, São Paulo",São Paulo,In-Store,Consumer,Africa,Transfer,9.0,Rep_B,
2610,T2610,MacBook Air,Electronics,Laptops,5,817.0,4085.0,2669.02,2023-07-25 13:25:00,"730 Street, Cairo",Cairo,In-Store,Small Business,Europe,Cash,7.0,Rep_C,
2611,T2611,Logitech Mouse,Electronics,Accessories,1,1301.0,1301.0,927.92,2023-04-05 11:26:00,"755 Street, Lagos",Lagos,Wholesale,Corporate,Asia,Card,7.0,Rep_B,
2612,T2612,Samsung Galaxy S21,Electronics,Phones,4,1852.0,7408.0,6513.76,2023-02-17 12:30:00,"118 Street, Lagos",Lagos,Wholesale,Consumer,Africa,Transfer,5.0,Rep_B,
2613,T2613,Logitech Mouse,Electronics,Accessories,3,1674.0,5022.0,3422.69,2023-09-06 04:57:00,"125 Street, Nairobi",Nairobi,Online,Consumer,South America,Card,,Rep_D,
2614,T2614,27in 4K Gaming Monitor,Electronics,Monitors,4,987.0,3948.0,1990.13,2023-02-22 07:25:00,"372 Street, Bangkok",Bangkok,Online,Consumer,Africa,Cash,,Rep_D,
2615,T2615,Dell XPS 13,Electronics,Laptops,3,229.0,687.0,501.37,2023-07-10 16:05:00,"896 Street, São Paulo",São Paulo,In-Store,Small Business,Europe,Transfer,5.0,Rep_B,
2616,T2616,27in 4K Gaming Monitor,Electronics,Monitors,5,1722.0,8610.0,7474.37,2023-11-29 18:47:00,"158 Street, Lagos",Lagos,Online,Corporate,Asia,Cash,8.0,Rep_D,
2617,T2617,Logitech Mouse,Electronics,Accessories,5,1916.0,9580.0,7232.08,2023-08-14 18:25:00,"913 Street, Bangkok",Bangkok,Wholesale,Corporate,Africa,Transfer,4.0,Rep_A,
2618,T2618,Dell XPS 13,Electronics,Laptops,1,269.0,269.0,160.84,2023-01-02 09:33:00,"202 Street, Jakarta",Jakarta,Wholesale,Consumer,Africa,Transfer,1.0,Rep_A,
2619,T2619,Dell XPS 13,Electronics,Laptops,4,802.0,3208.0,2769.79,2023-07-01 02:20:00,"552 Street, Bangkok",Bangkok,Online,Corporate,South America,Card,,Rep_B,
2620,T2620,Samsung Galaxy S21,Electronics,Phones,5,60.0,300.0,184.88,2023-07-09 12:27:00,"830 Street, Nairobi",Nairobi,Wholesale,Corporate,Africa,Card,3.0,Rep_A,
2621,T2621,iPhone 13,Electronics,Phones,4,1060.0,4240.0,3064.8,2023-04-05 13:38:00,"359 Street, Mumbai",Mumbai,Online,Small Business,South America,Card,7.0,Rep_C,
2622,T2622,AirPods Pro,Electronics,Accessories,5,1367.0,6835.0,4107.16,2023-01-04 15:06:00,"8 Street, Lagos",Lagos,Wholesale,Small Business,Asia,Cash,4.0,Rep_A,
2623,T2623,Samsung Galaxy S21,Electronics,Phones,3,1658.0,4974.0,3039.59,2023-01-21 14:18:00,"542 Street, São Paulo",São Paulo,Online,Consumer,Africa,Transfer,7.0,Rep_C,
2624,T2624,AirPods Pro,Electronics,Accessories,1,273.0,273.0,215.26,2023-08-10 20:55:00,"866 Street, Bangkok",Bangkok,Wholesale,Small Business,South America,Transfer,9.0,Rep_D,
2625,T2625,27in 4K Gaming Monitor,Electronics,Monitors,2,1465.0,2930.0,2464.92,2023-09-02 12:31:00,"468 Street, Nairobi",Nairobi,Wholesale,Small Business,South America,Cash,7.0,Rep_B,
2626,T2626,Dell XPS 13,Electronics,Laptops,4,532.0,2128.0,1894.95,2023-03-12 19:36:00,"791 Street, São Paulo",São Paulo,Wholesale,Consumer,South America,Cash,1.0,Rep_C,
2627,T2627,iPhone 13,Electronics,Phones,3,844.0,2532.0,1317.3,2023-06-27 07:54:00,"67 Street, Mumbai",Mumbai,Wholesale,Corporate,Africa,Transfer,3.0,Rep_D,
2628,T2628,27in 4K Gaming Monitor,Electronics,Monitors,1,104.0,104.0,87.59,2023-09-04 22:07:00,"320 Street, Lagos",Lagos,Wholesale,Consumer,South America,Card,,Rep_C,
2629,T2629,Logitech Mouse,Electronics,Accessories,1,1870.0,1870.0,1370.68,2023-03-18 18:47:00,"837 Street, Nairobi",Nairobi,Online,Corporate,Asia,Card,1.0,Rep_D,
2630,T2630,Samsung Galaxy S21,Electronics,Phones,1,688.0,688.0,375.22,2023-09-17 18:26:00,"935 Street, Mumbai",Mumbai,In-Store,Consumer,South America,Transfer,5.0,Rep_B,
2631,T2631,27in 4K Gaming Monitor,Electronics,Monitors,1,398.0,398.0,282.17,2023-12-14 05:57:00,"114 Street, Jakarta",Jakarta,Online,Consumer,Asia,Transfer,4.0,Rep_B,
2632,T2632,Logitech Mouse,Electronics,Accessories,4,703.0,2812.0,1532.97,2023-04-28 08:17:00,"847 Street, São Paulo",São Paulo,Online,Consumer,Asia,Card,4.0,Rep_D,
2633,T2633,iPhone 13,Electronics,Phones,3,1709.0,5127.0,3014.04,2023-03-07 02:46:00,"761 Street, Mumbai",Mumbai,In-Store,Corporate,Asia,Cash,8.0,Rep_D,
2634,T2634,27in 4K Gaming Monitor,Electronics,Monitors,4,1375.0,5500.0,3228.68,2023-09-28 12:57:00,"584 Street, São Paulo",São Paulo,In-Store,Small Business,Africa,Cash,1.0,Rep_B,
2635,T2635,MacBook Air,Electronics,Laptops,5,1666.0,8330.0,6560.64,2023-10-11 05:16:00,"402 Street, Jakarta",Jakarta,In-Store,Corporate,Africa,Cash,,Rep_A,
2637,T2637,MacBook Air,Electronics,Laptops,2,1136.0,2272.0,1849.46,2023-04-21 12:11:00,"278 Street, Mumbai",Mumbai,Wholesale,Small Business,Africa,Transfer,4.0,Rep_D,
2638,T2638,MacBook Air,Electronics,Laptops,3,1130.0,3390.0,2061.04,2023-11-07 05:38:00,"288 Street, Lagos",Lagos,Online,Small Business,Europe,Cash,9.0,Rep_A,
2639,T2639,27in 4K Gaming Monitor,Electronics,Monitors,3,524.0,1572.0,1083.16,2023-01-26 20:00:00,"265 Street, Mumbai",Mumbai,Wholesale,Small Business,Europe,Transfer,9.0,Rep_B,
2640,T2640,MacBook Air,Electronics,Laptops,3,1046.0,3138.0,2295.78,2023-09-04 15:22:00,"820 Street, Jakarta",Jakarta,Wholesale,Corporate,Africa,Card,2.0,Rep_B,
2641,T2641,Samsung Galaxy S21,Electronics,Phones,1,1304.0,1304.0,817.05,2023-02-07 22:40:00,"488 Street, Mumbai",Mumbai,In-Store,Small Business,Africa,Cash,2.0,Rep_D,
2642,T2642,27in 4K Gaming Monitor,Electronics,Monitors,1,739.0,739.0,449.12,2023-12-29 12:34:00,"115 Street, Jakarta",Jakarta,Online,Small Business,Asia,Card,7.0,Rep_A,
2643,T2643,AirPods Pro,Electronics,Accessories,4,1854.0,7416.0,6022.47,2023-05-05 05:12:00,"556 Street, Cairo",Cairo,Wholesale,Small Business,Africa,Cash,9.0,Rep_C,
2644,T2644,27in 4K Gaming Monitor,Electronics,Monitors,5,1045.0,5225.0,3804.81,2023-05-26 04:06:00,"867 Street, Mumbai",Mumbai,Wholesale,Consumer,South America,Transfer,9.0,Rep_B,
2645,T2645,AirPods Pro,Electronics,Accessories,4,969.0,3876.0,2392.26,2023-05-17 06:45:00,"507 Street, Bangkok",Bangkok,Online,Corporate,Africa,Cash,,Rep_C,
2646,T2646,Samsung Galaxy S21,Electronics,Phones,5,1553.0,7765.0,4848.06,2023-08-14 03:48:00,"213 Street, Nairobi",Nairobi,Wholesale,Corporate,Africa,Card,6.0,Rep_C,
2647,T2647,Dell XPS 13,Electronics,Laptops,4,1843.0,7372.0,5186.21,2023-01-21 05:58:00,"525 Street, Lagos",Lagos,Wholesale,Corporate,Africa,Card,5.0,Rep_A,
2648,T2648,27in 4K Gaming Monitor,Electronics,Monitors,1,711.0,711.0,435.19,2023-03-24 15:57:00,"545 Street, Lagos",Lagos,In-Store,Small Business,Asia,Card,4.0,Rep_C,
2649,T2649,AirPods Pro,Electronics,Accessories,2,377.0,754.0,477.78,2023-11-26 07:51:00,"315 Street, Bangkok",Bangkok,In-Store,Consumer,Europe,Card,1.0,Rep_D,
2650,T2650,MacBook Air,Electronics,Laptops,3,168.0,504.0,288.83,2023-11-05 04:55:00,"390 Street, Bangkok",Bangkok,In-Store,Small Business,Africa,Transfer,3.0,Rep_A,
2651,T2651,MacBook Air,Electronics,Laptops,3,1962.0,5886.0,3241.87,2023-12-15 21:55:00,"585 Street, Lagos",Lagos,In-Store,Corporate,Asia,Cash,9.0,Rep_C,
2652,T2652,Logitech Mouse,Electronics,Accessories,5,105.0,525.0,272.42,2023-10-28 07:37:00,"659 Street, Cairo",Cairo,Online,Corporate,South America,Transfer,1.0,Rep_C,
2653,T2653,Dell XPS 13,Electronics,Laptops,5,1999.0,9995.0,8764.27,2023-08-17 10:06:00,"49 Street, São Paulo",São Paulo,Wholesale,Small Business,Africa,Transfer,3.0,Rep_D,
2654,T2654,iPhone 13,Electronics,Phones,5,96.0,480.0,381.36,2023-05-07 02:36:00,"287 Street, Cairo",Cairo,In-Store,Small Business,Africa,Transfer,9.0,Rep_B,
2655,T2655,27in 4K Gaming Monitor,Electronics,Monitors,3,382.0,1146.0,827.13,2023-05-04 21:54:00,"968 Street, Mumbai",Mumbai,Online,Small Business,South America,Transfer,7.0,Rep_C,
2656,T2656,Dell XPS 13,Electronics,Laptops,3,1208.0,3624.0,2239.97,2023-04-08 05:02:00,"824 Street, Lagos",Lagos,Wholesale,Consumer,Africa,Card,1.0,Rep_C,
2657,T2657,MacBook Air,Electronics,Laptops,4,1364.0,5456.0,4243.23,2023-09-11 13:36:00,"662 Street, Bangkok",Bangkok,In-Store,Corporate,Asia,Cash,4.0,Rep_A,
2658,T2658,AirPods Pro,Electronics,Accessories,5,1366.0,6830.0,4951.34,2023-05-10 19:57:00,"478 Street, Mumbai",Mumbai,Online,Consumer,Asia,Cash,5.0,Rep_D,
2659,T2659,27in 4K Gaming Monitor,Electronics,Monitors,3,485.0,1455.0,1099.8,2023-08-26 09:19:00,"336 Street, Nairobi",Nairobi,In-Store,Corporate,South America,Transfer,6.0,Rep_A,
2660,T2660,iPhone 13,Electronics,Phones,4,1115.0,4460.0,3158.88,2023-08-08 14:42:00,"114 Street, Nairobi",Nairobi,Wholesale,Corporate,Europe,Transfer,2.0,Rep_A,
2661,T2661,MacBook Air,Electronics,Laptops,3,1034.0,3102.0,1811.39,2023-07-28 19:29:00,"616 Street, Mumbai",Mumbai,Wholesale,Small Business,South America,Transfer,3.0,Rep_C,
2663,T2663,iPhone 13,Electronics,Phones,2,1203.0,2406.0,1628.51,2023-11-22 10:58:00,"903 Street, Bangkok",Bangkok,Online,Consumer,Europe,Transfer,5.0,Rep_A,
2664,T2664,Samsung Galaxy S21,Electronics,Phones,2,1426.0,2852.0,2484.64,2023-05-28 02:15:00,"296 Street, Nairobi",Nairobi,Online,Consumer,Africa,Card,4.0,Rep_C,
2665,T2665,MacBook Air,Electronics,Laptops,2,1117.0,2234.0,1271.29,2023-12-15 10:01:00,"251 Street, Lagos",Lagos,Wholesale,Small Business,Europe,Card,6.0,Rep_B,
2666,T2666,Samsung Galaxy S21,Electronics,Phones,2,1329.0,2658.0,1446.95,2023-07-05 18:48:00,"353 Street, Jakarta",Jakarta,Wholesale,Corporate,South America,Card,2.0,Rep_C,
2667,T2667,Dell XPS 13,Electronics,Laptops,2,1829.0,3658.0,2277.25,2023-07-31 08:51:00,"885 Street, São Paulo",São Paulo,Wholesale,Small Business,Europe,Transfer,8.0,Rep_D,
2668,T2668,Samsung Galaxy S21,Electronics,Phones,4,1805.0,7220.0,5386.82,2023-08-21 19:00:00,"113 Street, São Paulo",São Paulo,Online,Corporate,Europe,Card,9.0,Rep_D,
2669,T2669,Samsung Galaxy S21,Electronics,Phones,4,572.0,2288.0,1211.73,2023-01-25 16:11:00,"436 Street, Lagos",Lagos,Online,Small Business,South America,Transfer,1.0,Rep_A,
2670,T2670,Samsung Galaxy S21,Electronics,Phones,5,1281.0,6405.0,3623.59,2023-09-18 08:53:00,"32 Street, Lagos",Lagos,Online,Corporate,South America,Card,9.0,Rep_D,
2671,T2671,MacBook Air,Electronics,Laptops,2,1325.0,2650.0,2007.64,2023-07-12 16:25:00,"103 Street, São Paulo",São Paulo,Wholesale,Consumer,South America,Card,6.0,Rep_B,
2672,T2672,Samsung Galaxy S21,Electronics,Phones,1,783.0,783.0,660.82,2023-08-19 08:32:00,"107 Street, São Paulo",São Paulo,Wholesale,Corporate,Europe,Cash,3.0,Rep_C,
2673,T2673,27in 4K Gaming Monitor,Electronics,Monitors,3,1078.0,3234.0,2370.49,2023-09-10 02:12:00,"808 Street, São Paulo",São Paulo,Online,Small Business,South America,Transfer,1.0,Rep_C,
2675,T2675,Dell XPS 13,Electronics,Laptops,5,699.0,3495.0,2242.23,2023-06-24 21:26:00,"119 Street, Nairobi",Nairobi,In-Store,Consumer,Europe,Card,9.0,Rep_C,
2676,T2676,Samsung Galaxy S21,Electronics,Phones,4,1262.0,5048.0,3168.76,2023-07-17 14:06:00,"764 Street, Cairo",Cairo,In-Store,Consumer,South America,Transfer,9.0,Rep_A,
2677,T2677,Samsung Galaxy S21,Electronics,Phones,2,1904.0,3808.0,2451.68,2023-07-13 07:20:00,"450 Street, Bangkok",Bangkok,Wholesale,Consumer,Africa,Cash,2.0,Rep_A,
2678,T2678,iPhone 13,Electronics,Phones,1,1299.0,1299.0,701.88,2023-06-24 17:12:00,"684 Street, Mumbai",Mumbai,In-Store,Consumer,Asia,Transfer,1.0,Rep_D,
2679,T2679,MacBook Air,Electronics,Laptops,3,295.0,885.0,765.2,2023-07-08 18:23:00,"831 Street, Bangkok",Bangkok,Online,Corporate,Asia,Transfer,,Rep_B,
2680,T2680,Logitech Mouse,Electronics,Accessories,5,1990.0,9950.0,5188.46,2023-12-13 11:35:00,"731 Street, Jakarta",Jakarta,In-Store,Consumer,Africa,Card,8.0,Rep_A,
2681,T2681,Logitech Mouse,Electronics,Accessories,2,1788.0,3576.0,1911.02,2023-08-03 11:01:00,"654 Street, Lagos",Lagos,Online,Small Business,Europe,Card,,Rep_A,
2682,T2682,Samsung Galaxy S21,Electronics,Phones,5,355.0,1775.0,977.16,2023-07-23 09:45:00,"261 Street, São Paulo",São Paulo,In-Store,Consumer,Asia,Card,6.0,Rep_B,
2683,T2683,AirPods Pro,Electronics,Accessories,5,817.0,4085.0,2089.68,2023-05-24 00:32:00,"460 Street, Lagos",Lagos,Wholesale,Corporate,Asia,Card,7.0,Rep_B,
2684,T2684,27in 4K Gaming Monitor,Electronics,Monitors,4,1484.0,5936.0,4898.15,2023-06-23 03:32:00,"389 Street, Nairobi",Nairobi,In-Store,Corporate,Asia,Transfer,,Rep_A,
2685,T2685,Samsung Galaxy S21,Electronics,Phones,5,1481.0,7405.0,5185.96,2023-10-10 22:19:00,"370 Street, Bangkok",Bangkok,Wholesale,Consumer,Asia,Transfer,3.0,Rep_D,
2686,T2686,27in 4K Gaming Monitor,Electronics,Monitors,3,685.0,2055.0,1578.95,2023-10-14 09:37:00,"8 Street, Nairobi",Nairobi,Online,Corporate,South America,Transfer,,Rep_C,
2687,T2687,Dell XPS 13,Electronics,Laptops,5,676.0,3380.0,2091.37,2023-11-26 12:21:00,"577 Street, Mumbai",Mumbai,In-Store,Consumer,Asia,Card,4.0,Rep_C,
2688,T2688,27in 4K Gaming Monitor,Electronics,Monitors,5,1468.0,7340.0,6080.9,2023-12-02 14:39:00,"891 Street, São Paulo",São Paulo,Wholesale,Consumer,Africa,Transfer,,Rep_D,
2689,T2689,Dell XPS 13,Electronics,Laptops,5,250.0,1250.0,754.81,2023-02-15 17:38:00,"218 Street, Jakarta",Jakarta,In-Store,Corporate,Asia,Transfer,4.0,Rep_C,
2690,T2690,MacBook Air,Electronics,Laptops,2,483.0,966.0,813.62,2023-09-06 02:46:00,"407 Street, Mumbai",Mumbai,Wholesale,Consumer,Asia,Transfer,3.0,Rep_D,
2691,T2691,27in 4K Gaming Monitor,Electronics,Monitors,3,207.0,621.0,490.81,2023-12-26 20:42:00,"835 Street, Mumbai",Mumbai,In-Store,Consumer,South America,Transfer,8.0,Rep_D,
2692,T2692,AirPods Pro,Electronics,Accessories,4,1006.0,4024.0,3610.23,2023-08-05 09:02:00,"795 Street, Cairo",Cairo,Wholesale,Consumer,Asia,Card,8.0,Rep_C,
2693,T2693,Logitech Mouse,Electronics,Accessories,4,1578.0,6312.0,3161.64,2023-11-26 15:36:00,"193 Street, Bangkok",Bangkok,Online,Consumer,Europe,Cash,3.0,Rep_C,
2694,T2694,Logitech Mouse,Electronics,Accessories,5,1846.0,9230.0,6345.89,2023-09-04 20:02:00,"800 Street, Mumbai",Mumbai,Online,Consumer,South America,Transfer,3.0,Rep_C,
2695,T2695,27in 4K Gaming Monitor,Electronics,Monitors,2,1710.0,3420.0,1773.03,2023-08-14 11:16:00,"707 Street, São Paulo",São Paulo,Wholesale,Consumer,South America,Card,9.0,Rep_D,
2696,T2696,MacBook Air,Electronics,Laptops,2,143.0,286.0,181.33,2023-09-27 01:42:00,"410 Street, Nairobi",Nairobi,In-Store,Corporate,Asia,Cash,3.0,Rep_C,
2697,T2697,Dell XPS 13,Electronics,Laptops,2,1560.0,3120.0,2705.49,2023-07-01 20:44:00,"718 Street, Mumbai",Mumbai,Wholesale,Corporate,Europe,Transfer,2.0,Rep_B,
2698,T2698,iPhone 13,Electronics,Phones,2,347.0,694.0,596.12,2023-02-21 03:42:00,"337 Street, São Paulo",São Paulo,Online,Consumer,South America,Card,,Rep_D,
2699,T2699,Samsung Galaxy S21,Electronics,Phones,5,629.0,3145.0,2447.46,2023-07-04 00:38:00,"565 Street, Bangkok",Bangkok,In-Store,Small Business,Europe,Cash,,Rep_B,
2700,T2700,Dell XPS 13,Electronics,Laptops,2,1150.0,2300.0,1460.11,2023-11-07 02:04:00,"280 Street, Cairo",Cairo,Wholesale,Small Business,Europe,Transfer,6.0,Rep_C,
2701,T2701,iPhone 13,Electronics,Phones,5,1174.0,5870.0,4826.01,2023-08-06 08:29:00,"240 Street, Lagos",Lagos,Wholesale,Consumer,Europe,Transfer,9.0,Rep_D,
2702,T2702,Samsung Galaxy S21,Electronics,Phones,4,909.0,3636.0,2829.69,2023-11-07 02:32:00,"994 Street, São Paulo",São Paulo,Online,Consumer,Europe,Transfer,2.0,Rep_B,
2703,T2703,27in 4K Gaming Monitor,Electronics,Monitors,3,507.0,1521.0,1322.56,2023-08-08 19:05:00,"441 Street, São Paulo",São Paulo,Online,Corporate,Asia,Card,,Rep_B,
2704,T2704,iPhone 13,Electronics,Phones,2,1228.0,2456.0,2186.91,2023-04-23 16:18:00,"292 Street, São Paulo",São Paulo,Online,Consumer,Asia,Cash,8.0,Rep_B,
2705,T2705,AirPods Pro,Electronics,Accessories,1,1693.0,1693.0,1360.19,2023-08-06 18:33:00,"475 Street, Cairo",Cairo,Online,Corporate,Europe,Card,4.0,Rep_A,
2706,T2706,AirPods Pro,Electronics,Accessories,4,369.0,1476.0,1256.15,2023-01-13 04:38:00,"185 Street, Jakarta",Jakarta,Wholesale,Corporate,South America,Card,,Rep_C,
2707,T2707,Logitech Mouse,Electronics,Accessories,2,1354.0,2708.0,1504.33,2023-07-07 11:43:00,"575 Street, Cairo",Cairo,Wholesale,Small Business,Europe,Card,5.0,Rep_D,
2708,T2708,Logitech Mouse,Electronics,Accessories,3,587.0,1761.0,987.82,2023-06-12 20:26:00,"211 Street, Jakarta",Jakarta,Online,Corporate,Asia,Cash,6.0,Rep_D,
2709,T2709,iPhone 13,Electronics,Phones,3,1799.0,5397.0,4439.13,2023-05-02 09:33:00,"814 Street, Jakarta",Jakarta,In-Store,Small Business,Asia,Card,,Rep_A,
2710,T2710,27in 4K Gaming Monitor,Electronics,Monitors,3,727.0,2181.0,1667.77,2023-10-03 11:03:00,"107 Street, Lagos",Lagos,Online,Corporate,South America,Cash,7.0,Rep_B,
2711,T2711,Logitech Mouse,Electronics,Accessories,2,576.0,1152.0,951.01,2023-06-29 07:43:00,"18 Street, Jakarta",Jakarta,Wholesale,Corporate,South America,Cash,7.0,Rep_D,
2712,T2712,AirPods Pro,Electronics,Accessories,1,382.0,382.0,341.29,2023-05-22 13:45:00,"928 Street, Lagos",Lagos,In-Store,Small Business,Europe,Cash,4.0,Rep_C,
2713,T2713,27in 4K Gaming Monitor,Electronics,Monitors,5,1039.0,5195.0,3591.94,2023-08-04 02:04:00,"558 Street, Cairo",Cairo,Wholesale,Small Business,Africa,Card,8.0,Rep_B,
2714,T2714,27in 4K Gaming Monitor,Electronics,Monitors,3,1550.0,4650.0,4182.0,2023-02-21 21:37:00,"961 Street, Cairo",Cairo,Wholesale,Corporate,Africa,Card,8.0,Rep_D,
2715,T2715,iPhone 13,Electronics,Phones,2,1178.0,2356.0,1577.18,2023-04-27 00:52:00,"436 Street, Mumbai",Mumbai,Online,Consumer,South America,Transfer,6.0,Rep_B,
2716,T2716,Dell XPS 13,Electronics,Laptops,1,614.0,614.0,536.93,2023-09-26 17:18:00,"966 Street, São Paulo",São Paulo,Wholesale,Consumer,Asia,Cash,7.0,Rep_A,
2717,T2717,AirPods Pro,Electronics,Accessories,4,452.0,1808.0,1435.1,2023-02-17 15:18:00,"559 Street, São Paulo",São Paulo,Wholesale,Consumer,Asia,Card,4.0,Rep_A,
2718,T2718,iPhone 13,Electronics,Phones,2,1406.0,2812.0,2117.66,2023-07-07 03:14:00,"587 Street, Nairobi",Nairobi,In-Store,Consumer,South America,Card,4.0,Rep_A,
2719,T2719,Dell XPS 13,Electronics,Laptops,2,1592.0,3184.0,2445.76,2023-08-14 09:49:00,"421 Street, Mumbai",Mumbai,Online,Consumer,South America,Card,3.0,Rep_D,
2720,T2720,MacBook Air,Electronics,Laptops,4,1775.0,7100.0,4632.69,2023-09-26 00:53:00,"52 Street, Nairobi",Nairobi,Wholesale,Consumer,South America,Transfer,7.0,Rep_C,
2721,T2721,MacBook Air,Electronics,Laptops,3,1807.0,5421.0,2787.7,2023-09-30 10:51:00,"861 Street, São Paulo",São Paulo,Wholesale,Consumer,Europe,Card,1.0,Rep_A,
2722,T2722,27in 4K Gaming Monitor,Electronics,Monitors,5,1607.0,8035.0,5159.94,2023-11-24 11:58:00,"292 Street, Mumbai",Mumbai,In-Store,Small Business,Europe,Card,9.0,Rep_D,
2723,T2723,MacBook Air,Electronics,Laptops,5,489.0,2445.0,1421.24,2023-11-04 19:32:00,"880 Street, Bangkok",Bangkok,In-Store,Small Business,Africa,Transfer,7.0,Rep_C,
2724,T2724,AirPods Pro,Electronics,Accessories,4,1601.0,6404.0,4247.87,2023-08-27 09:00:00,"367 Street, Nairobi",Nairobi,Online,Small Business,Africa,Card,9.0,Rep_A,
2725,T2725,Logitech Mouse,Electronics,Accessories,2,1993.0,3986.0,2243.84,2023-01-23 09:26:00,"650 Street, Jakarta",Jakarta,In-Store,Small Business,Europe,Cash,,Rep_A,
2726,T2726,Samsung Galaxy S21,Electronics,Phones,5,367.0,1835.0,1250.81,2023-06-04 09:09:00,"313 Street, São Paulo",São Paulo,Wholesale,Consumer,Africa,Card,3.0,Rep_B,
2727,T2727,MacBook Air,Electronics,Laptops,2,1920.0,3840.0,2060.11,2023-05-22 07:11:00,"654 Street, São Paulo",São Paulo,In-Store,Corporate,Europe,Cash,,Rep_B,
2728,T2728,Logitech Mouse,Electronics,Accessories,3,725.0,2175.0,1834.4,2023-08-18 07:24:00,"673 Street, Jakarta",Jakarta,Online,Small Business,South America,Transfer,5.0,Rep_B,
2729,T2729,AirPods Pro,Electronics,Accessories,5,667.0,3335.0,1761.62,2023-12-19 04:00:00,"318 Street, Mumbai",Mumbai,In-Store,Consumer,Europe,Transfer,8.0,Rep_B,
2730,T2730,Samsung Galaxy S21,Electronics,Phones,3,762.0,2286.0,1478.85,2023-07-05 19:03:00,"898 Street, Nairobi",Nairobi,Online,Small Business,Africa,Transfer,1.0,Rep_D,
2731,T2731,iPhone 13,Electronics,Phones,5,907.0,4535.0,3609.06,2023-01-28 18:47:00,"541 Street, Nairobi",Nairobi,Wholesale,Small Business,Europe,Transfer,,Rep_B,
2732,T2732,AirPods Pro,Electronics,Accessories,2,409.0,818.0,443.91,2023-07-19 07:45:00,"167 Street, Cairo",Cairo,Online,Consumer,Africa,Card,8.0,Rep_A,
2733,T2733,27in 4K Gaming Monitor,Electronics,Monitors,4,1027.0,4108.0,2844.48,2023-09-29 12:26:00,"443 Street, Mumbai",Mumbai,Online,Consumer,Europe,Card,3.0,Rep_A,
2734,T2734,Samsung Galaxy S21,Electronics,Phones,2,617.0,1234.0,885.65,2023-02-07 19:28:00,"521 Street, Nairobi",Nairobi,Wholesale,Small Business,Africa,Card,2.0,Rep_D,
2735,T2735,Samsung Galaxy S21,Electronics,Phones,3,1846.0,5538.0,2934.42,2023-11-12 06:59:00,"69 Street, Jakarta",Jakarta,Wholesale,Consumer,South America,Card,6.0,Rep_B,
2736,T2736,Dell XPS 13,Electronics,Laptops,3,807.0,2421.0,1374.13,2023-12-07 11:16:00,"293 Street, Jakarta",Jakarta,In-Store,Small Business,Asia,Cash,4.0,Rep_A,
2737,T2737,iPhone 13,Electronics,Phones,4,1076.0,4304.0,2535.25,2023-05-09 22:42:00,"982 Street, São Paulo",São Paulo,In-Store,Small Business,South America,Transfer,9.0,Rep_C,
2738,T2738,iPhone 13,Electronics,Phones,3,1392.0,4176.0,3312.01,2023-04-24 05:28:00,"903 Street, Cairo",Cairo,Online,Consumer,Asia,Card,7.0,Rep_A,
2739,T2739,MacBook Air,Electronics,Laptops,1,1027.0,1027.0,603.89,2023-08-03 10:14:00,"95 Street, Lagos",Lagos,Wholesale,Corporate,Europe,Transfer,7.0,Rep_B,
2740,T2740,Logitech Mouse,Electronics,Accessories,4,1876.0,7504.0,4994.45,2023-07-26 12:18:00,"799 Street, Bangkok",Bangkok,Wholesale,Corporate,Europe,Transfer,7.0,Rep_B,
2742,T2742,iPhone 13,Electronics,Phones,4,764.0,3056.0,2050.91,2023-05-30 16:10:00,"701 Street, Lagos",Lagos,Wholesale,Corporate,Asia,Transfer,1.0,Rep_C,
2743,T2743,MacBook Air,Electronics,Laptops,4,878.0,3512.0,2806.9,2023-12-27 10:56:00,"855 Street, Cairo",Cairo,Wholesale,Small Business,Africa,Cash,5.0,Rep_B,
2744,T2744,iPhone 13,Electronics,Phones,4,235.0,940.0,560.08,2023-10-06 18:09:00,"876 Street, Jakarta",Jakarta,In-Store,Consumer,South America,Cash,7.0,Rep_B,
2745,T2745,27in 4K Gaming Monitor,Electronics,Monitors,2,1556.0,3112.0,2421.61,2023-06-19 18:00:00,"380 Street, Lagos",Lagos,In-Store,Consumer,Africa,Cash,2.0,Rep_C,
2746,T2746,AirPods Pro,Electronics,Accessories,2,416.0,832.0,628.47,2023-06-19 11:39:00,"546 Street, Cairo",Cairo,In-Store,Corporate,Asia,Card,8.0,Rep_D,
2747,T2747,Dell XPS 13,Electronics,Laptops,1,1867.0,1867.0,1544.29,2023-08-05 02:25:00,"630 Street, Jakarta",Jakarta,Online,Corporate,Africa,Cash,6.0,Rep_A,
2748,T2748,Samsung Galaxy S21,Electronics,Phones,4,1236.0,4944.0,2907.8,2023-10-13 19:53:00,"763 Street, Jakarta",Jakarta,In-Store,Corporate,South America,Transfer,2.0,Rep_C,
2749,T2749,AirPods Pro,Electronics,Accessories,3,238.0,714.0,358.73,2023-05-16 01:24:00,"339 Street, São Paulo",São Paulo,In-Store,Small Business,Africa,Card,2.0,Rep_B,
2750,T2750,Samsung Galaxy S21,Electronics,Phones,5,1405.0,7025.0,5283.97,2023-04-14 01:39:00,"955 Street, Jakarta",Jakarta,Online,Consumer,Europe,Cash,7.0,Rep_B,
2751,T2751,27in 4K Gaming Monitor,Electronics,Monitors,4,1273.0,5092.0,3099.89,2023-04-27 21:39:00,"263 Street, Cairo",Cairo,Wholesale,Small Business,Africa,Card,4.0,Rep_A,
2752,T2752,Samsung Galaxy S21,Electronics,Phones,3,1171.0,3513.0,2318.12,2023-07-16 11:16:00,"256 Street, Jakarta",Jakarta,In-Store,Consumer,Africa,Card,6.0,Rep_C,
2753,T2753,Samsung Galaxy S21,Electronics,Phones,1,1451.0,1451.0,888.33,2023-12-14 01:55:00,"249 Street, Bangkok",Bangkok,In-Store,Corporate,Africa,Cash,9.0,Rep_A,
2755,T2755,Dell XPS 13,Electronics,Laptops,5,215.0,1075.0,842.65,2023-05-01 13:10:00,"138 Street, Nairobi",Nairobi,Online,Small Business,Africa,Cash,4.0,Rep_B,
2756,T2756,AirPods Pro,Electronics,Accessories,1,1311.0,1311.0,971.11,2023-04-18 04:03:00,"126 Street, Lagos",Lagos,Online,Consumer,Africa,Cash,7.0,Rep_C,
2757,T2757,27in 4K Gaming Monitor,Electronics,Monitors,4,1080.0,4320.0,3381.67,2023-01-27 20:35:00,"93 Street, Bangkok",Bangkok,Online,Corporate,Africa,Transfer,5.0,Rep_B,
2758,T2758,Samsung Galaxy S21,Electronics,Phones,2,1258.0,2516.0,1621.89,2023-05-21 04:29:00,"505 Street, Jakarta",Jakarta,Wholesale,Consumer,Africa,Transfer,5.0,Rep_A,
2759,T2759,Dell XPS 13,Electronics,Laptops,4,450.0,1800.0,1236.91,2023-08-20 14:12:00,"593 Street, Cairo",Cairo,Wholesale,Consumer,Asia,Cash,8.0,Rep_C,
2760,T2760,AirPods Pro,Electronics,Accessories,3,1039.0,3117.0,2298.6,2023-07-18 19:54:00,"60 Street, Jakarta",Jakarta,Wholesale,Small Business,Asia,Transfer,3.0,Rep_B,
2761,T2761,iPhone 13,Electronics,Phones,5,246.0,1230.0,1081.92,2023-09-04 01:23:00,"197 Street, Nairobi",Nairobi,Online,Small Business,Europe,Cash,8.0,Rep_A,
2762,T2762,Logitech Mouse,Electronics,Accessories,1,481.0,481.0,255.78,2023-06-03 03:45:00,"364 Street, Jakarta",Jakarta,In-Store,Small Business,South America,Transfer,9.0,Rep_C,
2763,T2763,MacBook Air,Electronics,Laptops,5,1377.0,6885.0,5526.26,2023-12-15 15:18:00,"107 Street, Mumbai",Mumbai,Wholesale,Corporate,Asia,Card,2.0,Rep_A,
2764,T2764,Samsung Galaxy S21,Electronics,Phones,1,702.0,702.0,358.08,2023-01-12 08:40:00,"575 Street, Jakarta",Jakarta,Online,Corporate,Europe,Cash,8.0,Rep_A,
2765,T2765,Samsung Galaxy S21,Electronics,Phones,1,460.0,460.0,403.01,2023-04-25 22:55:00,"98 Street, Nairobi",Nairobi,In-Store,Corporate,Africa,Transfer,9.0,Rep_C,
2767,T2767,Dell XPS 13,Electronics,Laptops,4,1569.0,6276.0,3822.8,2023-02-24 20:29:00,"213 Street, Mumbai",Mumbai,In-Store,Consumer,Africa,Card,6.0,Rep_D,
2768,T2768,AirPods Pro,Electronics,Accessories,1,289.0,289.0,200.75,2023-11-17 23:50:00,"78 Street, São Paulo",São Paulo,Online,Corporate,Asia,Transfer,3.0,Rep_B,
2769,T2769,iPhone 13,Electronics,Phones,3,1094.0,3282.0,2561.08,2023-10-28 11:40:00,"472 Street, Cairo",Cairo,Online,Consumer,South America,Transfer,3.0,Rep_A,
2770,T2770,AirPods Pro,Electronics,Accessories,3,76.0,228.0,189.56,2023-10-12 20:28:00,"702 Street, Lagos",Lagos,Wholesale,Consumer,Africa,Card,7.0,Rep_D,
2771,T2771,27in 4K Gaming Monitor,Electronics,Monitors,5,1938.0,9690.0,7610.38,2023-08-18 04:16:00,"184 Street, Jakarta",Jakarta,In-Store,Corporate,South America,Transfer,2.0,Rep_B,
2772,T2772,Samsung Galaxy S21,Electronics,Phones,4,1578.0,6312.0,3556.98,2023-05-16 02:45:00,"626 Street, Bangkok",Bangkok,In-Store,Consumer,Asia,Transfer,4.0,Rep_D,
2773,T2773,AirPods Pro,Electronics,Accessories,1,563.0,563.0,426.47,2023-08-08 07:34:00,"836 Street, Mumbai",Mumbai,Wholesale,Consumer,Europe,Card,2.0,Rep_A,
2774,T2774,Logitech Mouse,Electronics,Accessories,5,1177.0,5885.0,4733.95,2023-07-17 13:36:00,"338 Street, Bangkok",Bangkok,Wholesale,Corporate,Africa,Transfer,4.0,Rep_C,
2775,T2775,Logitech Mouse,Electronics,Accessories,2,159.0,318.0,234.22,2023-11-28 22:56:00,"534 Street, Mumbai",Mumbai,Online,Small Business,Africa,Cash,7.0,Rep_B,
2776,T2776,Logitech Mouse,Electronics,Accessories,4,882.0,3528.0,2944.44,2023-02-14 13:35:00,"926 Street, Nairobi",Nairobi,Wholesale,Corporate,Europe,Transfer,4.0,Rep_D,
2777,T2777,MacBook Air,Electronics,Laptops,2,1069.0,2138.0,1409.98,2023-03-29 15:54:00,"258 Street, Mumbai",Mumbai,Online,Small Business,Europe,Cash,2.0,Rep_B,
2778,T2778,Dell XPS 13,Electronics,Laptops,1,748.0,748.0,554.38,2023-04-26 02:45:00,"849 Street, Lagos",Lagos,Wholesale,Consumer,South America,Card,3.0,Rep_D,
2780,T2780,MacBook Air,Electronics,Laptops,5,256.0,1280.0,1043.82,2023-10-12 17:51:00,"645 Street, Jakarta",Jakarta,In-Store,Small Business,South America,Transfer,5.0,Rep_C,
2782,T2782,Dell XPS 13,Electronics,Laptops,1,1734.0,1734.0,1000.42,2023-09-24 04:40:00,"282 Street, Cairo",Cairo,In-Store,Consumer,South America,Transfer,8.0,Rep_A,
2783,T2783,AirPods Pro,Electronics,Accessories,5,617.0,3085.0,1923.85,2023-03-19 06:11:00,"875 Street, Cairo",Cairo,Online,Small Business,Europe,Cash,7.0,Rep_B,
2784,T2784,iPhone 13,Electronics,Phones,1,374.0,374.0,272.11,2023-10-17 04:09:00,"77 Street, Bangkok",Bangkok,Online,Consumer,Africa,Cash,2.0,Rep_B,
2785,T2785,Logitech Mouse,Electronics,Accessories,4,1187.0,4748.0,4085.97,2023-04-11 22:42:00,"359 Street, Cairo",Cairo,Online,Consumer,Africa,Transfer,2.0,Rep_C,
2787,T2787,Samsung Galaxy S21,Electronics,Phones,2,1447.0,2894.0,1540.86,2023-03-25 03:29:00,"719 Street, São Paulo",São Paulo,In-Store,Corporate,Africa,Card,9.0,Rep_A,
2788,T2788,iPhone 13,Electronics,Phones,3,1178.0,3534.0,2581.84,2023-07-31 13:37:00,"96 Street, São Paulo",São Paulo,In-Store,Consumer,South America,Card,,Rep_C,
2789,T2789,Dell XPS 13,Electronics,Laptops,3,1089.0,3267.0,2554.69,2023-01-07 23:52:00,"978 Street, Lagos",Lagos,Wholesale,Corporate,South America,Cash,,Rep_B,
2790,T2790,iPhone 13,Electronics,Phones,1,504.0,504.0,380.59,2023-06-09 22:16:00,"89 Street, Lagos",Lagos,Online,Corporate,Africa,Transfer,6.0,Rep_A,
2791,T2791,27in 4K Gaming Monitor,Electronics,Monitors,4,1323.0,5292.0,4362.03,2023-04-22 11:58:00,"530 Street, Mumbai",Mumbai,Wholesale,Small Business,Asia,Cash,2.0,Rep_B,
2792,T2792,Dell XPS 13,Electronics,Laptops,4,896.0,3584.0,3065.96,2023-12-21 08:42:00,"438 Street, Bangkok",Bangkok,In-Store,Consumer,Europe,Cash,5.0,Rep_A,
2793,T2793,AirPods Pro,Electronics,Accessories,4,82.0,328.0,261.3,2023-10-19 01:48:00,"96 Street, São Paulo",São Paulo,Online,Small Business,South America,Card,6.0,Rep_C,
2794,T2794,Dell XPS 13,Electronics,Laptops,2,839.0,1678.0,844.32,2023-12-28 03:15:00,"540 Street, Lagos",Lagos,Wholesale,Consumer,Europe,Card,1.0,Rep_B,
2795,T2795,Samsung Galaxy S21,Electronics,Phones,4,544.0,2176.0,1331.82,2023-04-14 19:05:00,"664 Street, Bangkok",Bangkok,In-Store,Consumer,Asia,Cash,5.0,Rep_B,
2796,T2796,27in 4K Gaming Monitor,Electronics,Monitors,1,124.0,124.0,83.49,2023-05-01 01:20:00,"160 Street, Bangkok",Bangkok,Wholesale,Consumer,Asia,Transfer,2.0,Rep_B,
2797,T2797,iPhone 13,Electronics,Phones,2,1629.0,3258.0,2487.43,2023-03-14 01:17:00,"343 Street, Cairo",Cairo,Wholesale,Corporate,South America,Card,3.0,Rep_C,
2798,T2798,MacBook Air,Electronics,Laptops,3,165.0,495.0,385.87,2023-01-08 22:12:00,"414 Street, Bangkok",Bangkok,Wholesale,Corporate,Africa,Card,9.0,Rep_C,
2799,T2799,iPhone 13,Electronics,Phones,3,1018.0,3054.0,1731.98,2023-01-22 23:07:00,"775 Street, São Paulo",São Paulo,Online,Consumer,South America,Cash,4.0,Rep_A,
2800,T2800,AirPods Pro,Electronics,Accessories,5,1929.0,9645.0,4975.74,2023-10-06 16:49:00,"811 Street, Bangkok",Bangkok,In-Store,Consumer,Europe,Card,4.0,Rep_A,
2801,T2801,Dell XPS 13,Electronics,Laptops,3,1615.0,4845.0,4303.42,2023-02-04 18:25:00,"584 Street, Nairobi",Nairobi,Wholesale,Corporate,Asia,Card,5.0,Rep_B,
2802,T2802,AirPods Pro,Electronics,Accessories,5,410.0,2050.0,1158.5,2023-04-14 06:33:00,"836 Street, Bangkok",Bangkok,Online,Small Business,Africa,Transfer,9.0,Rep_C,
2803,T2803,AirPods Pro,Electronics,Accessories,3,1936.0,5808.0,4671.96,2023-12-14 18:03:00,"985 Street, São Paulo",São Paulo,Wholesale,Consumer,South America,Cash,5.0,Rep_C,
2804,T2804,27in 4K Gaming Monitor,Electronics,Monitors,3,1638.0,4914.0,3178.38,2023-11-27 09:10:00,"291 Street, Bangkok",Bangkok,Wholesale,Small Business,South America,Cash,7.0,Rep_C,
2805,T2805,27in 4K Gaming Monitor,Electronics,Monitors,4,822.0,3288.0,2291.19,2023-09-16 20:58:00,"465 Street, Nairobi",Nairobi,Online,Corporate,Europe,Card,3.0,Rep_B,
2807,T2807,iPhone 13,Electronics,Phones,4,89.0,356.0,269.5,2023-12-06 04:19:00,"469 Street, Nairobi",Nairobi,Online,Small Business,Asia,Cash,9.0,Rep_C,
2808,T2808,Samsung Galaxy S21,Electronics,Phones,2,1131.0,2262.0,1921.88,2023-02-17 20:21:00,"389 Street, Lagos",Lagos,Wholesale,Consumer,South America,Transfer,2.0,Rep_D,
2809,T2809,MacBook Air,Electronics,Laptops,4,406.0,1624.0,1264.07,2023-08-10 09:37:00,"188 Street, Lagos",Lagos,In-Store,Consumer,Africa,Card,1.0,Rep_C,
2810,T2810,Dell XPS 13,Electronics,Laptops,2,1560.0,3120.0,1846.46,2023-10-23 03:49:00,"631 Street, Cairo",Cairo,Wholesale,Consumer,Asia,Transfer,,Rep_A,
2811,T2811,Dell XPS 13,Electronics,Laptops,1,1903.0,1903.0,1341.85,2023-03-17 09:30:00,"861 Street, Bangkok",Bangkok,Online,Corporate,Africa,Cash,6.0,Rep_D,
2812,T2812,Logitech Mouse,Electronics,Accessories,3,1390.0,4170.0,3571.81,2023-02-14 07:19:00,"577 Street, Cairo",Cairo,Wholesale,Small Business,South America,Card,,Rep_B,
2813,T2813,Dell XPS 13,Electronics,Laptops,2,1227.0,2454.0,2032.19,2023-06-03 22:48:00,"629 Street, Cairo",Cairo,Wholesale,Small Business,Europe,Cash,6.0,Rep_B,
2814,T2814,Logitech Mouse,Electronics,Accessories,2,575.0,1150.0,729.2,2023-07-22 04:40:00,"914 Street, Nairobi",Nairobi,Online,Small Business,South America,Cash,8.0,Rep_A,
2815,T2815,AirPods Pro,Electronics,Accessories,5,1598.0,7990.0,4466.94,2023-01-27 16:25:00,"501 Street, São Paulo",São Paulo,Online,Consumer,Europe,Transfer,5.0,Rep_C,
2816,T2816,iPhone 13,Electronics,Phones,5,1162.0,5810.0,2946.12,2023-03-07 22:03:00,"948 Street, Cairo",Cairo,In-Store,Corporate,South America,Card,4.0,Rep_A,
2817,T2817,Samsung Galaxy S21,Electronics,Phones,5,1178.0,5890.0,3950.08,2023-03-23 00:22:00,"361 Street, Jakarta",Jakarta,In-Store,Consumer,South America,Transfer,2.0,Rep_B,
2818,T2818,Logitech Mouse,Electronics,Accessories,5,1474.0,7370.0,4411.66,2023-02-03 00:22:00,"258 Street, Lagos",Lagos,Online,Corporate,Africa,Card,3.0,Rep_D,
2819,T2819,Samsung Galaxy S21,Electronics,Phones,3,540.0,1620.0,1179.18,2023-02-06 18:24:00,"115 Street, Bangkok",Bangkok,In-Store,Consumer,Asia,Card,9.0,Rep_D,
2820,T2820,AirPods Pro,Electronics,Accessories,2,137.0,274.0,237.88,2023-11-07 11:18:00,"197 Street, Cairo",Cairo,Wholesale,Small Business,Africa,Transfer,,Rep_C,
2821,T2821,Logitech Mouse,Electronics,Accessories,2,1294.0,2588.0,2178.9,2023-07-06 01:18:00,"936 Street, Bangkok",Bangkok,In-Store,Consumer,Europe,Card,,Rep_B,
2822,T2822,iPhone 13,Electronics,Phones,4,441.0,1764.0,1046.47,2023-08-05 00:55:00,"212 Street, Bangkok",Bangkok,Wholesale,Small Business,Africa,Cash,2.0,Rep_D,
2823,T2823,MacBook Air,Electronics,Laptops,1,1535.0,1535.0,887.27,2023-07-16 16:56:00,"892 Street, São Paulo",São Paulo,Wholesale,Corporate,South America,Card,4.0,Rep_A,
2824,T2824,27in 4K Gaming Monitor,Electronics,Monitors,2,159.0,318.0,162.95,2023-11-27 20:16:00,"835 Street, Cairo",Cairo,Wholesale,Small Business,Africa,Card,4.0,Rep_C,
2825,T2825,27in 4K Gaming Monitor,Electronics,Monitors,2,773.0,1546.0,1317.76,2023-02-25 18:52:00,"260 Street, Jakarta",Jakarta,Online,Small Business,Asia,Transfer,5.0,Rep_B,
2826,T2826,AirPods Pro,Electronics,Accessories,4,1136.0,4544.0,3556.5,2023-11-21 08:53:00,"475 Street, Nairobi",Nairobi,Wholesale,Consumer,Europe,Cash,9.0,Rep_A,
2827,T2827,Logitech Mouse,Electronics,Accessories,2,1547.0,3094.0,2528.89,2023-02-22 15:05:00,"408 Street, Cairo",Cairo,Wholesale,Consumer,South America,Transfer,3.0,Rep_D,
2828,T2828,Samsung Galaxy S21,Electronics,Phones,5,387.0,1935.0,1215.35,2023-07-30 20:24:00,"524 Street, São Paulo",São Paulo,In-Store,Consumer,South America,Transfer,7.0,Rep_B,
2829,T2829,iPhone 13,Electronics,Phones,5,516.0,2580.0,1626.49,2023-05-27 08:17:00,"87 Street, São Paulo",São Paulo,Wholesale,Corporate,Asia,Cash,8.0,Rep_A,
2830,T2830,Samsung Galaxy S21,Electronics,Phones,5,1589.0,7945.0,5975.99,2023-01-16 12:07:00,"816 Street, Bangkok",Bangkok,Wholesale,Small Business,South America,Cash,2.0,Rep_A,
2831,T2831,AirPods Pro,Electronics,Accessories,3,1992.0,5976.0,4738.78,2023-01-21 23:51:00,"961 Street, Nairobi",Nairobi,Wholesale,Consumer,Europe,Transfer,8.0,Rep_D,
2832,T2832,27in 4K Gaming Monitor,Electronics,Monitors,2,1153.0,2306.0,1260.1,2023-05-11 10:07:00,"33 Street, Jakarta",Jakarta,In-Store,Corporate,Africa,Transfer,8.0,Rep_A,
2833,T2833,MacBook Air,Electronics,Laptops,1,1072.0,1072.0,642.09,2023-09-10 08:13:00,"990 Street, Bangkok",Bangkok,Online,Consumer,Africa,Transfer,9.0,Rep_C,
2834,T2834,AirPods Pro,Electronics,Accessories,5,1238.0,6190.0,5011.32,2023-10-19 00:05:00,"972 Street, Nairobi",Nairobi,Online,Consumer,Asia,Transfer,7.0,Rep_D,
2835,T2835,Samsung Galaxy S21,Electronics,Phones,5,73.0,365.0,243.38,2023-10-13 00:31:00,"853 Street, Cairo",Cairo,In-Store,Consumer,South America,Transfer,2.0,Rep_B,
2836,T2836,Samsung Galaxy S21,Electronics,Phones,3,534.0,1602.0,1115.31,2023-01-31 01:57:00,"678 Street, Mumbai",Mumbai,Online,Small Business,Europe,Transfer,9.0,Rep_D,
2837,T2837,Samsung Galaxy S21,Electronics,Phones,3,350.0,1050.0,787.43,2023-05-04 19:19:00,"88 Street, Cairo",Cairo,In-Store,Corporate,Asia,Transfer,,Rep_B,
2838,T2838,27in 4K Gaming Monitor,Electronics,Monitors,4,1428.0,5712.0,4969.4,2023-11-05 22:51:00,"393 Street, Lagos",Lagos,In-Store,Corporate,Europe,Transfer,1.0,Rep_A,
2839,T2839,Dell XPS 13,Electronics,Laptops,3,1310.0,3930.0,2929.44,2023-09-12 13:27:00,"935 Street, Nairobi",Nairobi,Wholesale,Small Business,Africa,Cash,2.0,Rep_C,
2840,T2840,iPhone 13,Electronics,Phones,2,294.0,588.0,502.95,2023-03-13 01:49:00,"299 Street, Bangkok",Bangkok,In-Store,Corporate,Europe,Card,8.0,Rep_D,
2841,T2841,Samsung Galaxy S21,Electronics,Phones,4,1844.0,7376.0,5831.07,2023-11-06 15:29:00,"924 Street, São Paulo",São Paulo,In-Store,Consumer,Europe,Card,6.0,Rep_A,
2842,T2842,Dell XPS 13,Electronics,Laptops,5,970.0,4850.0,2876.8,2023-11-30 17:15:00,"65 Street, Lagos",Lagos,Wholesale,Small Business,Asia,Card,1.0,Rep_D,
2843,T2843,Dell XPS 13,Electronics,Laptops,5,378.0,1890.0,1469.27,2023-11-09 20:45:00,"802 Street, Cairo",Cairo,In-Store,Small Business,South America,Transfer,1.0,Rep_C,
2844,T2844,27in 4K Gaming Monitor,Electronics,Monitors,3,1730.0,5190.0,4582.39,2023-04-03 06:08:00,"804 Street, Jakarta",Jakarta,Wholesale,Corporate,Asia,Cash,8.0,Rep_C,
2845,T2845,MacBook Air,Electronics,Laptops,1,676.0,676.0,554.0,2023-06-04 13:30:00,"14 Street, Lagos",Lagos,In-Store,Consumer,South America,Card,5.0,Rep_B,
2846,T2846,Dell XPS 13,Electronics,Laptops,1,868.0,868.0,709.54,2023-01-28 22:04:00,"666 Street, Bangkok",Bangkok,In-Store,Consumer,Asia,Cash,6.0,Rep_B,
2847,T2847,27in 4K Gaming Monitor,Electronics,Monitors,4,1262.0,5048.0,3519.83,2023-12-03 12:47:00,"705 Street, Bangkok",Bangkok,In-Store,Corporate,Asia,Transfer,,Rep_A,
2848,T2848,Logitech Mouse,Electronics,Accessories,1,527.0,527.0,290.1,2023-04-08 11:34:00,"445 Street, São Paulo",São Paulo,Wholesale,Small Business,Africa,Transfer,7.0,Rep_D,
2849,T2849,Logitech Mouse,Electronics,Accessories,3,80.0,240.0,141.12,2023-11-22 10:29:00,"486 Street, Jakarta",Jakarta,Online,Small Business,Asia,Transfer,8.0,Rep_B,
2850,T2850,Samsung Galaxy S21,Electronics,Phones,2,1840.0,3680.0,2580.71,2023-03-19 18:20:00,"201 Street, Nairobi",Nairobi,In-Store,Consumer,South America,Transfer,5.0,Rep_D,
2852,T2852,Dell XPS 13,Electronics,Laptops,5,1419.0,7095.0,5611.6,2023-03-15 10:01:00,"555 Street, Lagos",Lagos,In-Store,Corporate,Africa,Card,7.0,Rep_B,
2853,T2853,iPhone 13,Electronics,Phones,1,1038.0,1038.0,529.68,2023-01-02 02:31:00,"823 Street, Mumbai",Mumbai,Online,Small Business,Africa,Card,5.0,Rep_B,
2854,T2854,AirPods Pro,Electronics,Accessories,5,1515.0,7575.0,4035.1,2023-09-20 05:06:00,"342 Street, São Paulo",São Paulo,Online,Small Business,South America,Card,9.0,Rep_D,
2855,T2855,iPhone 13,Electronics,Phones,1,763.0,763.0,406.03,2023-03-11 20:10:00,"158 Street, Bangkok",Bangkok,Online,Small Business,Asia,Cash,,Rep_A,
2856,T2856,Logitech Mouse,Electronics,Accessories,3,1887.0,5661.0,4524.8,2023-08-03 14:18:00,"25 Street, Cairo",Cairo,Online,Corporate,South America,Card,7.0,Rep_B,
2857,T2857,27in 4K Gaming Monitor,Electronics,Monitors,1,958.0,958.0,656.28,2023-04-04 02:57:00,"552 Street, Cairo",Cairo,Online,Small Business,Africa,Transfer,3.0,Rep_A,
2858,T2858,AirPods Pro,Electronics,Accessories,1,1953.0,1953.0,1007.19,2023-05-24 07:45:00,"417 Street, São Paulo",São Paulo,Online,Small Business,Europe,Cash,,Rep_A,
2859,T2859,27in 4K Gaming Monitor,Electronics,Monitors,3,1532.0,4596.0,3629.6,2023-07-06 11:19:00,"901 Street, Mumbai",Mumbai,In-Store,Consumer,Asia,Card,2.0,Rep_B,
2860,T2860,MacBook Air,Electronics,Laptops,4,1546.0,6184.0,5325.44,2023-03-17 14:44:00,"848 Street, Nairobi",Nairobi,Wholesale,Consumer,Africa,Transfer,2.0,Rep_A,
2861,T2861,Samsung Galaxy S21,Electronics,Phones,4,92.0,368.0,253.55,2023-01-09 20:17:00,"110 Street, Bangkok",Bangkok,Wholesale,Small Business,Europe,Transfer,2.0,Rep_C,
2862,T2862,Dell XPS 13,Electronics,Laptops,3,670.0,2010.0,1796.07,2023-08-15 03:59:00,"35 Street, Nairobi",Nairobi,Wholesale,Small Business,Europe,Cash,5.0,Rep_A,
2863,T2863,MacBook Air,Electronics,Laptops,4,353.0,1412.0,837.1,2023-10-25 06:31:00,"767 Street, Bangkok",Bangkok,Online,Corporate,Europe,Transfer,6.0,Rep_C,
2864,T2864,Dell XPS 13,Electronics,Laptops,4,1953.0,7812.0,4860.98,2023-01-05 23:42:00,"491 Street, São Paulo",São Paulo,In-Store,Small Business,Africa,Transfer,3.0,Rep_A,
2865,T2865,iPhone 13,Electronics,Phones,3,570.0,1710.0,1506.27,2023-05-24 23:47:00,"176 Street, Bangkok",Bangkok,Online,Corporate,Africa,Transfer,9.0,Rep_B,
2866,T2866,MacBook Air,Electronics,Laptops,1,229.0,229.0,118.57,2023-04-20 07:24:00,"406 Street, Jakarta",Jakarta,Wholesale,Consumer,Africa,Card,6.0,Rep_A,
2867,T2867,Dell XPS 13,Electronics,Laptops,5,899.0,4495.0,3306.49,2023-06-21 21:05:00,"495 Street, Bangkok",Bangkok,Wholesale,Consumer,Europe,Card,9.0,Rep_B,
2868,T2868,Samsung Galaxy S21,Electronics,Phones,2,240.0,480.0,399.67,2023-04-14 08:23:00,"673 Street, Jakarta",Jakarta,Wholesale,Corporate,Europe,Card,,Rep_D,
2869,T2869,Samsung Galaxy S21,Electronics,Phones,5,1176.0,5880.0,3505.23,2023-07-14 03:16:00,"915 Street, São Paulo",São Paulo,Wholesale,Corporate,Europe,Cash,1.0,Rep_B,
2870,T2870,iPhone 13,Electronics,Phones,2,1243.0,2486.0,2146.84,2023-08-20 19:04:00,"140 Street, Lagos",Lagos,In-Store,Corporate,Asia,Transfer,6.0,Rep_D,
2871,T2871,MacBook Air,Electronics,Laptops,4,586.0,2344.0,1411.2,2023-01-24 07:47:00,"123 Street, Bangkok",Bangkok,In-Store,Corporate,Asia,Cash,,Rep_B,
2872,T2872,iPhone 13,Electronics,Phones,1,564.0,564.0,473.4,2023-07-08 14:58:00,"636 Street, São Paulo",São Paulo,Online,Corporate,Asia,Transfer,7.0,Rep_B,
2873,T2873,Samsung Galaxy S21,Electronics,Phones,3,1219.0,3657.0,2819.05,2023-10-09 21:44:00,"675 Street, Bangkok",Bangkok,In-Store,Consumer,Asia,Transfer,2.0,Rep_D,
2874,T2874,iPhone 13,Electronics,Phones,4,962.0,3848.0,1951.14,2023-07-05 17:56:00,"208 Street, Nairobi",Nairobi,Wholesale,Small Business,Africa,Card,4.0,Rep_A,
2875,T2875,Dell XPS 13,Electronics,Laptops,1,961.0,961.0,637.67,2023-12-25 17:01:00,"69 Street, Bangkok",Bangkok,In-Store,Corporate,Africa,Cash,5.0,Rep_B,
2876,T2876,iPhone 13,Electronics,Phones,5,1654.0,8270.0,6659.17,2023-06-10 21:20:00,"577 Street, Nairobi",Nairobi,Wholesale,Corporate,South America,Card,3.0,Rep_D,
2877,T2877,Logitech Mouse,Electronics,Accessories,4,1515.0,6060.0,4719.09,2023-04-25 16:12:00,"178 Street, Lagos",Lagos,Online,Consumer,Europe,Transfer,5.0,Rep_A,
2878,T2878,MacBook Air,Electronics,Laptops,3,257.0,771.0,563.47,2023-05-16 01:14:00,"458 Street, Bangkok",Bangkok,Online,Corporate,Europe,Cash,6.0,Rep_A,
2880,T2880,Dell XPS 13,Electronics,Laptops,4,1755.0,7020.0,4171.33,2023-10-10 11:45:00,"180 Street, Cairo",Cairo,Wholesale,Consumer,Europe,Transfer,2.0,Rep_C,
2881,T2881,27in 4K Gaming Monitor,Electronics,Monitors,4,1569.0,6276.0,5375.4,2023-12-07 02:56:00,"377 Street, Cairo",Cairo,In-Store,Consumer,Africa,Transfer,1.0,Rep_B,
2882,T2882,iPhone 13,Electronics,Phones,5,536.0,2680.0,1703.2,2023-08-25 15:54:00,"481 Street, Bangkok",Bangkok,Online,Small Business,Europe,Cash,2.0,Rep_C,
2883,T2883,iPhone 13,Electronics,Phones,5,1137.0,5685.0,4862.71,2023-01-05 04:07:00,"888 Street, Jakarta",Jakarta,Online,Corporate,Europe,Card,2.0,Rep_D,
2884,T2884,iPhone 13,Electronics,Phones,4,960.0,3840.0,2246.67,2023-10-13 04:00:00,"763 Street, Jakarta",Jakarta,Online,Consumer,South America,Transfer,3.0,Rep_C,
2885,T2885,Samsung Galaxy S21,Electronics,Phones,5,1054.0,5270.0,3610.67,2023-11-27 22:29:00,"570 Street, Jakarta",Jakarta,Online,Small Business,South America,Card,1.0,Rep_C,
2886,T2886,Dell XPS 13,Electronics,Laptops,2,77.0,154.0,96.68,2023-01-06 12:32:00,"334 Street, Cairo",Cairo,In-Store,Consumer,Asia,Card,7.0,Rep_D,
2887,T2887,27in 4K Gaming Monitor,Electronics,Monitors,1,1091.0,1091.0,736.32,2023-10-21 16:06:00,"279 Street, Lagos",Lagos,Wholesale,Small Business,Africa,Card,8.0,Rep_C,
2888,T2888,iPhone 13,Electronics,Phones,5,1149.0,5745.0,4302.58,2023-12-13 17:47:00,"317 Street, São Paulo",São Paulo,In-Store,Small Business,Europe,Card,,Rep_C,
2889,T2889,AirPods Pro,Electronics,Accessories,5,353.0,1765.0,1037.65,2023-01-09 18:48:00,"332 Street, Jakarta",Jakarta,Online,Small Business,Asia,Transfer,6.0,Rep_C,
2890,T2890,MacBook Air,Electronics,Laptops,4,955.0,3820.0,2967.66,2023-05-19 20:53:00,"914 Street, Cairo",Cairo,Online,Consumer,South America,Card,9.0,Rep_C,
2891,T2891,iPhone 13,Electronics,Phones,1,1719.0,1719.0,1149.33,2023-04-22 14:51:00,"627 Street, Bangkok",Bangkok,Wholesale,Consumer,Asia,Transfer,8.0,Rep_B,
2892,T2892,MacBook Air,Electronics,Laptops,3,170.0,510.0,353.4,2023-05-19 19:45:00,"908 Street, Cairo",Cairo,Wholesale,Consumer,South America,Transfer,3.0,Rep_A,
2893,T2893,iPhone 13,Electronics,Phones,2,997.0,1994.0,1237.7,2023-11-17 19:42:00,"605 Street, Jakarta",Jakarta,Online,Small Business,South America,Cash,,Rep_B,
2894,T2894,Samsung Galaxy S21,Electronics,Phones,2,1546.0,3092.0,2526.83,2023-10-26 16:04:00,"624 Street, Jakarta",Jakarta,In-Store,Consumer,South America,Cash,4.0,Rep_C,
2895,T2895,Logitech Mouse,Electronics,Accessories,1,937.0,937.0,827.95,2023-01-31 19:09:00,"994 Street, Bangkok",Bangkok,In-Store,Small Business,Europe,Cash,,Rep_D,
2896,T2896,Samsung Galaxy S21,Electronics,Phones,3,381.0,1143.0,742.89,2023-04-10 16:48:00,"293 Street, Mumbai",Mumbai,Wholesale,Small Business,Asia,Transfer,6.0,Rep_A,
2897,T2897,Samsung Galaxy S21,Electronics,Phones,3,592.0,1776.0,935.81,2023-03-30 21:46:00,"3 Street, Lagos",Lagos,In-Store,Small Business,Europe,Cash,7.0,Rep_C,
2898,T2898,iPhone 13,Electronics,Phones,1,451.0,451.0,330.37,2023-03-30 06:46:00,"940 Street, São Paulo",São Paulo,Wholesale,Small Business,Africa,Card,5.0,Rep_A,
2899,T2899,iPhone 13,Electronics,Phones,5,1613.0,8065.0,4704.51,2023-11-06 22:09:00,"70 Street, Cairo",Cairo,Wholesale,Corporate,Europe,Cash,8.0,Rep_B,
2900,T2900,Dell XPS 13,Electronics,Laptops,3,403.0,1209.0,784.62,2023-01-27 02:20:00,"288 Street, Jakarta",Jakarta,Wholesale,Small Business,Africa,Card,5.0,Rep_D,
2901,T2901,Samsung Galaxy S21,Electronics,Phones,2,562.0,1124.0,692.88,2023-06-11 14:44:00,"967 Street, Mumbai",Mumbai,In-Store,Consumer,Europe,Cash,7.0,Rep_D,
2902,T2902,iPhone 13,Electronics,Phones,1,1867.0,1867.0,1394.96,2023-10-15 09:24:00,"738 Street, Jakarta",Jakarta,In-Store,Consumer,Europe,Cash,8.0,Rep_A,
2904,T2904,Logitech Mouse,Electronics,Accessories,3,1915.0,5745.0,4743.62,2023-11-16 01:57:00,"285 Street, Lagos",Lagos,In-Store,Consumer,South America,Card,3.0,Rep_A,
2905,T2905,MacBook Air,Electronics,Laptops,2,1773.0,3546.0,2211.52,2023-11-30 02:32:00,"29 Street, Jakarta",Jakarta,Online,Small Business,Europe,Cash,6.0,Rep_C,
2906,T2906,Logitech Mouse,Electronics,Accessories,1,1043.0,1043.0,837.78,2023-03-17 18:02:00,"506 Street, Nairobi",Nairobi,Online,Corporate,Europe,Card,7.0,Rep_D,
2907,T2907,Dell XPS 13,Electronics,Laptops,4,1948.0,7792.0,4220.7,2023-12-09 14:51:00,"41 Street, Cairo",Cairo,Wholesale,Consumer,Europe,Transfer,7.0,Rep_B,
2908,T2908,Logitech Mouse,Electronics,Accessories,5,1809.0,9045.0,4801.03,2023-09-18 22:14:00,"692 Street, Cairo",Cairo,Wholesale,Corporate,Africa,Transfer,6.0,Rep_D,
2909,T2909,MacBook Air,Electronics,Laptops,1,393.0,393.0,246.98,2023-01-07 21:25:00,"174 Street, Jakarta",Jakarta,Wholesale,Corporate,Europe,Transfer,5.0,Rep_D,
2910,T2910,27in 4K Gaming Monitor,Electronics,Monitors,1,1382.0,1382.0,780.14,2023-08-09 17:30:00,"134 Street, São Paulo",São Paulo,Wholesale,Corporate,Europe,Card,3.0,Rep_A,
2911,T2911,Logitech Mouse,Electronics,Accessories,1,654.0,654.0,586.18,2023-12-18 17:41:00,"845 Street, São Paulo",São Paulo,In-Store,Consumer,South America,Cash,9.0,Rep_B,
2912,T2912,27in 4K Gaming Monitor,Electronics,Monitors,3,1526.0,4578.0,3463.98,2023-06-19 01:34:00,"261 Street, Mumbai",Mumbai,Wholesale,Corporate,South America,Transfer,3.0,Rep_B,
2913,T2913,iPhone 13,Electronics,Phones,4,179.0,716.0,406.48,2023-01-24 04:20:00,"743 Street, Jakarta",Jakarta,Online,Consumer,Europe,Transfer,5.0,Rep_A,
2914,T2914,AirPods Pro,Electronics,Accessories,5,318.0,1590.0,1286.53,2023-12-12 04:31:00,"386 Street, São Paulo",São Paulo,In-Store,Small Business,Asia,Transfer,1.0,Rep_A,
2915,T2915,27in 4K Gaming Monitor,Electronics,Monitors,3,260.0,780.0,641.97,2023-03-06 05:21:00,"173 Street, Lagos",Lagos,In-Store,Corporate,Africa,Card,8.0,Rep_A,
2916,T2916,Logitech Mouse,Electronics,Accessories,5,1451.0,7255.0,4187.74,2023-02-16 10:26:00,"742 Street, Mumbai",Mumbai,Online,Consumer,South America,Transfer,8.0,Rep_C,
2917,T2917,AirPods Pro,Electronics,Accessories,4,1376.0,5504.0,4272.9,2023-01-31 05:25:00,"250 Street, Lagos",Lagos,In-Store,Small Business,Asia,Cash,8.0,Rep_A,
2918,T2918,Dell XPS 13,Electronics,Laptops,5,1498.0,7490.0,6407.37,2023-05-10 23:11:00,"91 Street, Jakarta",Jakarta,In-Store,Corporate,Asia,Transfer,7.0,Rep_A,
2919,T2919,Samsung Galaxy S21,Electronics,Phones,2,1614.0,3228.0,2347.89,2023-06-18 00:28:00,"209 Street, São Paulo",São Paulo,Online,Small Business,South America,Transfer,2.0,Rep_D,
2920,T2920,iPhone 13,Electronics,Phones,4,570.0,2280.0,1240.73,2023-05-09 13:01:00,"357 Street, Cairo",Cairo,Online,Small Business,Europe,Transfer,5.0,Rep_A,
2921,T2921,iPhone 13,Electronics,Phones,3,566.0,1698.0,1034.53,2023-11-18 16:44:00,"141 Street, São Paulo",São Paulo,Online,Corporate,Asia,Transfer,,Rep_B,
2922,T2922,Logitech Mouse,Electronics,Accessories,3,185.0,555.0,344.53,2023-06-05 00:38:00,"870 Street, Lagos",Lagos,In-Store,Small Business,Africa,Card,4.0,Rep_B,
2923,T2923,Dell XPS 13,Electronics,Laptops,2,327.0,654.0,365.2,2023-02-15 17:44:00,"271 Street, Mumbai",Mumbai,Wholesale,Small Business,South America,Card,4.0,Rep_D,
2924,T2924,MacBook Air,Electronics,Laptops,4,1742.0,6968.0,3705.75,2023-07-31 01:25:00,"87 Street, Cairo",Cairo,Wholesale,Corporate,Asia,Transfer,4.0,Rep_D,
2925,T2925,Samsung Galaxy S21,Electronics,Phones,2,1422.0,2844.0,1573.46,2023-05-21 18:16:00,"442 Street, Mumbai",Mumbai,Wholesale,Corporate,Europe,Card,6.0,Rep_B,
2926,T2926,MacBook Air,Electronics,Laptops,1,774.0,774.0,551.68,2023-08-07 07:34:00,"78 Street, Nairobi",Nairobi,In-Store,Corporate,Africa,Card,8.0,Rep_D,
2927,T2927,iPhone 13,Electronics,Phones,5,1309.0,6545.0,3463.5,2023-03-14 19:37:00,"426 Street, Jakarta",Jakarta,In-Store,Corporate,Africa,Cash,2.0,Rep_D,
2928,T2928,Logitech Mouse,Electronics,Accessories,5,754.0,3770.0,2738.54,2023-11-25 06:09:00,"670 Street, Cairo",Cairo,In-Store,Small Business,South America,Cash,8.0,Rep_B,
2929,T2929,iPhone 13,Electronics,Phones,1,394.0,394.0,264.01,2023-06-08 17:23:00,"865 Street, Nairobi",Nairobi,Online,Consumer,South America,Card,1.0,Rep_D,
2930,T2930,Logitech Mouse,Electronics,Accessories,1,850.0,850.0,563.79,2023-08-24 14:28:00,"608 Street, Nairobi",Nairobi,Wholesale,Corporate,Africa,Transfer,6.0,Rep_A,
2931,T2931,AirPods Pro,Electronics,Accessories,4,884.0,3536.0,2985.23,2023-03-02 22:10:00,"878 Street, Mumbai",Mumbai,Online,Consumer,Africa,Cash,6.0,Rep_A,
2932,T2932,Dell XPS 13,Electronics,Laptops,2,1062.0,2124.0,1543.05,2023-09-22 14:38:00,"820 Street, Bangkok",Bangkok,Wholesale,Consumer,Africa,Cash,5.0,Rep_B,
2933,T2933,AirPods Pro,Electronics,Accessories,4,1590.0,6360.0,5241.25,2023-08-24 18:38:00,"599 Street, Nairobi",Nairobi,In-Store,Small Business,South America,Cash,2.0,Rep_B,
2934,T2934,Samsung Galaxy S21,Electronics,Phones,5,146.0,730.0,641.63,2023-11-03 22:37:00,"429 Street, Jakarta",Jakarta,In-Store,Small Business,Africa,Cash,6.0,Rep_A,
2935,T2935,Logitech Mouse,Electronics,Accessories,5,1817.0,9085.0,7258.08,2023-02-21 19:11:00,"318 Street, Nairobi",Nairobi,In-Store,Consumer,South America,Card,1.0,Rep_D,
2936,T2936,iPhone 13,Electronics,Phones,3,605.0,1815.0,1143.3,2023-08-07 21:01:00,"472 Street, Bangkok",Bangkok,Online,Corporate,Africa,Cash,1.0,Rep_A,
2937,T2937,iPhone 13,Electronics,Phones,1,1144.0,1144.0,978.73,2023-11-26 17:06:00,"160 Street, Nairobi",Nairobi,Online,Corporate,Africa,Cash,6.0,Rep_D,
2938,T2938,Dell XPS 13,Electronics,Laptops,3,521.0,1563.0,885.9,2023-07-08 02:39:00,"952 Street, Lagos",Lagos,In-Store,Corporate,Europe,Card,2.0,Rep_A,
2939,T2939,MacBook Air,Electronics,Laptops,2,824.0,1648.0,1319.56,2023-02-18 05:19:00,"372 Street, Jakarta",Jakarta,Online,Consumer,South America,Cash,2.0,Rep_A,
2940,T2940,Dell XPS 13,Electronics,Laptops,2,548.0,1096.0,810.21,2023-06-10 22:55:00,"979 Street, Bangkok",Bangkok,In-Store,Consumer,South America,Card,4.0,Rep_C,
2941,T2941,Logitech Mouse,Electronics,Accessories,5,535.0,2675.0,1411.83,2023-12-17 09:09:00,"954 Street, Mumbai",Mumbai,Wholesale,Consumer,Africa,Transfer,9.0,Rep_C,
2942,T2942,MacBook Air,Electronics,Laptops,3,924.0,2772.0,2256.71,2023-02-18 23:12:00,"475 Street, Jakarta",Jakarta,Wholesale,Consumer,Africa,Cash,8.0,Rep_D,
2943,T2943,iPhone 13,Electronics,Phones,1,1851.0,1851.0,1255.85,2023-11-24 09:53:00,"443 Street, Mumbai",Mumbai,Online,Consumer,Africa,Transfer,7.0,Rep_B,
2944,T2944,27in 4K Gaming Monitor,Electronics,Monitors,3,1390.0,4170.0,2878.76,2023-03-06 04:55:00,"877 Street, Jakarta",Jakarta,In-Store,Small Business,Africa,Card,6.0,Rep_C,
2945,T2945,27in 4K Gaming Monitor,Electronics,Monitors,2,794.0,1588.0,1226.63,2023-05-08 11:08:00,"106 Street, Nairobi",Nairobi,Online,Small Business,Africa,Transfer,7.0,Rep_C,
2946,T2946,27in 4K Gaming Monitor,Electronics,Monitors,1,491.0,491.0,278.75,2023-11-08 21:49:00,"512 Street, Nairobi",Nairobi,In-Store,Corporate,South America,Cash,6.0,Rep_D,
2947,T2947,MacBook Air,Electronics,Laptops,5,1916.0,9580.0,5476.06,2023-02-17 20:19:00,"425 Street, Cairo",Cairo,Online,Corporate,Europe,Cash,4.0,Rep_C,
2948,T2948,Dell XPS 13,Electronics,Laptops,4,1181.0,4724.0,2456.81,2023-01-20 06:32:00,"7 Street, São Paulo",São Paulo,Wholesale,Consumer,South America,Transfer,8.0,Rep_D,
2949,T2949,AirPods Pro,Electronics,Accessories,3,313.0,939.0,565.8,2023-12-07 04:39:00,"329 Street, Nairobi",Nairobi,Wholesale,Small Business,South America,Cash,3.0,Rep_D,
2950,T2950,AirPods Pro,Electronics,Accessories,3,168.0,504.0,398.24,2023-01-27 07:00:00,"679 Street, Nairobi",Nairobi,In-Store,Corporate,South America,Card,,Rep_A,
2951,T2951,27in 4K Gaming Monitor,Electronics,Monitors,4,1606.0,6424.0,3285.6,2023-09-01 08:44:00,"122 Street, Nairobi",Nairobi,In-Store,Small Business,Africa,Card,4.0,Rep_C,
2952,T2952,MacBook Air,Electronics,Laptops,2,720.0,1440.0,900.14,2023-12-14 12:17:00,"471 Street, São Paulo",São Paulo,Wholesale,Consumer,South America,Card,,Rep_A,
2953,T2953,AirPods Pro,Electronics,Accessories,3,1219.0,3657.0,2328.59,2023-02-28 19:32:00,"107 Street, São Paulo",São Paulo,Online,Consumer,Europe,Cash,8.0,Rep_C,
2954,T2954,Samsung Galaxy S21,Electronics,Phones,1,1498.0,1498.0,1343.44,2023-01-04 02:33:00,"369 Street, Mumbai",Mumbai,In-Store,Corporate,South America,Cash,1.0,Rep_C,
2955,T2955,MacBook Air,Electronics,Laptops,4,1226.0,4904.0,3543.51,2023-03-09 02:56:00,"15 Street, Mumbai",Mumbai,In-Store,Corporate,South America,Cash,6.0,Rep_D,
2956,T2956,27in 4K Gaming Monitor,Electronics,Monitors,1,1710.0,1710.0,929.44,2023-01-10 21:57:00,"157 Street, São Paulo",São Paulo,In-Store,Corporate,Asia,Cash,5.0,Rep_D,
2957,T2957,Dell XPS 13,Electronics,Laptops,1,1476.0,1476.0,1091.01,2023-03-22 05:11:00,"145 Street, Lagos",Lagos,Online,Small Business,Asia,Cash,7.0,Rep_D,
2958,T2958,MacBook Air,Electronics,Laptops,4,115.0,460.0,282.57,2023-03-01 07:51:00,"679 Street, Mumbai",Mumbai,In-Store,Corporate,Europe,Card,6.0,Rep_A,
2959,T2959,27in 4K Gaming Monitor,Electronics,Monitors,2,1384.0,2768.0,1434.98,2023-08-31 02:51:00,"774 Street, Bangkok",Bangkok,Wholesale,Corporate,Europe,Transfer,6.0,Rep_C,
2960,T2960,Dell XPS 13,Electronics,Laptops,4,1887.0,7548.0,5390.84,2023-09-06 07:57:00,"996 Street, Cairo",Cairo,In-Store,Small Business,South America,Transfer,5.0,Rep_D,
2961,T2961,Logitech Mouse,Electronics,Accessories,2,1852.0,3704.0,2536.27,2023-06-14 19:30:00,"284 Street, Mumbai",Mumbai,Wholesale,Small Business,Asia,Cash,8.0,Rep_B,
2962,T2962,Dell XPS 13,Electronics,Laptops,5,685.0,3425.0,2869.53,2023-06-14 14:35:00,"266 Street, Cairo",Cairo,Wholesale,Consumer,Asia,Card,2.0,Rep_C,
2963,T2963,Logitech Mouse,Electronics,Accessories,5,1376.0,6880.0,5226.33,2023-01-25 06:01:00,"834 Street, Jakarta",Jakarta,Online,Corporate,Europe,Cash,1.0,Rep_D,
2964,T2964,iPhone 13,Electronics,Phones,3,960.0,2880.0,2405.01,2023-04-07 07:21:00,"500 Street, Mumbai",Mumbai,Wholesale,Small Business,South America,Card,2.0,Rep_B,
2965,T2965,27in 4K Gaming Monitor,Electronics,Monitors,2,1934.0,3868.0,2158.36,2023-07-29 08:56:00,"133 Street, Bangkok",Bangkok,In-Store,Consumer,Europe,Transfer,4.0,Rep_A,
2966,T2966,27in 4K Gaming Monitor,Electronics,Monitors,3,256.0,768.0,630.87,2023-11-11 15:44:00,"435 Street, São Paulo",São Paulo,In-Store,Small Business,Asia,Cash,7.0,Rep_C,
2967,T2967,AirPods Pro,Electronics,Accessories,5,125.0,625.0,528.31,2023-08-13 04:38:00,"875 Street, Cairo",Cairo,Online,Consumer,Africa,Cash,7.0,Rep_D,
2968,T2968,iPhone 13,Electronics,Phones,2,425.0,850.0,726.42,2023-03-06 11:15:00,"576 Street, Bangkok",Bangkok,In-Store,Consumer,Europe,Cash,2.0,Rep_D,
2969,T2969,Logitech Mouse,Electronics,Accessories,2,275.0,550.0,441.97,2023-07-15 08:12:00,"537 Street, Mumbai",Mumbai,In-Store,Small Business,South America,Cash,4.0,Rep_B,
2970,T2970,Samsung Galaxy S21,Electronics,Phones,1,457.0,457.0,231.47,2023-09-28 03:13:00,"852 Street, Cairo",Cairo,In-Store,Consumer,Africa,Card,1.0,Rep_A,
2971,T2971,Dell XPS 13,Electronics,Laptops,4,1972.0,7888.0,4442.99,2023-09-20 03:18:00,"102 Street, Cairo",Cairo,In-Store,Consumer,Africa,Transfer,4.0,Rep_D,
2972,T2972,27in 4K Gaming Monitor,Electronics,Monitors,2,486.0,972.0,608.72,2023-07-22 08:34:00,"9 Street, Lagos",Lagos,Online,Small Business,Asia,Cash,9.0,Rep_C,
2973,T2973,Dell XPS 13,Electronics,Laptops,3,276.0,828.0,604.28,2023-08-16 01:23:00,"783 Street, São Paulo",São Paulo,Wholesale,Corporate,Africa,Card,4.0,Rep_B,
2975,T2975,Samsung Galaxy S21,Electronics,Phones,3,1682.0,5046.0,4123.72,2023-12-05 23:55:00,"282 Street, Nairobi",Nairobi,In-Store,Corporate,Asia,Card,6.0,Rep_B,
2976,T2976,iPhone 13,Electronics,Phones,4,1657.0,6628.0,5740.73,2023-08-21 08:55:00,"899 Street, Mumbai",Mumbai,Wholesale,Consumer,Asia,Card,2.0,Rep_A,
2977,T2977,Logitech Mouse,Electronics,Accessories,2,210.0,420.0,286.61,2023-07-21 08:52:00,"954 Street, Lagos",Lagos,In-Store,Small Business,Africa,Cash,7.0,Rep_C,
2978,T2978,27in 4K Gaming Monitor,Electronics,Monitors,5,198.0,990.0,523.32,2023-07-03 12:59:00,"775 Street, São Paulo",São Paulo,Online,Small Business,Europe,Cash,5.0,Rep_D,
2979,T2979,AirPods Pro,Electronics,Accessories,2,699.0,1398.0,1095.87,2023-04-22 03:01:00,"721 Street, São Paulo",São Paulo,In-Store,Small Business,Europe,Cash,7.0,Rep_C,
2980,T2980,AirPods Pro,Electronics,Accessories,3,1685.0,5055.0,3228.51,2023-01-06 09:56:00,"919 Street, Cairo",Cairo,Wholesale,Small Business,Europe,Card,9.0,Rep_B,
2981,T2981,Samsung Galaxy S21,Electronics,Phones,3,590.0,1770.0,1421.61,2023-10-28 07:53:00,"194 Street, Mumbai",Mumbai,Wholesale,Small Business,Asia,Transfer,,Rep_C,
2982,T2982,Logitech Mouse,Electronics,Accessories,4,930.0,3720.0,3306.23,2023-04-09 11:39:00,"408 Street, Jakarta",Jakarta,Wholesale,Small Business,South America,Transfer,6.0,Rep_C,
2983,T2983,Samsung Galaxy S21,Electronics,Phones,5,1199.0,5995.0,4551.13,2023-09-03 03:32:00,"761 Street, Bangkok",Bangkok,Wholesale,Consumer,Africa,Transfer,4.0,Rep_B,
2984,T2984,AirPods Pro,Electronics,Accessories,4,427.0,1708.0,977.98,2023-05-17 10:23:00,"104 Street, Mumbai",Mumbai,Wholesale,Corporate,Europe,Cash,4.0,Rep_C,
2985,T2985,iPhone 13,Electronics,Phones,4,269.0,1076.0,906.04,2023-04-06 21:51:00,"21 Street, Nairobi",Nairobi,Online,Small Business,Africa,Cash,8.0,Rep_D,
2986,T2986,Logitech Mouse,Electronics,Accessories,1,1355.0,1355.0,799.87,2023-03-04 21:53:00,"38 Street, Nairobi",Nairobi,In-Store,Consumer,Europe,Transfer,7.0,Rep_D,
2987,T2987,Samsung Galaxy S21,Electronics,Phones,5,574.0,2870.0,2331.34,2023-10-16 14:55:00,"105 Street, Bangkok",Bangkok,In-Store,Consumer,South America,Cash,3.0,Rep_A,
2988,T2988,MacBook Air,Electronics,Laptops,2,1690.0,3380.0,2853.62,2023-03-03 00:14:00,"941 Street, São Paulo",São Paulo,Online,Corporate,South America,Card,2.0,Rep_C,
2989,T2989,Dell XPS 13,Electronics,Laptops,5,285.0,1425.0,745.39,2023-04-13 19:53:00,"108 Street, São Paulo",São Paulo,Wholesale,Corporate,Europe,Cash,4.0,Rep_A,
2990,T2990,MacBook Air,Electronics,Laptops,4,371.0,1484.0,1120.14,2023-03-12 03:51:00,"686 Street, Jakarta",Jakarta,Online,Corporate,Europe,Card,2.0,Rep_C,
2991,T2991,Logitech Mouse,Electronics,Accessories,5,180.0,900.0,656.63,2023-05-05 01:45:00,"53 Street, Lagos",Lagos,Online,Small Business,Europe,Transfer,5.0,Rep_A,
2992,T2992,AirPods Pro,Electronics,Accessories,3,686.0,2058.0,1791.25,2023-08-16 08:00:00,"835 Street, São Paulo",São Paulo,Wholesale,Small Business,Europe,Cash,6.0,Rep_D,
2993,T2993,Logitech Mouse,Electronics,Accessories,2,230.0,460.0,262.48,2023-07-06 15:34:00,"324 Street, Cairo",Cairo,Online,Consumer,Europe,Transfer,6.0,Rep_A,
2994,T2994,Logitech Mouse,Electronics,Accessories,5,1114.0,5570.0,4111.3,2023-12-08 04:21:00,"898 Street, Cairo",Cairo,Wholesale,Consumer,South America,Card,9.0,Rep_B,
2995,T2995,27in 4K Gaming Monitor,Electronics,Monitors,5,1385.0,6925.0,4812.44,2023-10-26 07:56:00,"642 Street, Nairobi",Nairobi,Online,Small Business,Asia,Cash,4.0,Rep_C,
2996,T2996,27in 4K Gaming Monitor,Electronics,Monitors,3,1697.0,5091.0,3248.12,2023-06-24 04:40:00,"931 Street, Lagos",Lagos,Wholesale,Corporate,Europe,Cash,6.0,Rep_A,
2997,T2997,27in 4K Gaming Monitor,Electronics,Monitors,3,879.0,2637.0,1567.71,2023-03-11 13:10:00,"522 Street, Jakarta",Jakarta,In-Store,Corporate,Asia,Cash,7.0,Rep_A,
2998,T2998,AirPods Pro,Electronics,Accessories,2,1728.0,3456.0,2313.43,2023-03-13 19:46:00,"562 Street, Nairobi",Nairobi,Wholesale,Small Business,Africa,Transfer,6.0,Rep_C,
2999,T2999,Samsung Galaxy S21,Electronics,Phones,4,1945.0,7780.0,5817.74,2023-05-09 20:04:00,"55 Street, Lagos",Lagos,Online,Small Business,Asia,Transfer,4.0,Rep_C,
3000,T3000,AirPods Pro,Electronics,Accessories,4,671.0,2684.0,2274.07,2023-04-13 16:59:00,"910 Street, Jakarta",Jakarta,Online,Small Business,Europe,Cash,2.0,Rep_D,
3001,T3001,AirPods Pro,Electronics,Accessories,3,1054.0,3162.0,1910.55,2023-07-23 20:08:00,"400 Street, Lagos",Lagos,In-Store,Consumer,Africa,Transfer,7.0,Rep_C,
3002,T3002,Logitech Mouse,Electronics,Accessories,5,238.0,1190.0,653.11,2023-01-10 18:14:00,"241 Street, Cairo",Cairo,In-Store,Corporate,Europe,Card,1.0,Rep_B,
3003,T3003,AirPods Pro,Electronics,Accessories,2,1250.0,2500.0,1432.4,2023-03-07 21:01:00,"509 Street, Jakarta",Jakarta,Online,Consumer,Asia,Card,2.0,Rep_B,
3005,T3005,27in 4K Gaming Monitor,Electronics,Monitors,5,345.0,1725.0,1041.25,2023-12-01 08:03:00,"838 Street, São Paulo",São Paulo,In-Store,Small Business,Asia,Card,3.0,Rep_B,
3006,T3006,iPhone 13,Electronics,Phones,2,880.0,1760.0,1026.46,2023-09-12 19:51:00,"283 Street, São Paulo",São Paulo,In-Store,Consumer,Asia,Cash,1.0,Rep_B,
3007,T3007,Samsung Galaxy S21,Electronics,Phones,4,359.0,1436.0,797.82,2023-01-07 21:42:00,"153 Street, Jakarta",Jakarta,Online,Small Business,Europe,Transfer,9.0,Rep_A,
3008,T3008,Dell XPS 13,Electronics,Laptops,4,1738.0,6952.0,3986.3,2023-01-09 18:14:00,"946 Street, Nairobi",Nairobi,Wholesale,Corporate,Europe,Transfer,1.0,Rep_A,
3009,T3009,AirPods Pro,Electronics,Accessories,3,1400.0,4200.0,3304.62,2023-10-15 01:58:00,"212 Street, Jakarta",Jakarta,Wholesale,Consumer,South America,Cash,4.0,Rep_B,
3010,T3010,iPhone 13,Electronics,Phones,3,1960.0,5880.0,2980.28,2023-06-18 21:58:00,"183 Street, Jakarta",Jakarta,In-Store,Small Business,South America,Card,5.0,Rep_D,
3011,T3011,Logitech Mouse,Electronics,Accessories,2,1603.0,3206.0,2407.34,2023-04-17 16:06:00,"574 Street, Mumbai",Mumbai,Wholesale,Corporate,Asia,Cash,3.0,Rep_A,
3012,T3012,27in 4K Gaming Monitor,Electronics,Monitors,1,1918.0,1918.0,1441.45,2023-10-05 08:20:00,"670 Street, Lagos",Lagos,Online,Corporate,South America,Card,9.0,Rep_B,
3013,T3013,Dell XPS 13,Electronics,Laptops,2,1443.0,2886.0,1827.56,2023-12-01 06:45:00,"751 Street, Bangkok",Bangkok,In-Store,Small Business,Africa,Transfer,1.0,Rep_D,
3014,T3014,Logitech Mouse,Electronics,Accessories,4,1616.0,6464.0,4837.63,2023-05-16 16:34:00,"616 Street, São Paulo",São Paulo,Online,Consumer,Europe,Cash,2.0,Rep_C,
3015,T3015,AirPods Pro,Electronics,Accessories,5,430.0,2150.0,1396.58,2023-12-03 17:10:00,"601 Street, Nairobi",Nairobi,In-Store,Consumer,South America,Card,8.0,Rep_B,
3016,T3016,Logitech Mouse,Electronics,Accessories,1,167.0,167.0,128.28,2023-11-15 12:23:00,"78 Street, Cairo",Cairo,In-Store,Small Business,Africa,Card,4.0,Rep_D,
3017,T3017,Dell XPS 13,Electronics,Laptops,1,1038.0,1038.0,585.33,2023-12-13 21:16:00,"451 Street, Nairobi",Nairobi,Online,Corporate,South America,Cash,6.0,Rep_B,
3018,T3018,Samsung Galaxy S21,Electronics,Phones,2,1510.0,3020.0,1988.7,2023-05-21 22:12:00,"610 Street, Mumbai",Mumbai,Online,Consumer,South America,Card,2.0,Rep_B,
3019,T3019,iPhone 13,Electronics,Phones,4,1829.0,7316.0,5638.85,2023-05-10 10:32:00,"800 Street, Cairo",Cairo,Online,Corporate,Asia,Transfer,7.0,Rep_D,
3020,T3020,iPhone 13,Electronics,Phones,3,409.0,1227.0,1027.11,2023-01-08 13:45:00,"880 Street, Cairo",Cairo,Wholesale,Small Business,Europe,Transfer,9.0,Rep_B,
3021,T3021,AirPods Pro,Electronics,Accessories,3,288.0,864.0,677.2,2023-08-12 05:51:00,"559 Street, São Paulo",São Paulo,In-Store,Corporate,Europe,Transfer,7.0,Rep_C,
3022,T3022,Logitech Mouse,Electronics,Accessories,5,500.0,2500.0,1593.66,2023-04-06 23:52:00,"457 Street, Bangkok",Bangkok,Online,Corporate,Asia,Card,7.0,Rep_D,
3023,T3023,Logitech Mouse,Electronics,Accessories,3,922.0,2766.0,1477.81,2023-04-19 07:15:00,"591 Street, Nairobi",Nairobi,In-Store,Small Business,South America,Cash,2.0,Rep_B,
3024,T3024,iPhone 13,Electronics,Phones,2,374.0,748.0,504.24,2023-04-06 23:45:00,"408 Street, São Paulo",São Paulo,In-Store,Consumer,Europe,Cash,4.0,Rep_C,
3025,T3025,Samsung Galaxy S21,Electronics,Phones,5,750.0,3750.0,2537.32,2023-10-24 20:22:00,"844 Street, São Paulo",São Paulo,Wholesale,Corporate,Africa,Transfer,7.0,Rep_A,
3026,T3026,Samsung Galaxy S21,Electronics,Phones,3,1333.0,3999.0,2702.76,2023-02-28 12:40:00,"891 Street, Mumbai",Mumbai,Wholesale,Consumer,South America,Cash,7.0,Rep_A,
3027,T3027,Samsung Galaxy S21,Electronics,Phones,4,214.0,856.0,429.07,2023-09-09 06:52:00,"173 Street, Mumbai",Mumbai,Wholesale,Corporate,Asia,Cash,1.0,Rep_B,
3028,T3028,Samsung Galaxy S21,Electronics,Phones,2,1833.0,3666.0,3215.78,2023-06-04 11:22:00,"583 Street, Lagos",Lagos,Online,Consumer,Europe,Transfer,7.0,Rep_D,
3029,T3029,AirPods Pro,Electronics,Accessories,5,1805.0,9025.0,5502.12,2023-12-20 01:49:00,"479 Street, São Paulo",São Paulo,In-Store,Corporate,Africa,Card,9.0,Rep_A,
3030,T3030,iPhone 13,Electronics,Phones,1,217.0,217.0,191.85,2023-04-29 10:33:00,"129 Street, Bangkok",Bangkok,Wholesale,Corporate,Africa,Transfer,2.0,Rep_C,
3031,T3031,AirPods Pro,Electronics,Accessories,1,1266.0,1266.0,847.46,2023-02-17 03:53:00,"144 Street, Lagos",Lagos,In-Store,Small Business,Europe,Cash,1.0,Rep_A,
3032,T3032,Samsung Galaxy S21,Electronics,Phones,3,722.0,2166.0,1841.91,2023-10-24 07:50:00,"254 Street, Mumbai",Mumbai,Wholesale,Small Business,Africa,Transfer,4.0,Rep_D,
3033,T3033,Dell XPS 13,Electronics,Laptops,5,1666.0,8330.0,5183.05,2023-12-15 15:00:00,"723 Street, Mumbai",Mumbai,In-Store,Small Business,Europe,Card,7.0,Rep_A,
3034,T3034,MacBook Air,Electronics,Laptops,4,309.0,1236.0,1102.26,2023-07-07 02:01:00,"563 Street, Jakarta",Jakarta,In-Store,Corporate,Asia,Transfer,3.0,Rep_D,
3035,T3035,AirPods Pro,Electronics,Accessories,1,803.0,803.0,595.16,2023-11-16 21:28:00,"26 Street, São Paulo",São Paulo,Wholesale,Consumer,Europe,Card,9.0,Rep_C,
3036,T3036,Samsung Galaxy S21,Electronics,Phones,3,1243.0,3729.0,3299.33,2023-06-17 10:05:00,"91 Street, São Paulo",São Paulo,Wholesale,Small Business,Africa,Cash,8.0,Rep_A,
3037,T3037,Logitech Mouse,Electronics,Accessories,1,436.0,436.0,232.19,2023-12-21 16:02:00,"875 Street, Mumbai",Mumbai,Online,Consumer,Europe,Transfer,6.0,Rep_C,
3039,T3039,27in 4K Gaming Monitor,Electronics,Monitors,2,1603.0,3206.0,2733.3,2023-09-17 11:55:00,"794 Street, Bangkok",Bangkok,Online,Small Business,Europe,Cash,9.0,Rep_D,
3040,T3040,Dell XPS 13,Electronics,Laptops,2,278.0,556.0,409.51,2023-03-30 18:11:00,"378 Street, Bangkok",Bangkok,Online,Small Business,South America,Transfer,8.0,Rep_C,
3041,T3041,Logitech Mouse,Electronics,Accessories,3,1602.0,4806.0,3191.58,2023-10-12 01:13:00,"112 Street, Cairo",Cairo,Online,Consumer,Africa,Transfer,2.0,Rep_A,
3042,T3042,Dell XPS 13,Electronics,Laptops,5,1954.0,9770.0,5011.05,2023-04-24 09:11:00,"814 Street, Mumbai",Mumbai,Online,Consumer,Africa,Cash,3.0,Rep_D,
3043,T3043,Logitech Mouse,Electronics,Accessories,1,1748.0,1748.0,1193.3,2023-01-28 11:32:00,"528 Street, São Paulo",São Paulo,Wholesale,Corporate,Europe,Card,7.0,Rep_B,
3044,T3044,Logitech Mouse,Electronics,Accessories,1,1662.0,1662.0,1391.36,2023-10-19 14:41:00,"515 Street, Jakarta",Jakarta,Wholesale,Consumer,Europe,Cash,6.0,Rep_A,
3045,T3045,27in 4K Gaming Monitor,Electronics,Monitors,2,1264.0,2528.0,2236.45,2023-05-13 05:34:00,"116 Street, São Paulo",São Paulo,In-Store,Consumer,South America,Card,3.0,Rep_B,
3046,T3046,Dell XPS 13,Electronics,Laptops,4,349.0,1396.0,881.84,2023-07-20 14:22:00,"683 Street, Mumbai",Mumbai,In-Store,Small Business,Europe,Card,6.0,Rep_C,
3047,T3047,MacBook Air,Electronics,Laptops,1,268.0,268.0,167.61,2023-05-12 19:42:00,"696 Street, Cairo",Cairo,Wholesale,Corporate,Africa,Cash,5.0,Rep_C,
3048,T3048,27in 4K Gaming Monitor,Electronics,Monitors,1,381.0,381.0,283.02,2023-01-14 19:19:00,"167 Street, Bangkok",Bangkok,Wholesale,Corporate,Asia,Cash,5.0,Rep_A,
3049,T3049,MacBook Air,Electronics,Laptops,1,968.0,968.0,681.35,2023-11-15 01:35:00,"313 Street, Lagos",Lagos,Wholesale,Corporate,South America,Card,4.0,Rep_A,
3050,T3050,MacBook Air,Electronics,Laptops,2,1751.0,3502.0,2135.12,2023-10-07 01:45:00,"446 Street, Jakarta",Jakarta,Online,Consumer,Africa,Cash,3.0,Rep_A,
3051,T3051,AirPods Pro,Electronics,Accessories,3,1405.0,4215.0,2810.97,2023-08-07 18:48:00,"232 Street, Nairobi",Nairobi,Online,Consumer,Africa,Transfer,3.0,Rep_B,
3052,T3052,iPhone 13,Electronics,Phones,4,1280.0,5120.0,4029.04,2023-12-26 23:40:00,"210 Street, Nairobi",Nairobi,Wholesale,Small Business,Africa,Transfer,4.0,Rep_B,
3053,T3053,MacBook Air,Electronics,Laptops,3,1304.0,3912.0,1985.89,2023-09-30 07:25:00,"538 Street, Lagos",Lagos,Online,Small Business,Europe,Card,9.0,Rep_D,
3054,T3054,Samsung Galaxy S21,Electronics,Phones,3,1244.0,3732.0,2745.8,2023-06-04 19:17:00,"178 Street, Jakarta",Jakarta,Online,Small Business,South America,Card,6.0,Rep_B,
3055,T3055,AirPods Pro,Electronics,Accessories,2,1138.0,2276.0,1543.6,2023-01-26 16:30:00,"581 Street, São Paulo",São Paulo,In-Store,Corporate,South America,Transfer,4.0,Rep_D,
3056,T3056,27in 4K Gaming Monitor,Electronics,Monitors,4,550.0,2200.0,1570.2,2023-05-28 17:39:00,"734 Street, Bangkok",Bangkok,Wholesale,Corporate,South America,Transfer,6.0,Rep_B,
3057,T3057,Logitech Mouse,Electronics,Accessories,5,1682.0,8410.0,5566.97,2023-08-03 12:23:00,"952 Street, Bangkok",Bangkok,Online,Consumer,Europe,Transfer,1.0,Rep_B,
3058,T3058,Dell XPS 13,Electronics,Laptops,3,1469.0,4407.0,3614.45,2023-03-30 08:27:00,"71 Street, Mumbai",Mumbai,In-Store,Small Business,South America,Card,3.0,Rep_A,
3059,T3059,MacBook Air,Electronics,Laptops,1,1294.0,1294.0,870.89,2023-05-18 03:42:00,"113 Street, Nairobi",Nairobi,Wholesale,Consumer,Africa,Transfer,8.0,Rep_A,
3060,T3060,Logitech Mouse,Electronics,Accessories,2,449.0,898.0,612.37,2023-04-18 00:13:00,"850 Street, Bangkok",Bangkok,Online,Small Business,Asia,Card,7.0,Rep_A,
3061,T3061,Samsung Galaxy S21,Electronics,Phones,3,855.0,2565.0,1795.88,2023-04-16 05:47:00,"84 Street, Nairobi",Nairobi,Wholesale,Consumer,South America,Cash,9.0,Rep_C,
3062,T3062,Logitech Mouse,Electronics,Accessories,5,1791.0,8955.0,6331.33,2023-07-25 19:54:00,"895 Street, Cairo",Cairo,In-Store,Consumer,Asia,Cash,4.0,Rep_B,
3063,T3063,AirPods Pro,Electronics,Accessories,4,1081.0,4324.0,3340.47,2023-12-08 08:27:00,"961 Street, São Paulo",São Paulo,Online,Consumer,South America,Cash,1.0,Rep_C,
3065,T3065,Dell XPS 13,Electronics,Laptops,1,995.0,995.0,870.95,2023-09-26 07:20:00,"189 Street, Bangkok",Bangkok,Wholesale,Consumer,Europe,Cash,4.0,Rep_A,
3067,T3067,MacBook Air,Electronics,Laptops,3,773.0,2319.0,1171.38,2023-04-20 22:29:00,"897 Street, São Paulo",São Paulo,Online,Corporate,Asia,Cash,4.0,Rep_A,
3068,T3068,AirPods Pro,Electronics,Accessories,4,904.0,3616.0,2987.67,2023-11-22 05:31:00,"894 Street, São Paulo",São Paulo,Online,Small Business,Africa,Cash,2.0,Rep_A,
3069,T3069,AirPods Pro,Electronics,Accessories,2,141.0,282.0,170.48,2023-05-01 10:49:00,"475 Street, Bangkok",Bangkok,In-Store,Consumer,Europe,Transfer,8.0,Rep_B,
3070,T3070,MacBook Air,Electronics,Laptops,5,1362.0,6810.0,3446.15,2023-09-17 21:12:00,"825 Street, Lagos",Lagos,In-Store,Corporate,Europe,Transfer,4.0,Rep_C,
3071,T3071,iPhone 13,Electronics,Phones,5,216.0,1080.0,822.64,2023-11-07 18:55:00,"635 Street, Lagos",Lagos,Online,Small Business,Asia,Cash,3.0,Rep_B,
3072,T3072,AirPods Pro,Electronics,Accessories,2,145.0,290.0,205.39,2023-04-21 19:10:00,"694 Street, Nairobi",Nairobi,In-Store,Corporate,Europe,Cash,4.0,Rep_C,
3073,T3073,iPhone 13,Electronics,Phones,5,365.0,1825.0,1598.62,2023-11-20 01:43:00,"541 Street, Jakarta",Jakarta,In-Store,Corporate,Europe,Card,8.0,Rep_D,
3074,T3074,Logitech Mouse,Electronics,Accessories,3,443.0,1329.0,1101.45,2023-01-26 20:35:00,"874 Street, Cairo",Cairo,Wholesale,Consumer,Europe,Cash,6.0,Rep_C,
3075,T3075,Logitech Mouse,Electronics,Accessories,3,189.0,567.0,381.72,2023-10-24 07:27:00,"80 Street, Nairobi",Nairobi,Online,Consumer,Africa,Transfer,,Rep_D,
3076,T3076,Dell XPS 13,Electronics,Laptops,5,1194.0,5970.0,4411.07,2023-05-01 13:10:00,"264 Street, Mumbai",Mumbai,Online,Small Business,South America,Cash,4.0,Rep_D,
3077,T3077,27in 4K Gaming Monitor,Electronics,Monitors,1,1663.0,1663.0,1394.01,2023-07-03 04:05:00,"417 Street, Lagos",Lagos,Wholesale,Corporate,Europe,Cash,7.0,Rep_A,
3078,T3078,MacBook Air,Electronics,Laptops,1,1680.0,1680.0,1052.41,2023-03-03 10:02:00,"633 Street, Lagos",Lagos,In-Store,Small Business,South America,Card,,Rep_D,
3079,T3079,Samsung Galaxy S21,Electronics,Phones,4,1415.0,5660.0,4890.58,2023-01-23 02:28:00,"715 Street, Nairobi",Nairobi,In-Store,Corporate,Africa,Cash,1.0,Rep_B,
3080,T3080,MacBook Air,Electronics,Laptops,1,111.0,111.0,55.63,2023-07-16 11:05:00,"208 Street, Nairobi",Nairobi,Wholesale,Corporate,Europe,Card,7.0,Rep_B,
3081,T3081,MacBook Air,Electronics,Laptops,5,1017.0,5085.0,2892.54,2023-01-10 14:36:00,"55 Street, Lagos",Lagos,In-Store,Consumer,Europe,Card,2.0,Rep_A,
3082,T3082,Logitech Mouse,Electronics,Accessories,4,1634.0,6536.0,3829.7,2023-12-09 02:34:00,"725 Street, Nairobi",Nairobi,In-Store,Consumer,Africa,Card,7.0,Rep_C,
3083,T3083,Samsung Galaxy S21,Electronics,Phones,2,883.0,1766.0,1513.25,2023-03-31 07:15:00,"395 Street, São Paulo",São Paulo,Online,Corporate,South America,Transfer,2.0,Rep_A,
3084,T3084,MacBook Air,Electronics,Laptops,1,1571.0,1571.0,1156.66,2023-04-19 00:06:00,"725 Street, São Paulo",São Paulo,In-Store,Consumer,Asia,Transfer,,Rep_C,
3085,T3085,iPhone 13,Electronics,Phones,3,412.0,1236.0,810.93,2023-10-24 13:57:00,"856 Street, Nairobi",Nairobi,In-Store,Corporate,Africa,Cash,,Rep_A,
3086,T3086,Samsung Galaxy S21,Electronics,Phones,4,973.0,3892.0,2339.56,2023-11-22 21:03:00,"843 Street, Cairo",Cairo,Online,Consumer,Asia,Card,3.0,Rep_B,
3087,T3087,Logitech Mouse,Electronics,Accessories,3,1958.0,5874.0,4479.1,2023-04-28 07:33:00,"468 Street, Nairobi",Nairobi,Online,Corporate,South America,Transfer,7.0,Rep_C,
3088,T3088,iPhone 13,Electronics,Phones,5,127.0,635.0,471.03,2023-02-04 21:55:00,"997 Street, Cairo",Cairo,Wholesale,Consumer,Europe,Cash,4.0,Rep_A,
3089,T3089,27in 4K Gaming Monitor,Electronics,Monitors,3,1951.0,5853.0,4133.7,2023-04-20 04:53:00,"572 Street, Bangkok",Bangkok,Wholesale,Consumer,Europe,Cash,3.0,Rep_A,
3090,T3090,Logitech Mouse,Electronics,Accessories,3,589.0,1767.0,899.8,2023-11-29 06:00:00,"988 Street, Bangkok",Bangkok,Online,Consumer,Europe,Card,9.0,Rep_A,
3091,T3091,Samsung Galaxy S21,Electronics,Phones,3,846.0,2538.0,2134.2,2023-04-25 04:53:00,"529 Street, São Paulo",São Paulo,In-Store,Small Business,South America,Cash,,Rep_C,
3092,T3092,MacBook Air,Electronics,Laptops,4,430.0,1720.0,1241.54,2023-09-08 20:12:00,"715 Street, Mumbai",Mumbai,Online,Consumer,Africa,Transfer,7.0,Rep_C,
3093,T3093,iPhone 13,Electronics,Phones,2,1399.0,2798.0,1943.19,2023-05-01 10:22:00,"862 Street, Nairobi",Nairobi,In-Store,Corporate,Asia,Cash,1.0,Rep_C,
3094,T3094,27in 4K Gaming Monitor,Electronics,Monitors,2,1949.0,3898.0,2283.63,2023-08-07 14:34:00,"39 Street, São Paulo",São Paulo,In-Store,Consumer,Asia,Transfer,2.0,Rep_A,
3095,T3095,iPhone 13,Electronics,Phones,4,1141.0,4564.0,3782.96,2023-08-01 01:48:00,"916 Street, São Paulo",São Paulo,Wholesale,Small Business,Europe,Card,7.0,Rep_C,
3096,T3096,27in 4K Gaming Monitor,Electronics,Monitors,1,507.0,507.0,357.19,2023-05-22 16:22:00,"767 Street, Bangkok",Bangkok,Wholesale,Corporate,Asia,Card,,Rep_B,
3097,T3097,iPhone 13,Electronics,Phones,3,1747.0,5241.0,4692.61,2023-03-19 04:51:00,"608 Street, Mumbai",Mumbai,Wholesale,Small Business,Asia,Card,7.0,Rep_B,
3098,T3098,27in 4K Gaming Monitor,Electronics,Monitors,1,693.0,693.0,617.93,2023-10-10 17:36:00,"756 Street, Lagos",Lagos,Online,Consumer,South America,Transfer,9.0,Rep_B,
3099,T3099,MacBook Air,Electronics,Laptops,4,482.0,1928.0,1595.43,2023-03-30 19:21:00,"233 Street, Mumbai",Mumbai,Online,Small Business,South America,Cash,1.0,Rep_B,
3100,T3100,Samsung Galaxy S21,Electronics,Phones,2,1137.0,2274.0,1365.23,2023-05-11 18:09:00,"147 Street, Bangkok",Bangkok,In-Store,Consumer,Europe,Transfer,5.0,Rep_D,
3101,T3101,AirPods Pro,Electronics,Accessories,2,697.0,1394.0,981.56,2023-07-04 03:27:00,"312 Street, Lagos",Lagos,Wholesale,Consumer,Europe,Cash,9.0,Rep_B,
3102,T3102,Samsung Galaxy S21,Electronics,Phones,5,313.0,1565.0,1306.3,2023-02-06 12:51:00,"62 Street, Lagos",Lagos,Online,Corporate,Africa,Card,7.0,Rep_D,
3103,T3103,Samsung Galaxy S21,Electronics,Phones,3,339.0,1017.0,846.06,2023-08-19 15:30:00,"384 Street, Bangkok",Bangkok,Wholesale,Corporate,Europe,Transfer,7.0,Rep_D,
3104,T3104,AirPods Pro,Electronics,Accessories,4,296.0,1184.0,1022.41,2023-11-16 09:10:00,"181 Street, Bangkok",Bangkok,Online,Consumer,Europe,Card,1.0,Rep_D,
3105,T3105,MacBook Air,Electronics,Laptops,1,1373.0,1373.0,689.88,2023-05-04 13:29:00,"881 Street, Bangkok",Bangkok,Online,Corporate,Africa,Transfer,6.0,Rep_B,
3106,T3106,Samsung Galaxy S21,Electronics,Phones,4,1792.0,7168.0,4955.06,2023-11-03 15:45:00,"457 Street, São Paulo",São Paulo,Online,Consumer,South America,Transfer,6.0,Rep_C,
3107,T3107,MacBook Air,Electronics,Laptops,3,1453.0,4359.0,3785.91,2023-12-24 17:36:00,"581 Street, Mumbai",Mumbai,Wholesale,Small Business,Asia,Card,9.0,Rep_A,
3108,T3108,MacBook Air,Electronics,Laptops,1,762.0,762.0,418.62,2023-10-26 21:37:00,"742 Street, Cairo",Cairo,In-Store,Corporate,South America,Cash,9.0,Rep_C,
3109,T3109,Dell XPS 13,Electronics,Laptops,1,1281.0,1281.0,981.29,2023-06-26 10:10:00,"822 Street, Lagos",Lagos,In-Store,Corporate,South America,Transfer,1.0,Rep_C,
3110,T3110,27in 4K Gaming Monitor,Electronics,Monitors,2,1770.0,3540.0,2339.03,2023-03-14 04:49:00,"987 Street, Mumbai",Mumbai,Wholesale,Small Business,Asia,Transfer,9.0,Rep_A,
3111,T3111,Dell XPS 13,Electronics,Laptops,1,384.0,384.0,300.83,2023-02-25 08:44:00,"933 Street, Lagos",Lagos,In-Store,Consumer,South America,Card,7.0,Rep_C,
3112,T3112,27in 4K Gaming Monitor,Electronics,Monitors,4,218.0,872.0,453.06,2023-04-16 10:59:00,"631 Street, Lagos",Lagos,Wholesale,Small Business,Asia,Transfer,7.0,Rep_C,
3113,T3113,Dell XPS 13,Electronics,Laptops,3,1017.0,3051.0,1689.37,2023-12-02 09:05:00,"244 Street, Cairo",Cairo,Wholesale,Corporate,Europe,Transfer,8.0,Rep_D,
3114,T3114,Dell XPS 13,Electronics,Laptops,1,1335.0,1335.0,1033.73,2023-05-10 21:32:00,"966 Street, Nairobi",Nairobi,In-Store,Corporate,Europe,Card,,Rep_C,
3115,T3115,Samsung Galaxy S21,Electronics,Phones,4,1593.0,6372.0,3996.01,2023-03-10 18:08:00,"687 Street, São Paulo",São Paulo,In-Store,Consumer,Africa,Cash,8.0,Rep_C,
3116,T3116,27in 4K Gaming Monitor,Electronics,Monitors,5,1366.0,6830.0,3509.6,2023-03-19 05:24:00,"671 Street, Jakarta",Jakarta,Wholesale,Corporate,South America,Cash,4.0,Rep_D,
3117,T3117,MacBook Air,Electronics,Laptops,4,952.0,3808.0,2902.59,2023-02-11 01:05:00,"1 Street, Mumbai",Mumbai,In-Store,Small Business,South America,Cash,8.0,Rep_C,
3118,T3118,MacBook Air,Electronics,Laptops,1,992.0,992.0,693.23,2023-05-08 17:04:00,"310 Street, Jakarta",Jakarta,Online,Small Business,Europe,Card,8.0,Rep_A,
3119,T3119,Samsung Galaxy S21,Electronics,Phones,1,1658.0,1658.0,1029.76,2023-05-19 13:47:00,"701 Street, Lagos",Lagos,Wholesale,Consumer,Africa,Card,8.0,Rep_A,
3120,T3120,AirPods Pro,Electronics,Accessories,1,645.0,645.0,452.53,2023-04-18 09:51:00,"807 Street, Cairo",Cairo,Online,Small Business,Europe,Cash,1.0,Rep_A,
3121,T3121,27in 4K Gaming Monitor,Electronics,Monitors,5,327.0,1635.0,1088.49,2023-08-31 12:49:00,"218 Street, São Paulo",São Paulo,Online,Corporate,Asia,Cash,8.0,Rep_D,
3122,T3122,27in 4K Gaming Monitor,Electronics,Monitors,2,1235.0,2470.0,1470.08,2023-05-15 00:17:00,"42 Street, Bangkok",Bangkok,Wholesale,Small Business,Africa,Transfer,1.0,Rep_C,
3123,T3123,Samsung Galaxy S21,Electronics,Phones,4,1237.0,4948.0,3860.35,2023-07-24 20:48:00,"265 Street, Nairobi",Nairobi,Online,Consumer,Europe,Transfer,8.0,Rep_A,
3124,T3124,Dell XPS 13,Electronics,Laptops,4,1236.0,4944.0,4272.01,2023-02-22 08:53:00,"518 Street, Mumbai",Mumbai,Online,Corporate,Europe,Card,4.0,Rep_C,
3125,T3125,Dell XPS 13,Electronics,Laptops,4,808.0,3232.0,2602.41,2023-08-19 05:59:00,"680 Street, Jakarta",Jakarta,Online,Consumer,South America,Cash,9.0,Rep_C,
3126,T3126,MacBook Air,Electronics,Laptops,3,1027.0,3081.0,1623.85,2023-10-01 05:24:00,"709 Street, Mumbai",Mumbai,Online,Corporate,South America,Cash,1.0,Rep_B,
3127,T3127,MacBook Air,Electronics,Laptops,5,382.0,1910.0,1593.21,2023-08-09 05:08:00,"598 Street, Jakarta",Jakarta,Wholesale,Small Business,South America,Cash,7.0,Rep_D,
3128,T3128,MacBook Air,Electronics,Laptops,5,1484.0,7420.0,6611.6,2023-04-07 07:51:00,"503 Street, Mumbai",Mumbai,Online,Small Business,Africa,Card,1.0,Rep_A,
3129,T3129,Logitech Mouse,Electronics,Accessories,5,976.0,4880.0,2753.52,2023-05-01 12:31:00,"190 Street, Lagos",Lagos,In-Store,Consumer,Asia,Card,9.0,Rep_B,
3130,T3130,MacBook Air,Electronics,Laptops,5,915.0,4575.0,3605.62,2023-07-31 16:37:00,"586 Street, Cairo",Cairo,In-Store,Corporate,South America,Cash,8.0,Rep_C,
3131,T3131,Dell XPS 13,Electronics,Laptops,2,1588.0,3176.0,2353.21,2023-08-26 06:18:00,"404 Street, Mumbai",Mumbai,Online,Corporate,Asia,Transfer,8.0,Rep_B,
3132,T3132,iPhone 13,Electronics,Phones,4,58.0,232.0,176.18,2023-11-01 23:32:00,"528 Street, Nairobi",Nairobi,In-Store,Small Business,South America,Card,8.0,Rep_D,
3133,T3133,AirPods Pro,Electronics,Accessories,2,790.0,1580.0,963.72,2023-08-02 16:46:00,"725 Street, Mumbai",Mumbai,In-Store,Consumer,Asia,Card,,Rep_B,
3134,T3134,MacBook Air,Electronics,Laptops,3,1214.0,3642.0,1869.82,2023-11-26 06:08:00,"394 Street, Cairo",Cairo,Wholesale,Consumer,Europe,Cash,8.0,Rep_A,
3135,T3135,Dell XPS 13,Electronics,Laptops,4,1143.0,4572.0,2551.57,2023-08-22 04:18:00,"536 Street, Mumbai",Mumbai,Wholesale,Consumer,Africa,Cash,,Rep_C,
3136,T3136,Dell XPS 13,Electronics,Laptops,3,1140.0,3420.0,2716.13,2023-05-01 10:07:00,"797 Street, São Paulo",São Paulo,Wholesale,Corporate,South America,Card,8.0,Rep_B,
3137,T3137,MacBook Air,Electronics,Laptops,3,633.0,1899.0,1181.46,2023-09-18 04:16:00,"742 Street, Lagos",Lagos,Online,Small Business,South America,Transfer,4.0,Rep_C,
3138,T3138,Dell XPS 13,Electronics,Laptops,1,1846.0,1846.0,1221.77,2023-06-06 14:08:00,"187 Street, São Paulo",São Paulo,In-Store,Corporate,Asia,Card,7.0,Rep_D,
3139,T3139,iPhone 13,Electronics,Phones,3,1388.0,4164.0,2339.49,2023-11-05 07:55:00,"513 Street, Nairobi",Nairobi,Wholesale,Consumer,South America,Transfer,1.0,Rep_C,
3140,T3140,27in 4K Gaming Monitor,Electronics,Monitors,3,758.0,2274.0,1434.32,2023-08-24 06:14:00,"501 Street, Jakarta",Jakarta,Wholesale,Small Business,Europe,Transfer,3.0,Rep_A,
3141,T3141,27in 4K Gaming Monitor,Electronics,Monitors,1,55.0,55.0,31.29,2023-04-10 04:44:00,"227 Street, Bangkok",Bangkok,In-Store,Consumer,South America,Card,,Rep_A,
3142,T3142,Samsung Galaxy S21,Electronics,Phones,1,1196.0,1196.0,925.84,2023-04-12 17:00:00,"202 Street, São Paulo",São Paulo,In-Store,Consumer,Asia,Cash,,Rep_C,
3143,T3143,iPhone 13,Electronics,Phones,2,1146.0,2292.0,1773.3,2023-10-15 08:16:00,"912 Street, Cairo",Cairo,Online,Consumer,Europe,Cash,1.0,Rep_B,
3144,T3144,AirPods Pro,Electronics,Accessories,3,1895.0,5685.0,3309.18,2023-05-15 21:28:00,"542 Street, Bangkok",Bangkok,Online,Consumer,Africa,Transfer,6.0,Rep_D,
3146,T3146,27in 4K Gaming Monitor,Electronics,Monitors,5,662.0,3310.0,2091.54,2023-11-17 10:25:00,"627 Street, Lagos",Lagos,In-Store,Consumer,Asia,Cash,2.0,Rep_C,
3147,T3147,iPhone 13,Electronics,Phones,4,840.0,3360.0,2530.33,2023-03-12 14:29:00,"928 Street, Jakarta",Jakarta,Online,Small Business,Asia,Transfer,4.0,Rep_B,
3148,T3148,iPhone 13,Electronics,Phones,3,560.0,1680.0,883.44,2023-07-26 08:51:00,"270 Street, Nairobi",Nairobi,Wholesale,Small Business,Africa,Cash,2.0,Rep_C,
3149,T3149,Dell XPS 13,Electronics,Laptops,5,362.0,1810.0,1145.81,2023-06-29 01:15:00,"215 Street, Bangkok",Bangkok,Online,Corporate,Europe,Cash,4.0,Rep_D,
3150,T3150,iPhone 13,Electronics,Phones,5,1755.0,8775.0,7554.01,2023-01-30 09:43:00,"923 Street, Jakarta",Jakarta,In-Store,Corporate,South America,Transfer,9.0,Rep_B,
3151,T3151,27in 4K Gaming Monitor,Electronics,Monitors,5,1327.0,6635.0,4831.71,2023-11-03 07:55:00,"341 Street, Bangkok",Bangkok,In-Store,Consumer,Europe,Transfer,4.0,Rep_D,
3153,T3153,Dell XPS 13,Electronics,Laptops,2,1092.0,2184.0,1262.95,2023-05-23 07:43:00,"858 Street, Jakarta",Jakarta,In-Store,Corporate,South America,Cash,5.0,Rep_A,
3154,T3154,MacBook Air,Electronics,Laptops,3,1807.0,5421.0,4371.48,2023-08-24 23:44:00,"612 Street, Cairo",Cairo,Wholesale,Small Business,Africa,Cash,5.0,Rep_D,
3155,T3155,27in 4K Gaming Monitor,Electronics,Monitors,5,1418.0,7090.0,3685.82,2023-05-26 01:47:00,"517 Street, Cairo",Cairo,Wholesale,Small Business,South America,Transfer,6.0,Rep_A,
3157,T3157,AirPods Pro,Electronics,Accessories,4,1681.0,6724.0,5536.4,2023-02-23 17:05:00,"180 Street, Jakarta",Jakarta,In-Store,Consumer,Africa,Transfer,5.0,Rep_B,
3158,T3158,AirPods Pro,Electronics,Accessories,3,1066.0,3198.0,1841.49,2023-06-24 05:25:00,"745 Street, Mumbai",Mumbai,Online,Small Business,Africa,Transfer,2.0,Rep_A,
3159,T3159,27in 4K Gaming Monitor,Electronics,Monitors,5,1764.0,8820.0,5871.4,2023-01-19 19:21:00,"751 Street, Nairobi",Nairobi,Wholesale,Consumer,Africa,Card,4.0,Rep_A,
3160,T3160,iPhone 13,Electronics,Phones,1,610.0,610.0,348.84,2023-06-16 06:06:00,"783 Street, São Paulo",São Paulo,Wholesale,Small Business,Africa,Cash,4.0,Rep_B,
3161,T3161,AirPods Pro,Electronics,Accessories,5,1693.0,8465.0,6889.72,2023-11-05 05:26:00,"316 Street, Bangkok",Bangkok,Online,Consumer,Europe,Transfer,8.0,Rep_C,
3162,T3162,MacBook Air,Electronics,Laptops,2,1489.0,2978.0,2525.4,2023-05-15 16:29:00,"292 Street, Nairobi",Nairobi,Online,Small Business,Europe,Card,3.0,Rep_C,
3163,T3163,AirPods Pro,Electronics,Accessories,2,355.0,710.0,421.09,2023-08-18 08:24:00,"824 Street, Mumbai",Mumbai,Online,Consumer,South America,Transfer,4.0,Rep_B,
3164,T3164,MacBook Air,Electronics,Laptops,2,136.0,272.0,171.62,2023-07-22 03:22:00,"881 Street, Lagos",Lagos,In-Store,Corporate,Africa,Transfer,2.0,Rep_A,
3165,T3165,Dell XPS 13,Electronics,Laptops,3,1180.0,3540.0,2534.65,2023-12-09 22:01:00,"149 Street, Jakarta",Jakarta,Online,Corporate,Asia,Card,5.0,Rep_D,
3167,T3167,Dell XPS 13,Electronics,Laptops,3,1612.0,4836.0,3510.41,2023-09-19 05:39:00,"531 Street, Cairo",Cairo,Wholesale,Small Business,Asia,Card,7.0,Rep_B,
3168,T3168,MacBook Air,Electronics,Laptops,5,1751.0,8755.0,7637.82,2023-10-04 17:32:00,"730 Street, Nairobi",Nairobi,Online,Corporate,Asia,Card,2.0,Rep_B,
3169,T3169,27in 4K Gaming Monitor,Electronics,Monitors,4,636.0,2544.0,2222.17,2023-09-29 18:25:00,"159 Street, Bangkok",Bangkok,Online,Consumer,Asia,Transfer,9.0,Rep_A,
3170,T3170,27in 4K Gaming Monitor,Electronics,Monitors,4,165.0,660.0,338.38,2023-06-25 01:21:00,"511 Street, Mumbai",Mumbai,Online,Consumer,Europe,Card,5.0,Rep_C,
3171,T3171,MacBook Air,Electronics,Laptops,5,1035.0,5175.0,4186.12,2023-08-12 05:45:00,"794 Street, Mumbai",Mumbai,In-Store,Consumer,Asia,Cash,5.0,Rep_D,
3172,T3172,AirPods Pro,Electronics,Accessories,3,826.0,2478.0,2061.7,2023-07-03 04:56:00,"626 Street, Lagos",Lagos,Online,Small Business,Africa,Card,7.0,Rep_A,
3173,T3173,Dell XPS 13,Electronics,Laptops,1,1481.0,1481.0,1048.11,2023-08-20 08:41:00,"426 Street, Nairobi",Nairobi,Wholesale,Consumer,South America,Cash,1.0,Rep_A,
3174,T3174,27in 4K Gaming Monitor,Electronics,Monitors,1,790.0,790.0,702.08,2023-07-01 13:35:00,"231 Street, Bangkok",Bangkok,Wholesale,Small Business,Asia,Transfer,8.0,Rep_B,
3175,T3175,Logitech Mouse,Electronics,Accessories,4,302.0,1208.0,1078.33,2023-01-02 07:52:00,"478 Street, Cairo",Cairo,Online,Small Business,Europe,Transfer,9.0,Rep_C,
3176,T3176,MacBook Air,Electronics,Laptops,1,1793.0,1793.0,1594.84,2023-10-05 18:58:00,"405 Street, Nairobi",Nairobi,Online,Consumer,Asia,Cash,4.0,Rep_A,
3177,T3177,MacBook Air,Electronics,Laptops,2,1783.0,3566.0,2475.13,2023-04-12 12:55:00,"749 Street, Lagos",Lagos,Online,Small Business,Europe,Transfer,1.0,Rep_B,
3178,T3178,Dell XPS 13,Electronics,Laptops,5,1000.0,5000.0,4483.36,2023-09-13 05:46:00,"768 Street, Cairo",Cairo,Wholesale,Small Business,South America,Card,,Rep_C,
3179,T3179,Logitech Mouse,Electronics,Accessories,4,135.0,540.0,312.7,2023-02-26 13:11:00,"301 Street, Mumbai",Mumbai,Online,Consumer,Africa,Card,6.0,Rep_B,
3180,T3180,MacBook Air,Electronics,Laptops,3,1210.0,3630.0,3032.5,2023-02-14 19:56:00,"225 Street, Cairo",Cairo,Online,Small Business,Asia,Cash,1.0,Rep_D,
3181,T3181,AirPods Pro,Electronics,Accessories,5,1858.0,9290.0,5971.51,2023-05-18 01:13:00,"214 Street, São Paulo",São Paulo,Online,Consumer,Africa,Transfer,3.0,Rep_A,
3182,T3182,Logitech Mouse,Electronics,Accessories,5,1369.0,6845.0,5781.21,2023-06-03 08:26:00,"372 Street, Nairobi",Nairobi,Online,Corporate,Asia,Cash,7.0,Rep_B,
3184,T3184,AirPods Pro,Electronics,Accessories,1,1931.0,1931.0,1556.02,2023-03-09 06:51:00,"709 Street, Bangkok",Bangkok,In-Store,Small Business,South America,Cash,1.0,Rep_C,
3185,T3185,iPhone 13,Electronics,Phones,3,1570.0,4710.0,3514.34,2023-02-20 10:17:00,"789 Street, São Paulo",São Paulo,In-Store,Corporate,Asia,Cash,8.0,Rep_B,
3186,T3186,Logitech Mouse,Electronics,Accessories,5,1788.0,8940.0,7671.55,2023-07-22 16:00:00,"579 Street, Jakarta",Jakarta,In-Store,Small Business,Europe,Transfer,5.0,Rep_D,
3187,T3187,iPhone 13,Electronics,Phones,5,701.0,3505.0,1767.08,2023-03-14 06:15:00,"455 Street, Lagos",Lagos,Online,Corporate,South America,Transfer,8.0,Rep_C,
3188,T3188,Dell XPS 13,Electronics,Laptops,2,236.0,472.0,390.14,2023-02-03 04:39:00,"160 Street, Lagos",Lagos,Wholesale,Consumer,South America,Transfer,8.0,Rep_D,
3189,T3189,AirPods Pro,Electronics,Accessories,3,1362.0,4086.0,2646.84,2023-01-15 20:13:00,"594 Street, Cairo",Cairo,Wholesale,Small Business,Africa,Transfer,7.0,Rep_C,
3190,T3190,iPhone 13,Electronics,Phones,1,826.0,826.0,604.26,2023-08-09 14:19:00,"222 Street, Lagos",Lagos,In-Store,Corporate,Europe,Cash,6.0,Rep_C,
3191,T3191,27in 4K Gaming Monitor,Electronics,Monitors,1,247.0,247.0,222.13,2023-08-15 13:05:00,"215 Street, Lagos",Lagos,In-Store,Consumer,South America,Cash,9.0,Rep_A,
3192,T3192,Samsung Galaxy S21,Electronics,Phones,2,447.0,894.0,783.7,2023-04-09 05:22:00,"273 Street, Lagos",Lagos,Online,Small Business,Africa,Cash,6.0,Rep_A,
3193,T3193,Dell XPS 13,Electronics,Laptops,4,1214.0,4856.0,3927.48,2023-04-27 22:53:00,"743 Street, Nairobi",Nairobi,Wholesale,Corporate,South America,Transfer,,Rep_A,
3194,T3194,27in 4K Gaming Monitor,Electronics,Monitors,2,277.0,554.0,291.64,2023-03-12 03:41:00,"293 Street, Lagos",Lagos,Online,Corporate,Europe,Cash,9.0,Rep_C,
3195,T3195,AirPods Pro,Electronics,Accessories,5,1594.0,7970.0,3991.25,2023-04-21 11:37:00,"119 Street, Jakarta",Jakarta,Online,Small Business,Europe,Card,2.0,Rep_D,
3196,T3196,Dell XPS 13,Electronics,Laptops,2,993.0,1986.0,1643.84,2023-09-21 18:28:00,"902 Street, Mumbai",Mumbai,Online,Corporate,South America,Cash,,Rep_D,
3197,T3197,Logitech Mouse,Electronics,Accessories,3,685.0,2055.0,1093.19,2023-07-05 19:14:00,"378 Street, Mumbai",Mumbai,Online,Corporate,Europe,Card,2.0,Rep_D,
3198,T3198,27in 4K Gaming Monitor,Electronics,Monitors,4,555.0,2220.0,1334.44,2023-05-13 02:01:00,"744 Street, Lagos",Lagos,Online,Consumer,South America,Cash,1.0,Rep_A,
3199,T3199,MacBook Air,Electronics,Laptops,2,787.0,1574.0,1251.3,2023-01-02 16:58:00,"784 Street, Cairo",Cairo,Online,Small Business,Asia,Card,2.0,Rep_D,
3200,T3200,AirPods Pro,Electronics,Accessories,2,1346.0,2692.0,1905.16,2023-11-02 10:53:00,"580 Street, Bangkok",Bangkok,Online,Consumer,Europe,Card,6.0,Rep_C,
3201,T3201,Logitech Mouse,Electronics,Accessories,2,1124.0,2248.0,1539.5,2023-07-18 16:58:00,"143 Street, Bangkok",Bangkok,Online,Consumer,Europe,Transfer,1.0,Rep_D,
3202,T3202,27in 4K Gaming Monitor,Electronics,Monitors,3,1293.0,3879.0,3110.51,2023-04-18 11:07:00,"682 Street, Nairobi",Nairobi,Wholesale,Consumer,South America,Cash,4.0,Rep_C,
3203,T3203,Samsung Galaxy S21,Electronics,Phones,5,1235.0,6175.0,5222.33,2023-09-21 06:57:00,"260 Street, Jakarta",Jakarta,Online,Small Business,South America,Transfer,6.0,Rep_D,
3204,T3204,iPhone 13,Electronics,Phones,5,55.0,275.0,209.95,2023-09-15 05:39:00,"103 Street, Bangkok",Bangkok,Online,Small Business,Africa,Transfer,3.0,Rep_A,
3206,T3206,Logitech Mouse,Electronics,Accessories,1,1709.0,1709.0,1267.36,2023-01-18 11:49:00,"861 Street, São Paulo",São Paulo,In-Store,Consumer,Asia,Cash,8.0,Rep_A,
3207,T3207,iPhone 13,Electronics,Phones,5,680.0,3400.0,2784.31,2023-12-03 03:24:00,"253 Street, Jakarta",Jakarta,Online,Consumer,Africa,Transfer,,Rep_A,
3208,T3208,AirPods Pro,Electronics,Accessories,4,867.0,3468.0,2036.81,2023-02-25 06:13:00,"490 Street, Nairobi",Nairobi,In-Store,Small Business,Africa,Transfer,9.0,Rep_D,
3209,T3209,27in 4K Gaming Monitor,Electronics,Monitors,2,1524.0,3048.0,1909.05,2023-07-21 11:13:00,"316 Street, Lagos",Lagos,Online,Corporate,Africa,Transfer,6.0,Rep_A,
3210,T3210,Logitech Mouse,Electronics,Accessories,3,1248.0,3744.0,3119.94,2023-03-14 15:42:00,"785 Street, Mumbai",Mumbai,Online,Small Business,Africa,Transfer,3.0,Rep_B,
3211,T3211,AirPods Pro,Electronics,Accessories,1,1071.0,1071.0,913.01,2023-06-09 18:04:00,"831 Street, Jakarta",Jakarta,Online,Consumer,Asia,Card,1.0,Rep_D,
3212,T3212,Samsung Galaxy S21,Electronics,Phones,5,746.0,3730.0,2897.76,2023-12-04 15:59:00,"231 Street, Nairobi",Nairobi,Wholesale,Corporate,Africa,Transfer,8.0,Rep_C,
3213,T3213,Dell XPS 13,Electronics,Laptops,5,1233.0,6165.0,5397.42,2023-04-04 18:09:00,"994 Street, São Paulo",São Paulo,Wholesale,Consumer,Asia,Card,4.0,Rep_D,
3214,T3214,AirPods Pro,Electronics,Accessories,1,259.0,259.0,162.89,2023-12-26 22:42:00,"397 Street, Bangkok",Bangkok,Online,Small Business,South America,Card,9.0,Rep_D,
3215,T3215,Logitech Mouse,Electronics,Accessories,5,1905.0,9525.0,5534.0,2023-04-08 17:42:00,"330 Street, Cairo",Cairo,Wholesale,Corporate,South America,Transfer,3.0,Rep_A,
3216,T3216,Samsung Galaxy S21,Electronics,Phones,4,339.0,1356.0,990.19,2023-05-06 04:01:00,"438 Street, São Paulo",São Paulo,Online,Small Business,Asia,Transfer,6.0,Rep_A,
3217,T3217,AirPods Pro,Electronics,Accessories,4,195.0,780.0,617.71,2023-10-18 14:46:00,"771 Street, Lagos",Lagos,Online,Consumer,Asia,Card,3.0,Rep_C,
3218,T3218,MacBook Air,Electronics,Laptops,3,54.0,162.0,114.89,2023-10-01 03:35:00,"961 Street, Cairo",Cairo,Wholesale,Corporate,South America,Transfer,,Rep_C,
3219,T3219,MacBook Air,Electronics,Laptops,5,1710.0,8550.0,6373.92,2023-04-18 03:39:00,"677 Street, Jakarta",Jakarta,Wholesale,Corporate,South America,Card,4.0,Rep_A,
3220,T3220,Dell XPS 13,Electronics,Laptops,3,780.0,2340.0,2064.38,2023-12-20 07:38:00,"2 Street, Nairobi",Nairobi,Wholesale,Small Business,Africa,Cash,3.0,Rep_D,
3221,T3221,AirPods Pro,Electronics,Accessories,1,1649.0,1649.0,834.63,2023-10-09 23:05:00,"459 Street, Jakarta",Jakarta,In-Store,Corporate,Africa,Transfer,7.0,Rep_D,
3222,T3222,Samsung Galaxy S21,Electronics,Phones,3,775.0,2325.0,1807.44,2023-10-03 08:26:00,"737 Street, Jakarta",Jakarta,Online,Consumer,Europe,Transfer,,Rep_B,
3223,T3223,Dell XPS 13,Electronics,Laptops,4,1154.0,4616.0,3769.41,2023-08-23 12:28:00,"60 Street, Cairo",Cairo,Online,Consumer,Asia,Cash,4.0,Rep_D,
3224,T3224,27in 4K Gaming Monitor,Electronics,Monitors,1,1219.0,1219.0,963.3,2023-02-20 08:36:00,"707 Street, São Paulo",São Paulo,Wholesale,Corporate,Asia,Card,,Rep_C,
3225,T3225,Logitech Mouse,Electronics,Accessories,2,982.0,1964.0,1250.73,2023-01-02 20:24:00,"236 Street, Cairo",Cairo,In-Store,Consumer,Europe,Transfer,5.0,Rep_D,
3226,T3226,Samsung Galaxy S21,Electronics,Phones,5,1129.0,5645.0,3374.9,2023-04-13 22:48:00,"813 Street, Bangkok",Bangkok,Wholesale,Corporate,South America,Transfer,9.0,Rep_A,
3227,T3227,27in 4K Gaming Monitor,Electronics,Monitors,3,1105.0,3315.0,2450.05,2023-02-27 12:34:00,"766 Street, Bangkok",Bangkok,Online,Small Business,Europe,Card,7.0,Rep_C,
3228,T3228,Logitech Mouse,Electronics,Accessories,4,1968.0,7872.0,4270.93,2023-01-04 02:58:00,"100 Street, São Paulo",São Paulo,Wholesale,Small Business,Asia,Card,7.0,Rep_D,
3229,T3229,Logitech Mouse,Electronics,Accessories,1,1251.0,1251.0,1003.57,2023-02-11 17:21:00,"459 Street, São Paulo",São Paulo,Online,Small Business,South America,Card,1.0,Rep_A,
3230,T3230,27in 4K Gaming Monitor,Electronics,Monitors,3,313.0,939.0,714.9,2023-06-17 18:53:00,"280 Street, Mumbai",Mumbai,In-Store,Consumer,Europe,Transfer,4.0,Rep_C,
3232,T3232,MacBook Air,Electronics,Laptops,5,1139.0,5695.0,4158.42,2023-12-02 21:52:00,"25 Street, Mumbai",Mumbai,Online,Small Business,Africa,Cash,1.0,Rep_D,
3233,T3233,27in 4K Gaming Monitor,Electronics,Monitors,1,672.0,672.0,424.31,2023-07-17 09:30:00,"857 Street, Lagos",Lagos,Wholesale,Small Business,Asia,Card,9.0,Rep_C,
3234,T3234,iPhone 13,Electronics,Phones,5,1482.0,7410.0,4925.06,2023-10-04 14:02:00,"922 Street, Bangkok",Bangkok,Online,Consumer,South America,Cash,1.0,Rep_D,
3235,T3235,27in 4K Gaming Monitor,Electronics,Monitors,2,980.0,1960.0,1399.24,2023-01-11 23:42:00,"566 Street, Cairo",Cairo,Online,Consumer,Asia,Transfer,2.0,Rep_D,
3236,T3236,Logitech Mouse,Electronics,Accessories,2,1642.0,3284.0,2955.35,2023-11-05 19:05:00,"347 Street, Cairo",Cairo,In-Store,Small Business,Europe,Cash,7.0,Rep_D,
3237,T3237,27in 4K Gaming Monitor,Electronics,Monitors,4,1451.0,5804.0,3645.57,2023-12-06 12:46:00,"188 Street, Mumbai",Mumbai,Wholesale,Small Business,Europe,Card,6.0,Rep_D,
3238,T3238,27in 4K Gaming Monitor,Electronics,Monitors,4,498.0,1992.0,1362.36,2023-12-04 22:23:00,"47 Street, Jakarta",Jakarta,In-Store,Corporate,Asia,Cash,3.0,Rep_C,
3240,T3240,AirPods Pro,Electronics,Accessories,5,1389.0,6945.0,3694.31,2023-11-10 01:13:00,"376 Street, Mumbai",Mumbai,Wholesale,Small Business,South America,Cash,8.0,Rep_A,
3241,T3241,Dell XPS 13,Electronics,Laptops,4,830.0,3320.0,1919.24,2023-10-02 02:40:00,"922 Street, Nairobi",Nairobi,In-Store,Corporate,South America,Cash,9.0,Rep_A,
3242,T3242,27in 4K Gaming Monitor,Electronics,Monitors,2,1152.0,2304.0,1900.86,2023-10-25 15:49:00,"676 Street, Mumbai",Mumbai,Online,Corporate,South America,Card,4.0,Rep_B,
3243,T3243,Logitech Mouse,Electronics,Accessories,4,1275.0,5100.0,4035.67,2023-02-24 18:43:00,"44 Street, Mumbai",Mumbai,In-Store,Consumer,Europe,Card,3.0,Rep_A,
3244,T3244,Samsung Galaxy S21,Electronics,Phones,1,288.0,288.0,231.93,2023-01-09 00:04:00,"54 Street, Bangkok",Bangkok,Online,Small Business,South America,Cash,8.0,Rep_A,
3245,T3245,Dell XPS 13,Electronics,Laptops,4,1063.0,4252.0,3157.01,2023-07-16 13:24:00,"469 Street, Lagos",Lagos,In-Store,Corporate,Asia,Transfer,6.0,Rep_B,
3246,T3246,27in 4K Gaming Monitor,Electronics,Monitors,4,1001.0,4004.0,3307.11,2023-10-24 19:06:00,"95 Street, Cairo",Cairo,Online,Small Business,South America,Transfer,9.0,Rep_C,
3247,T3247,Logitech Mouse,Electronics,Accessories,2,779.0,1558.0,1156.65,2023-08-22 16:47:00,"644 Street, Cairo",Cairo,Online,Corporate,Europe,Card,5.0,Rep_A,
3248,T3248,Dell XPS 13,Electronics,Laptops,5,1660.0,8300.0,7031.74,2023-12-08 03:36:00,"595 Street, Nairobi",Nairobi,Wholesale,Corporate,South America,Card,8.0,Rep_B,
3249,T3249,Samsung Galaxy S21,Electronics,Phones,2,1805.0,3610.0,2422.52,2023-12-10 15:27:00,"489 Street, São Paulo",São Paulo,In-Store,Small Business,Asia,Transfer,1.0,Rep_B,
3250,T3250,MacBook Air,Electronics,Laptops,2,1464.0,2928.0,1891.31,2023-08-01 16:44:00,"763 Street, Bangkok",Bangkok,Wholesale,Corporate,South America,Cash,7.0,Rep_D,
3251,T3251,MacBook Air,Electronics,Laptops,2,270.0,540.0,413.7,2023-04-01 01:22:00,"806 Street, São Paulo",São Paulo,Online,Corporate,South America,Transfer,4.0,Rep_D,
3252,T3252,AirPods Pro,Electronics,Accessories,5,936.0,4680.0,3433.57,2023-08-26 13:51:00,"712 Street, Mumbai",Mumbai,Wholesale,Consumer,Asia,Card,9.0,Rep_D,
3253,T3253,Dell XPS 13,Electronics,Laptops,3,861.0,2583.0,1883.28,2023-08-14 07:59:00,"990 Street, Cairo",Cairo,Wholesale,Small Business,Africa,Cash,1.0,Rep_A,
3254,T3254,Samsung Galaxy S21,Electronics,Phones,2,80.0,160.0,115.04,2023-10-09 11:39:00,"841 Street, São Paulo",São Paulo,Wholesale,Consumer,Europe,Card,7.0,Rep_D,
3255,T3255,iPhone 13,Electronics,Phones,5,258.0,1290.0,963.75,2023-07-29 22:17:00,"748 Street, Mumbai",Mumbai,Online,Small Business,Asia,Cash,5.0,Rep_B,
3256,T3256,iPhone 13,Electronics,Phones,1,338.0,338.0,277.48,2023-01-28 13:18:00,"657 Street, Bangkok",Bangkok,In-Store,Small Business,Africa,Cash,2.0,Rep_A,
3257,T3257,MacBook Air,Electronics,Laptops,3,841.0,2523.0,2039.1,2023-05-01 12:33:00,"545 Street, Lagos",Lagos,Wholesale,Consumer,Asia,Transfer,8.0,Rep_C,
3258,T3258,Dell XPS 13,Electronics,Laptops,2,63.0,126.0,106.56,2023-09-18 20:45:00,"523 Street, Bangkok",Bangkok,In-Store,Corporate,Asia,Card,8.0,Rep_B,
3259,T3259,27in 4K Gaming Monitor,Electronics,Monitors,4,1920.0,7680.0,6633.49,2023-06-09 03:20:00,"450 Street, São Paulo",São Paulo,In-Store,Small Business,Asia,Transfer,9.0,Rep_C,
3260,T3260,27in 4K Gaming Monitor,Electronics,Monitors,3,457.0,1371.0,857.23,2023-02-10 11:26:00,"898 Street, Bangkok",Bangkok,Wholesale,Small Business,Asia,Transfer,1.0,Rep_C,
3261,T3261,Samsung Galaxy S21,Electronics,Phones,1,848.0,848.0,757.41,2023-10-11 19:49:00,"855 Street, Lagos",Lagos,Online,Corporate,Europe,Card,2.0,Rep_A,
3262,T3262,Dell XPS 13,Electronics,Laptops,2,1250.0,2500.0,1700.28,2023-06-05 05:38:00,"884 Street, São Paulo",São Paulo,Wholesale,Consumer,Asia,Transfer,1.0,Rep_D,
3264,T3264,iPhone 13,Electronics,Phones,5,1301.0,6505.0,4521.26,2023-08-04 10:03:00,"125 Street, Mumbai",Mumbai,In-Store,Consumer,Asia,Card,9.0,Rep_A,
3265,T3265,Logitech Mouse,Electronics,Accessories,1,1767.0,1767.0,1383.55,2023-08-18 13:39:00,"319 Street, Jakarta",Jakarta,Online,Small Business,Asia,Transfer,4.0,Rep_D,
3266,T3266,Samsung Galaxy S21,Electronics,Phones,4,268.0,1072.0,833.2,2023-02-26 12:55:00,"38 Street, Nairobi",Nairobi,Online,Consumer,Europe,Card,5.0,Rep_A,
3267,T3267,MacBook Air,Electronics,Laptops,3,403.0,1209.0,805.7,2023-04-08 20:32:00,"849 Street, Cairo",Cairo,Wholesale,Small Business,Asia,Card,1.0,Rep_C,
3268,T3268,Dell XPS 13,Electronics,Laptops,3,1931.0,5793.0,3637.4,2023-05-01 13:43:00,"569 Street, Lagos",Lagos,Online,Small Business,Africa,Transfer,4.0,Rep_C,
3269,T3269,Dell XPS 13,Electronics,Laptops,1,1414.0,1414.0,1271.92,2023-06-07 17:19:00,"92 Street, Lagos",Lagos,In-Store,Corporate,South America,Cash,7.0,Rep_A,
3270,T3270,Samsung Galaxy S21,Electronics,Phones,2,1981.0,3962.0,2176.55,2023-07-03 16:23:00,"810 Street, São Paulo",São Paulo,In-Store,Corporate,South America,Card,2.0,Rep_A,
3271,T3271,AirPods Pro,Electronics,Accessories,4,1124.0,4496.0,2691.88,2023-05-16 01:53:00,"91 Street, Mumbai",Mumbai,In-Store,Corporate,Asia,Card,7.0,Rep_B,
3272,T3272,Logitech Mouse,Electronics,Accessories,5,864.0,4320.0,2284.25,2023-05-13 11:41:00,"959 Street, Cairo",Cairo,Online,Consumer,Africa,Card,6.0,Rep_D,
3273,T3273,Dell XPS 13,Electronics,Laptops,4,1993.0,7972.0,4301.21,2023-07-10 06:08:00,"855 Street, Jakarta",Jakarta,Wholesale,Corporate,South America,Transfer,6.0,Rep_B,
3274,T3274,Samsung Galaxy S21,Electronics,Phones,4,105.0,420.0,344.75,2023-09-17 18:14:00,"538 Street, Jakarta",Jakarta,Online,Corporate,Asia,Transfer,7.0,Rep_D,
3275,T3275,iPhone 13,Electronics,Phones,3,1130.0,3390.0,2845.87,2023-02-04 13:32:00,"266 Street, São Paulo",São Paulo,Online,Consumer,South America,Cash,2.0,Rep_C,
3276,T3276,Samsung Galaxy S21,Electronics,Phones,1,1273.0,1273.0,912.26,2023-02-08 10:22:00,"367 Street, Bangkok",Bangkok,Online,Consumer,Europe,Cash,,Rep_A,
3278,T3278,AirPods Pro,Electronics,Accessories,3,407.0,1221.0,934.06,2023-11-03 17:31:00,"181 Street, Nairobi",Nairobi,Wholesale,Corporate,Africa,Transfer,7.0,Rep_C,
3279,T3279,Logitech Mouse,Electronics,Accessories,4,219.0,876.0,640.57,2023-04-21 13:57:00,"93 Street, Bangkok",Bangkok,Online,Consumer,Africa,Card,2.0,Rep_B,
3280,T3280,MacBook Air,Electronics,Laptops,2,1867.0,3734.0,2199.55,2023-04-07 22:10:00,"364 Street, Jakarta",Jakarta,Wholesale,Consumer,Europe,Cash,7.0,Rep_D,
3281,T3281,Dell XPS 13,Electronics,Laptops,2,1460.0,2920.0,2239.99,2023-05-14 07:51:00,"529 Street, Bangkok",Bangkok,Wholesale,Small Business,Africa,Card,7.0,Rep_D,
3282,T3282,Logitech Mouse,Electronics,Accessories,2,1583.0,3166.0,1958.15,2023-02-24 08:16:00,"142 Street, Nairobi",Nairobi,In-Store,Consumer,Africa,Cash,7.0,Rep_A,
3283,T3283,Samsung Galaxy S21,Electronics,Phones,2,865.0,1730.0,1545.23,2023-05-14 05:38:00,"572 Street, Cairo",Cairo,Wholesale,Small Business,South America,Card,8.0,Rep_B,
3284,T3284,iPhone 13,Electronics,Phones,4,1286.0,5144.0,3373.77,2023-07-14 03:56:00,"300 Street, Cairo",Cairo,In-Store,Corporate,Europe,Cash,3.0,Rep_C,
3285,T3285,MacBook Air,Electronics,Laptops,3,1918.0,5754.0,4618.86,2023-04-22 01:45:00,"754 Street, Mumbai",Mumbai,In-Store,Consumer,Europe,Transfer,2.0,Rep_A,
3286,T3286,Logitech Mouse,Electronics,Accessories,2,1359.0,2718.0,2117.0,2023-01-08 19:13:00,"827 Street, São Paulo",São Paulo,In-Store,Small Business,South America,Cash,9.0,Rep_B,
3287,T3287,Samsung Galaxy S21,Electronics,Phones,2,1944.0,3888.0,3244.56,2023-07-09 01:37:00,"943 Street, Cairo",Cairo,In-Store,Small Business,Europe,Transfer,8.0,Rep_D,
3288,T3288,MacBook Air,Electronics,Laptops,5,1777.0,8885.0,5767.11,2023-07-10 18:16:00,"429 Street, Jakarta",Jakarta,Wholesale,Consumer,Asia,Cash,2.0,Rep_A,
3289,T3289,MacBook Air,Electronics,Laptops,1,1549.0,1549.0,1219.93,2023-03-02 22:32:00,"694 Street, Nairobi",Nairobi,Wholesale,Small Business,Europe,Transfer,9.0,Rep_A,
3291,T3291,AirPods Pro,Electronics,Accessories,4,564.0,2256.0,1597.77,2023-04-25 05:10:00,"494 Street, Nairobi",Nairobi,In-Store,Small Business,South America,Card,,Rep_B,
3292,T3292,27in 4K Gaming Monitor,Electronics,Monitors,2,880.0,1760.0,1403.08,2023-05-09 02:13:00,"759 Street, São Paulo",São Paulo,Wholesale,Consumer,Europe,Card,6.0,Rep_C,
3294,T3294,27in 4K Gaming Monitor,Electronics,Monitors,3,655.0,1965.0,1374.21,2023-10-22 03:39:00,"766 Street, Cairo",Cairo,Online,Corporate,South America,Cash,8.0,Rep_A,
3296,T3296,iPhone 13,Electronics,Phones,1,1646.0,1646.0,1343.9,2023-04-02 13:03:00,"525 Street, Cairo",Cairo,Online,Corporate,Europe,Transfer,1.0,Rep_B,
3297,T3297,27in 4K Gaming Monitor,Electronics,Monitors,2,933.0,1866.0,1121.95,2023-03-03 19:22:00,"858 Street, Mumbai",Mumbai,Online,Small Business,South America,Cash,,Rep_B,
3298,T3298,Samsung Galaxy S21,Electronics,Phones,1,812.0,812.0,422.86,2023-01-28 11:57:00,"339 Street, Mumbai",Mumbai,In-Store,Consumer,Asia,Transfer,1.0,Rep_B,
3299,T3299,MacBook Air,Electronics,Laptops,3,337.0,1011.0,757.72,2023-08-18 03:00:00,"538 Street, Jakarta",Jakarta,Wholesale,Corporate,Africa,Cash,4.0,Rep_D,
3300,T3300,MacBook Air,Electronics,Laptops,5,1658.0,8290.0,6984.19,2023-11-16 17:51:00,"77 Street, Jakarta",Jakarta,Online,Consumer,Europe,Transfer,6.0,Rep_B,
3301,T3301,27in 4K Gaming Monitor,Electronics,Monitors,5,202.0,1010.0,604.14,2023-03-20 18:53:00,"839 Street, Nairobi",Nairobi,Wholesale,Corporate,Europe,Cash,4.0,Rep_B,
3302,T3302,AirPods Pro,Electronics,Accessories,3,649.0,1947.0,1719.0,2023-03-21 19:28:00,"700 Street, Mumbai",Mumbai,Online,Consumer,Africa,Cash,9.0,Rep_D,
3304,T3304,MacBook Air,Electronics,Laptops,4,205.0,820.0,508.27,2023-08-31 14:43:00,"258 Street, Mumbai",Mumbai,Online,Small Business,Europe,Cash,,Rep_C,
3305,T3305,27in 4K Gaming Monitor,Electronics,Monitors,4,1392.0,5568.0,4540.11,2023-07-04 04:06:00,"690 Street, Mumbai",Mumbai,Online,Corporate,Europe,Card,6.0,Rep_C,
3307,T3307,AirPods Pro,Electronics,Accessories,1,1638.0,1638.0,1140.48,2023-07-05 03:36:00,"9 Street, Nairobi",Nairobi,In-Store,Consumer,Asia,Cash,6.0,Rep_C,
3308,T3308,27in 4K Gaming Monitor,Electronics,Monitors,2,1736.0,3472.0,3003.84,2023-01-03 10:34:00,"190 Street, Bangkok",Bangkok,Wholesale,Small Business,South America,Card,4.0,Rep_D,
3309,T3309,Samsung Galaxy S21,Electronics,Phones,4,706.0,2824.0,1467.35,2023-05-16 06:36:00,"579 Street, Nairobi",Nairobi,Wholesale,Small Business,South America,Card,5.0,Rep_A,
3310,T3310,Dell XPS 13,Electronics,Laptops,2,1008.0,2016.0,1749.3,2023-04-02 03:51:00,"442 Street, Nairobi",Nairobi,Wholesale,Small Business,Africa,Card,3.0,Rep_A,
3311,T3311,27in 4K Gaming Monitor,Electronics,Monitors,5,1341.0,6705.0,5496.36,2023-05-01 05:41:00,"694 Street, Cairo",Cairo,Wholesale,Small Business,Europe,Transfer,6.0,Rep_C,
3312,T3312,Samsung Galaxy S21,Electronics,Phones,1,637.0,637.0,321.87,2023-01-10 23:19:00,"938 Street, Jakarta",Jakarta,In-Store,Small Business,Asia,Cash,4.0,Rep_B,
3313,T3313,iPhone 13,Electronics,Phones,5,971.0,4855.0,2711.08,2023-08-11 20:06:00,"470 Street, São Paulo",São Paulo,Online,Small Business,Africa,Card,4.0,Rep_C,
3314,T3314,Logitech Mouse,Electronics,Accessories,3,1983.0,5949.0,5104.83,2023-04-03 02:12:00,"207 Street, Nairobi",Nairobi,In-Store,Small Business,Africa,Transfer,4.0,Rep_A,
3315,T3315,MacBook Air,Electronics,Laptops,5,640.0,3200.0,2258.85,2023-11-28 07:43:00,"534 Street, Lagos",Lagos,In-Store,Corporate,Asia,Card,2.0,Rep_B,
3316,T3316,27in 4K Gaming Monitor,Electronics,Monitors,5,650.0,3250.0,1921.49,2023-08-26 01:20:00,"8 Street, Jakarta",Jakarta,Wholesale,Small Business,Asia,Transfer,2.0,Rep_B,
3317,T3317,Samsung Galaxy S21,Electronics,Phones,5,1243.0,6215.0,4775.87,2023-07-25 12:20:00,"650 Street, Jakarta",Jakarta,Wholesale,Consumer,Africa,Card,8.0,Rep_C,
3318,T3318,iPhone 13,Electronics,Phones,3,1956.0,5868.0,3014.57,2023-10-06 05:33:00,"888 Street, Mumbai",Mumbai,Wholesale,Consumer,South America,Card,1.0,Rep_B,
3319,T3319,Samsung Galaxy S21,Electronics,Phones,1,357.0,357.0,233.23,2023-07-03 22:48:00,"324 Street, Jakarta",Jakarta,Wholesale,Consumer,Asia,Cash,3.0,Rep_C,
3320,T3320,AirPods Pro,Electronics,Accessories,1,451.0,451.0,403.35,2023-12-31 12:29:00,"437 Street, Mumbai",Mumbai,Wholesale,Small Business,Asia,Transfer,6.0,Rep_D,
3321,T3321,Samsung Galaxy S21,Electronics,Phones,3,1597.0,4791.0,4307.37,2023-09-07 19:17:00,"265 Street, Jakarta",Jakarta,Online,Corporate,Asia,Card,1.0,Rep_C,
3322,T3322,Samsung Galaxy S21,Electronics,Phones,5,738.0,3690.0,1897.95,2023-03-04 06:21:00,"146 Street, Mumbai",Mumbai,Wholesale,Consumer,Africa,Card,6.0,Rep_B,
3323,T3323,AirPods Pro,Electronics,Accessories,1,693.0,693.0,458.94,2023-10-03 16:34:00,"18 Street, Cairo",Cairo,Online,Consumer,South America,Cash,1.0,Rep_B,
3324,T3324,27in 4K Gaming Monitor,Electronics,Monitors,1,1654.0,1654.0,936.98,2023-10-18 22:05:00,"203 Street, São Paulo",São Paulo,Wholesale,Corporate,Europe,Transfer,3.0,Rep_B,
3325,T3325,iPhone 13,Electronics,Phones,5,1392.0,6960.0,4603.36,2023-12-11 03:16:00,"677 Street, Bangkok",Bangkok,Wholesale,Corporate,South America,Card,1.0,Rep_A,
3326,T3326,Dell XPS 13,Electronics,Laptops,2,810.0,1620.0,964.61,2023-01-20 22:46:00,"68 Street, Nairobi",Nairobi,Online,Corporate,Asia,Card,9.0,Rep_D,
3327,T3327,27in 4K Gaming Monitor,Electronics,Monitors,1,1838.0,1838.0,1601.03,2023-04-11 20:30:00,"256 Street, Bangkok",Bangkok,Online,Corporate,Africa,Cash,4.0,Rep_A,
3328,T3328,Logitech Mouse,Electronics,Accessories,5,588.0,2940.0,2018.52,2023-10-28 17:31:00,"937 Street, Jakarta",Jakarta,Online,Consumer,South America,Card,6.0,Rep_A,
3329,T3329,Samsung Galaxy S21,Electronics,Phones,1,447.0,447.0,352.5,2023-07-30 19:39:00,"626 Street, São Paulo",São Paulo,Online,Small Business,Europe,Transfer,9.0,Rep_A,
3330,T3330,27in 4K Gaming Monitor,Electronics,Monitors,2,1318.0,2636.0,2360.64,2023-05-23 20:14:00,"889 Street, Jakarta",Jakarta,In-Store,Small Business,Asia,Cash,1.0,Rep_B,
3331,T3331,MacBook Air,Electronics,Laptops,5,1361.0,6805.0,3449.77,2023-06-20 12:51:00,"958 Street, São Paulo",São Paulo,In-Store,Consumer,South America,Transfer,3.0,Rep_B,
3332,T3332,27in 4K Gaming Monitor,Electronics,Monitors,1,1434.0,1434.0,877.3,2023-04-16 19:04:00,"725 Street, São Paulo",São Paulo,In-Store,Small Business,Africa,Transfer,,Rep_C,
3333,T3333,MacBook Air,Electronics,Laptops,1,1576.0,1576.0,845.6,2023-06-05 05:41:00,"170 Street, Cairo",Cairo,Wholesale,Consumer,Africa,Transfer,1.0,Rep_A,
3334,T3334,iPhone 13,Electronics,Phones,5,720.0,3600.0,2176.43,2023-09-23 05:08:00,"357 Street, Nairobi",Nairobi,Online,Consumer,Europe,Card,2.0,Rep_C,
3335,T3335,Logitech Mouse,Electronics,Accessories,3,1014.0,3042.0,1526.29,2023-08-21 09:39:00,"379 Street, Lagos",Lagos,Online,Consumer,Europe,Cash,,Rep_C,
3336,T3336,iPhone 13,Electronics,Phones,3,901.0,2703.0,2394.14,2023-08-10 19:54:00,"233 Street, Mumbai",Mumbai,Online,Corporate,Africa,Cash,3.0,Rep_C,
3337,T3337,AirPods Pro,Electronics,Accessories,3,629.0,1887.0,1070.22,2023-04-29 15:54:00,"684 Street, Mumbai",Mumbai,Online,Small Business,Asia,Cash,6.0,Rep_C,
3338,T3338,iPhone 13,Electronics,Phones,4,1457.0,5828.0,3527.42,2023-05-12 15:13:00,"814 Street, Cairo",Cairo,Online,Corporate,South America,Cash,,Rep_C,
3339,T3339,MacBook Air,Electronics,Laptops,4,852.0,3408.0,1745.73,2023-06-13 18:01:00,"98 Street, Cairo",Cairo,Wholesale,Consumer,South America,Card,1.0,Rep_B,
3340,T3340,iPhone 13,Electronics,Phones,1,278.0,278.0,139.68,2023-06-09 19:52:00,"772 Street, Cairo",Cairo,Wholesale,Consumer,Asia,Cash,1.0,Rep_A,
3341,T3341,AirPods Pro,Electronics,Accessories,1,1045.0,1045.0,709.45,2023-10-20 13:05:00,"664 Street, Bangkok",Bangkok,Wholesale,Consumer,Asia,Cash,4.0,Rep_C,
3342,T3342,27in 4K Gaming Monitor,Electronics,Monitors,1,1708.0,1708.0,1045.04,2023-04-29 15:12:00,"473 Street, Nairobi",Nairobi,Online,Consumer,South America,Card,8.0,Rep_A,
3343,T3343,iPhone 13,Electronics,Phones,4,1362.0,5448.0,2992.7,2023-04-11 19:58:00,"262 Street, Bangkok",Bangkok,Wholesale,Small Business,Europe,Card,1.0,Rep_D,
3344,T3344,Dell XPS 13,Electronics,Laptops,5,1138.0,5690.0,3905.75,2023-05-16 17:51:00,"584 Street, Jakarta",Jakarta,Online,Small Business,Asia,Transfer,8.0,Rep_C,
3345,T3345,Samsung Galaxy S21,Electronics,Phones,5,372.0,1860.0,1005.75,2023-09-08 01:35:00,"644 Street, Jakarta",Jakarta,In-Store,Consumer,South America,Cash,7.0,Rep_A,
3346,T3346,iPhone 13,Electronics,Phones,2,162.0,324.0,251.25,2023-12-12 06:12:00,"267 Street, Bangkok",Bangkok,In-Store,Corporate,Africa,Card,3.0,Rep_B,
3347,T3347,Dell XPS 13,Electronics,Laptops,1,603.0,603.0,443.86,2023-07-19 05:56:00,"328 Street, Nairobi",Nairobi,In-Store,Small Business,South America,Cash,7.0,Rep_A,
3348,T3348,MacBook Air,Electronics,Laptops,1,1152.0,1152.0,588.28,2023-02-26 19:07:00,"612 Street, Jakarta",Jakarta,In-Store,Small Business,Asia,Cash,3.0,Rep_B,
3349,T3349,Logitech Mouse,Electronics,Accessories,2,1402.0,2804.0,1680.34,2023-06-25 01:28:00,"694 Street, Bangkok",Bangkok,Wholesale,Small Business,Africa,Cash,3.0,Rep_D,
3350,T3350,Dell XPS 13,Electronics,Laptops,5,1189.0,5945.0,3905.94,2023-01-10 03:59:00,"102 Street, Mumbai",Mumbai,Online,Consumer,Africa,Card,5.0,Rep_D,
3351,T3351,Samsung Galaxy S21,Electronics,Phones,3,485.0,1455.0,969.52,2023-02-15 04:44:00,"570 Street, Bangkok",Bangkok,Wholesale,Consumer,South America,Transfer,3.0,Rep_A,
3352,T3352,MacBook Air,Electronics,Laptops,4,1342.0,5368.0,4301.55,2023-05-27 19:53:00,"527 Street, Nairobi",Nairobi,In-Store,Consumer,Africa,Cash,9.0,Rep_C,
3353,T3353,Logitech Mouse,Electronics,Accessories,4,52.0,208.0,106.77,2023-04-03 22:29:00,"51 Street, Jakarta",Jakarta,Online,Small Business,Asia,Cash,8.0,Rep_B,
3354,T3354,AirPods Pro,Electronics,Accessories,1,1445.0,1445.0,1077.75,2023-08-21 11:18:00,"572 Street, Nairobi",Nairobi,Wholesale,Corporate,Asia,Card,3.0,Rep_C,
3355,T3355,Samsung Galaxy S21,Electronics,Phones,1,858.0,858.0,596.32,2023-05-07 02:11:00,"48 Street, Mumbai",Mumbai,Wholesale,Consumer,Africa,Cash,9.0,Rep_C,
3356,T3356,AirPods Pro,Electronics,Accessories,5,587.0,2935.0,2068.44,2023-08-06 16:08:00,"144 Street, Bangkok",Bangkok,Online,Small Business,Africa,Card,1.0,Rep_C,
3357,T3357,Samsung Galaxy S21,Electronics,Phones,1,853.0,853.0,607.86,2023-07-20 21:40:00,"212 Street, Lagos",Lagos,Wholesale,Small Business,South America,Cash,1.0,Rep_B,
3358,T3358,AirPods Pro,Electronics,Accessories,2,1685.0,3370.0,2482.95,2023-04-22 23:55:00,"948 Street, Jakarta",Jakarta,Online,Consumer,Asia,Cash,5.0,Rep_A,
3359,T3359,27in 4K Gaming Monitor,Electronics,Monitors,2,1496.0,2992.0,2596.15,2023-11-13 05:37:00,"706 Street, Nairobi",Nairobi,Online,Corporate,Africa,Transfer,7.0,Rep_A,
3362,T3362,iPhone 13,Electronics,Phones,5,1508.0,7540.0,6214.05,2023-12-25 21:26:00,"975 Street, Jakarta",Jakarta,Wholesale,Corporate,Africa,Card,3.0,Rep_C,
3363,T3363,iPhone 13,Electronics,Phones,4,290.0,1160.0,670.08,2023-05-28 14:08:00,"749 Street, Jakarta",Jakarta,Wholesale,Consumer,South America,Card,3.0,Rep_B,
3364,T3364,MacBook Air,Electronics,Laptops,1,277.0,277.0,225.76,2023-10-14 16:34:00,"858 Street, Nairobi",Nairobi,Wholesale,Corporate,Africa,Card,9.0,Rep_B,
3365,T3365,Dell XPS 13,Electronics,Laptops,4,833.0,3332.0,2108.73,2023-05-15 02:19:00,"751 Street, Nairobi",Nairobi,Wholesale,Corporate,Asia,Cash,3.0,Rep_C,
3366,T3366,Dell XPS 13,Electronics,Laptops,1,1331.0,1331.0,1028.99,2023-09-08 09:10:00,"372 Street, Lagos",Lagos,In-Store,Small Business,Africa,Cash,4.0,Rep_C,
3367,T3367,AirPods Pro,Electronics,Accessories,2,1502.0,3004.0,2237.33,2023-03-05 07:29:00,"469 Street, Lagos",Lagos,In-Store,Consumer,Europe,Card,3.0,Rep_A,
3368,T3368,iPhone 13,Electronics,Phones,3,702.0,2106.0,1373.48,2023-10-28 23:41:00,"467 Street, Mumbai",Mumbai,In-Store,Small Business,South America,Card,5.0,Rep_A,
3369,T3369,iPhone 13,Electronics,Phones,4,1418.0,5672.0,3040.93,2023-07-10 21:46:00,"235 Street, Jakarta",Jakarta,In-Store,Corporate,Europe,Cash,4.0,Rep_D,
3370,T3370,Samsung Galaxy S21,Electronics,Phones,3,1167.0,3501.0,2049.28,2023-10-14 01:27:00,"417 Street, Mumbai",Mumbai,Wholesale,Consumer,South America,Card,9.0,Rep_B,
3371,T3371,27in 4K Gaming Monitor,Electronics,Monitors,3,1272.0,3816.0,2938.33,2023-05-18 05:16:00,"243 Street, Cairo",Cairo,Online,Consumer,Asia,Transfer,4.0,Rep_C,
3372,T3372,AirPods Pro,Electronics,Accessories,1,105.0,105.0,69.45,2023-01-31 06:21:00,"513 Street, Bangkok",Bangkok,Wholesale,Corporate,Africa,Cash,4.0,Rep_A,
3373,T3373,Dell XPS 13,Electronics,Laptops,1,493.0,493.0,310.1,2023-07-08 06:18:00,"942 Street, Cairo",Cairo,Wholesale,Corporate,Asia,Transfer,5.0,Rep_D,
3374,T3374,Logitech Mouse,Electronics,Accessories,2,396.0,792.0,597.47,2023-06-03 14:02:00,"348 Street, São Paulo",São Paulo,Wholesale,Small Business,South America,Cash,4.0,Rep_C,
3375,T3375,Samsung Galaxy S21,Electronics,Phones,4,416.0,1664.0,1385.06,2023-08-10 06:56:00,"75 Street, Mumbai",Mumbai,Wholesale,Corporate,Africa,Card,,Rep_D,
3376,T3376,Logitech Mouse,Electronics,Accessories,5,1918.0,9590.0,6660.75,2023-01-19 09:41:00,"115 Street, Cairo",Cairo,In-Store,Small Business,Africa,Card,2.0,Rep_A,
3378,T3378,MacBook Air,Electronics,Laptops,1,546.0,546.0,394.43,2023-12-16 06:17:00,"389 Street, Mumbai",Mumbai,In-Store,Corporate,Europe,Cash,,Rep_C,
3379,T3379,MacBook Air,Electronics,Laptops,2,393.0,786.0,572.94,2023-03-21 18:54:00,"967 Street, Bangkok",Bangkok,In-Store,Small Business,Asia,Cash,8.0,Rep_B,
3380,T3380,MacBook Air,Electronics,Laptops,4,1681.0,6724.0,3744.33,2023-12-18 10:44:00,"974 Street, Jakarta",Jakarta,Wholesale,Consumer,Europe,Transfer,1.0,Rep_D,
3381,T3381,Dell XPS 13,Electronics,Laptops,1,385.0,385.0,321.29,2023-05-28 03:22:00,"757 Street, Mumbai",Mumbai,Online,Corporate,Europe,Card,4.0,Rep_C,
3382,T3382,MacBook Air,Electronics,Laptops,5,954.0,4770.0,3763.11,2023-06-16 09:06:00,"301 Street, Jakarta",Jakarta,In-Store,Consumer,South America,Card,,Rep_C,
3383,T3383,AirPods Pro,Electronics,Accessories,3,1835.0,5505.0,2953.1,2023-08-24 05:59:00,"283 Street, Bangkok",Bangkok,Online,Consumer,South America,Transfer,3.0,Rep_D,
3384,T3384,AirPods Pro,Electronics,Accessories,3,736.0,2208.0,1190.9,2023-08-14 06:36:00,"550 Street, Cairo",Cairo,Wholesale,Consumer,Europe,Cash,5.0,Rep_D,
3386,T3386,Logitech Mouse,Electronics,Accessories,2,1413.0,2826.0,1486.76,2023-04-12 15:01:00,"67 Street, Nairobi",Nairobi,In-Store,Small Business,Europe,Transfer,1.0,Rep_D,
3387,T3387,Dell XPS 13,Electronics,Laptops,3,589.0,1767.0,1512.49,2023-03-24 23:00:00,"754 Street, Lagos",Lagos,Wholesale,Corporate,Asia,Transfer,3.0,Rep_B,
3388,T3388,Samsung Galaxy S21,Electronics,Phones,3,598.0,1794.0,1577.74,2023-12-12 22:17:00,"882 Street, Nairobi",Nairobi,In-Store,Consumer,Africa,Transfer,6.0,Rep_A,
3389,T3389,MacBook Air,Electronics,Laptops,5,454.0,2270.0,1876.88,2023-09-07 15:52:00,"40 Street, São Paulo",São Paulo,Wholesale,Corporate,Africa,Cash,3.0,Rep_D,
3390,T3390,Dell XPS 13,Electronics,Laptops,2,914.0,1828.0,1417.57,2023-09-15 18:13:00,"509 Street, Lagos",Lagos,In-Store,Corporate,Africa,Card,,Rep_A,
3391,T3391,iPhone 13,Electronics,Phones,2,617.0,1234.0,818.98,2023-02-07 05:49:00,"975 Street, Mumbai",Mumbai,Wholesale,Corporate,Europe,Cash,6.0,Rep_C,
3392,T3392,Logitech Mouse,Electronics,Accessories,3,485.0,1455.0,1216.8,2023-01-27 07:30:00,"6 Street, São Paulo",São Paulo,In-Store,Corporate,Europe,Transfer,3.0,Rep_D,
3393,T3393,Dell XPS 13,Electronics,Laptops,5,1285.0,6425.0,4924.42,2023-02-27 09:46:00,"524 Street, Cairo",Cairo,Online,Corporate,Africa,Card,8.0,Rep_A,
3394,T3394,AirPods Pro,Electronics,Accessories,5,186.0,930.0,593.95,2023-09-12 11:13:00,"883 Street, Jakarta",Jakarta,In-Store,Small Business,South America,Cash,3.0,Rep_D,
3395,T3395,AirPods Pro,Electronics,Accessories,1,947.0,947.0,583.89,2023-04-29 03:45:00,"757 Street, Mumbai",Mumbai,Online,Corporate,Africa,Transfer,,Rep_A,
3396,T3396,iPhone 13,Electronics,Phones,2,1381.0,2762.0,1585.85,2023-02-21 10:52:00,"580 Street, Lagos",Lagos,Online,Consumer,Asia,Cash,7.0,Rep_B,
3397,T3397,MacBook Air,Electronics,Laptops,2,633.0,1266.0,1056.03,2023-01-11 14:04:00,"898 Street, São Paulo",São Paulo,Online,Small Business,Europe,Card,8.0,Rep_C,
3398,T3398,Samsung Galaxy S21,Electronics,Phones,1,1270.0,1270.0,649.3,2023-08-04 18:29:00,"561 Street, Bangkok",Bangkok,Online,Corporate,Africa,Card,,Rep_C,
3399,T3399,MacBook Air,Electronics,Laptops,5,741.0,3705.0,2168.59,2023-09-27 18:14:00,"754 Street, Lagos",Lagos,Online,Small Business,Africa,Cash,8.0,Rep_B,
3400,T3400,27in 4K Gaming Monitor,Electronics,Monitors,2,334.0,668.0,520.83,2023-02-01 03:10:00,"138 Street, Jakarta",Jakarta,Online,Consumer,South America,Card,4.0,Rep_A,
3401,T3401,Dell XPS 13,Electronics,Laptops,3,1282.0,3846.0,1955.94,2023-05-17 03:53:00,"787 Street, Mumbai",Mumbai,Online,Corporate,Europe,Card,,Rep_B,
3402,T3402,Samsung Galaxy S21,Electronics,Phones,3,1436.0,4308.0,2825.92,2023-07-17 19:23:00,"760 Street, Mumbai",Mumbai,Online,Consumer,Asia,Transfer,2.0,Rep_A,
3403,T3403,MacBook Air,Electronics,Laptops,4,190.0,760.0,639.18,2023-05-05 18:49:00,"17 Street, Bangkok",Bangkok,Wholesale,Consumer,Asia,Transfer,,Rep_D,
3405,T3405,iPhone 13,Electronics,Phones,3,1076.0,3228.0,2512.42,2023-12-14 14:08:00,"150 Street, Nairobi",Nairobi,Online,Small Business,South America,Card,,Rep_C,
3406,T3406,Logitech Mouse,Electronics,Accessories,5,1995.0,9975.0,8814.57,2023-08-24 19:26:00,"633 Street, Jakarta",Jakarta,Online,Corporate,Europe,Transfer,2.0,Rep_A,
3407,T3407,AirPods Pro,Electronics,Accessories,4,637.0,2548.0,1921.05,2023-02-27 01:28:00,"226 Street, São Paulo",São Paulo,In-Store,Corporate,South America,Card,5.0,Rep_D,
3408,T3408,Logitech Mouse,Electronics,Accessories,2,617.0,1234.0,868.93,2023-03-28 03:15:00,"661 Street, Cairo",Cairo,Online,Small Business,Asia,Transfer,4.0,Rep_D,
3409,T3409,MacBook Air,Electronics,Laptops,2,422.0,844.0,548.62,2023-02-28 16:05:00,"333 Street, São Paulo",São Paulo,Wholesale,Small Business,South America,Card,4.0,Rep_C,
3410,T3410,27in 4K Gaming Monitor,Electronics,Monitors,5,452.0,2260.0,1308.48,2023-09-01 05:04:00,"130 Street, Mumbai",Mumbai,In-Store,Consumer,Asia,Transfer,6.0,Rep_C,
3411,T3411,Logitech Mouse,Electronics,Accessories,5,1763.0,8815.0,7454.46,2023-01-22 02:15:00,"427 Street, Mumbai",Mumbai,Wholesale,Corporate,Africa,Cash,8.0,Rep_D,
3412,T3412,Samsung Galaxy S21,Electronics,Phones,1,799.0,799.0,657.3,2023-04-01 01:59:00,"435 Street, Cairo",Cairo,Online,Corporate,South America,Cash,3.0,Rep_C,
3413,T3413,iPhone 13,Electronics,Phones,3,1091.0,3273.0,2010.85,2023-04-27 04:27:00,"981 Street, Lagos",Lagos,Wholesale,Corporate,Europe,Transfer,7.0,Rep_B,
3414,T3414,iPhone 13,Electronics,Phones,1,1129.0,1129.0,641.57,2023-08-03 06:57:00,"405 Street, Jakarta",Jakarta,Online,Corporate,South America,Cash,1.0,Rep_D,
3415,T3415,MacBook Air,Electronics,Laptops,1,636.0,636.0,489.75,2023-01-29 15:57:00,"278 Street, Cairo",Cairo,Wholesale,Corporate,South America,Cash,9.0,Rep_C,
3416,T3416,Logitech Mouse,Electronics,Accessories,4,1925.0,7700.0,5693.22,2023-11-02 18:54:00,"674 Street, Nairobi",Nairobi,Wholesale,Consumer,South America,Transfer,7.0,Rep_C,
3417,T3417,Samsung Galaxy S21,Electronics,Phones,1,1366.0,1366.0,1050.02,2023-10-28 03:14:00,"432 Street, Nairobi",Nairobi,In-Store,Corporate,Asia,Cash,9.0,Rep_B,
3418,T3418,27in 4K Gaming Monitor,Electronics,Monitors,5,520.0,2600.0,1309.73,2023-06-21 10:03:00,"232 Street, Mumbai",Mumbai,Online,Corporate,Africa,Cash,7.0,Rep_D,
3419,T3419,AirPods Pro,Electronics,Accessories,3,1895.0,5685.0,4555.52,2023-05-15 22:44:00,"627 Street, Lagos",Lagos,Online,Small Business,South America,Cash,7.0,Rep_B,
3420,T3420,AirPods Pro,Electronics,Accessories,5,707.0,3535.0,2709.77,2023-11-24 02:28:00,"222 Street, Jakarta",Jakarta,In-Store,Consumer,Europe,Card,8.0,Rep_A,
3421,T3421,AirPods Pro,Electronics,Accessories,1,1628.0,1628.0,1359.96,2023-11-17 21:32:00,"954 Street, Mumbai",Mumbai,Online,Consumer,Africa,Cash,7.0,Rep_C,
3422,T3422,AirPods Pro,Electronics,Accessories,5,562.0,2810.0,2258.2,2023-01-27 11:29:00,"699 Street, Lagos",Lagos,Online,Consumer,Asia,Transfer,5.0,Rep_B,
3423,T3423,AirPods Pro,Electronics,Accessories,1,1844.0,1844.0,975.0,2023-01-21 12:31:00,"683 Street, Nairobi",Nairobi,Online,Corporate,South America,Card,1.0,Rep_A,
3424,T3424,MacBook Air,Electronics,Laptops,4,1133.0,4532.0,3560.47,2023-06-03 17:21:00,"587 Street, Lagos",Lagos,Wholesale,Small Business,South America,Transfer,4.0,Rep_B,
3425,T3425,Logitech Mouse,Electronics,Accessories,4,1707.0,6828.0,4527.79,2023-05-30 07:02:00,"377 Street, Cairo",Cairo,Wholesale,Consumer,Europe,Cash,7.0,Rep_A,
3426,T3426,iPhone 13,Electronics,Phones,4,1483.0,5932.0,4132.49,2023-12-06 01:52:00,"464 Street, Jakarta",Jakarta,Online,Consumer,South America,Card,4.0,Rep_A,
3427,T3427,Samsung Galaxy S21,Electronics,Phones,1,1465.0,1465.0,1122.65,2023-04-21 06:58:00,"673 Street, Bangkok",Bangkok,Online,Corporate,Africa,Card,7.0,Rep_A,
3428,T3428,AirPods Pro,Electronics,Accessories,5,541.0,2705.0,2273.73,2023-04-24 08:28:00,"124 Street, Nairobi",Nairobi,In-Store,Small Business,Europe,Cash,5.0,Rep_B,
3429,T3429,Samsung Galaxy S21,Electronics,Phones,4,1387.0,5548.0,3641.49,2023-05-31 20:57:00,"678 Street, Jakarta",Jakarta,In-Store,Consumer,Europe,Transfer,5.0,Rep_A,
3431,T3431,Samsung Galaxy S21,Electronics,Phones,4,978.0,3912.0,2536.99,2023-07-05 18:36:00,"424 Street, Cairo",Cairo,Wholesale,Corporate,Africa,Card,5.0,Rep_B,
3432,T3432,Dell XPS 13,Electronics,Laptops,5,1065.0,5325.0,3608.77,2023-04-19 13:37:00,"445 Street, São Paulo",São Paulo,Online,Consumer,Europe,Cash,,Rep_B,
3434,T3434,Dell XPS 13,Electronics,Laptops,4,275.0,1100.0,865.47,2023-01-17 23:15:00,"456 Street, Mumbai",Mumbai,Wholesale,Small Business,Europe,Cash,2.0,Rep_A,
3435,T3435,MacBook Air,Electronics,Laptops,1,904.0,904.0,479.48,2023-12-29 13:07:00,"384 Street, Mumbai",Mumbai,In-Store,Consumer,South America,Card,3.0,Rep_B,
3436,T3436,AirPods Pro,Electronics,Accessories,4,112.0,448.0,235.45,2023-06-10 01:40:00,"375 Street, Cairo",Cairo,In-Store,Consumer,Europe,Card,3.0,Rep_C,
3437,T3437,Samsung Galaxy S21,Electronics,Phones,2,911.0,1822.0,1319.13,2023-05-03 03:27:00,"512 Street, Bangkok",Bangkok,Online,Corporate,South America,Cash,9.0,Rep_A,
3438,T3438,Logitech Mouse,Electronics,Accessories,4,1914.0,7656.0,4009.6,2023-11-19 06:08:00,"469 Street, São Paulo",São Paulo,In-Store,Corporate,Europe,Card,8.0,Rep_B,
3439,T3439,MacBook Air,Electronics,Laptops,1,1867.0,1867.0,1037.66,2023-09-25 03:08:00,"241 Street, Nairobi",Nairobi,Online,Consumer,South America,Cash,8.0,Rep_B,
3440,T3440,iPhone 13,Electronics,Phones,3,260.0,780.0,677.68,2023-11-18 05:20:00,"863 Street, Bangkok",Bangkok,Wholesale,Corporate,Asia,Transfer,,Rep_A,
3441,T3441,MacBook Air,Electronics,Laptops,3,565.0,1695.0,851.05,2023-08-12 02:09:00,"751 Street, Bangkok",Bangkok,Wholesale,Small Business,Africa,Transfer,5.0,Rep_B,
3442,T3442,Logitech Mouse,Electronics,Accessories,4,418.0,1672.0,1277.68,2023-04-29 06:44:00,"190 Street, São Paulo",São Paulo,In-Store,Corporate,Asia,Card,,Rep_B,
3443,T3443,27in 4K Gaming Monitor,Electronics,Monitors,2,214.0,428.0,336.04,2023-11-27 17:57:00,"299 Street, Jakarta",Jakarta,In-Store,Small Business,Africa,Cash,3.0,Rep_B,
3444,T3444,27in 4K Gaming Monitor,Electronics,Monitors,5,1689.0,8445.0,4735.1,2023-08-10 07:31:00,"522 Street, Bangkok",Bangkok,In-Store,Consumer,Asia,Card,5.0,Rep_C,
3445,T3445,27in 4K Gaming Monitor,Electronics,Monitors,3,293.0,879.0,729.42,2023-12-19 16:05:00,"991 Street, Mumbai",Mumbai,Online,Corporate,Europe,Card,5.0,Rep_D,
3446,T3446,AirPods Pro,Electronics,Accessories,5,1427.0,7135.0,4395.8,2023-03-18 00:09:00,"148 Street, São Paulo",São Paulo,Wholesale,Consumer,Asia,Card,5.0,Rep_A,
3447,T3447,27in 4K Gaming Monitor,Electronics,Monitors,2,1363.0,2726.0,1613.21,2023-06-09 20:57:00,"777 Street, Nairobi",Nairobi,Online,Small Business,Africa,Cash,9.0,Rep_C,
3448,T3448,iPhone 13,Electronics,Phones,2,1690.0,3380.0,2725.37,2023-02-07 22:18:00,"881 Street, Nairobi",Nairobi,Online,Consumer,South America,Cash,8.0,Rep_C,
3449,T3449,iPhone 13,Electronics,Phones,1,1959.0,1959.0,1149.04,2023-10-06 09:16:00,"319 Street, Bangkok",Bangkok,Online,Corporate,Africa,Cash,1.0,Rep_A,
3450,T3450,Dell XPS 13,Electronics,Laptops,2,1917.0,3834.0,2489.24,2023-07-13 11:08:00,"212 Street, Jakarta",Jakarta,Online,Consumer,South America,Card,8.0,Rep_A,
3452,T3452,Logitech Mouse,Electronics,Accessories,4,499.0,1996.0,1242.46,2023-07-24 21:39:00,"7 Street, São Paulo",São Paulo,Wholesale,Corporate,South America,Card,3.0,Rep_A,
3453,T3453,Samsung Galaxy S21,Electronics,Phones,4,575.0,2300.0,1870.89,2023-11-25 00:11:00,"795 Street, Mumbai",Mumbai,In-Store,Small Business,Asia,Card,2.0,Rep_C,
3454,T3454,AirPods Pro,Electronics,Accessories,4,1822.0,7288.0,5043.37,2023-06-28 03:19:00,"252 Street, Jakarta",Jakarta,Online,Consumer,Africa,Transfer,4.0,Rep_D,
3455,T3455,Samsung Galaxy S21,Electronics,Phones,1,475.0,475.0,410.45,2023-10-06 15:48:00,"639 Street, Nairobi",Nairobi,In-Store,Corporate,Asia,Transfer,4.0,Rep_B,
3456,T3456,iPhone 13,Electronics,Phones,1,1824.0,1824.0,1071.61,2023-08-31 02:07:00,"982 Street, Jakarta",Jakarta,Online,Corporate,Europe,Card,9.0,Rep_A,
3457,T3457,iPhone 13,Electronics,Phones,1,1665.0,1665.0,1034.11,2023-05-23 16:56:00,"146 Street, Mumbai",Mumbai,In-Store,Small Business,Africa,Card,5.0,Rep_D,
3458,T3458,27in 4K Gaming Monitor,Electronics,Monitors,2,717.0,1434.0,1001.35,2023-10-06 18:19:00,"535 Street, São Paulo",São Paulo,Online,Small Business,Asia,Card,2.0,Rep_B,
3459,T3459,iPhone 13,Electronics,Phones,1,737.0,737.0,559.2,2023-08-11 02:40:00,"495 Street, São Paulo",São Paulo,In-Store,Corporate,South America,Transfer,7.0,Rep_B,
3460,T3460,Dell XPS 13,Electronics,Laptops,2,1748.0,3496.0,3132.68,2023-05-21 23:45:00,"814 Street, Bangkok",Bangkok,In-Store,Consumer,South America,Transfer,3.0,Rep_B,
3461,T3461,AirPods Pro,Electronics,Accessories,5,1609.0,8045.0,6590.15,2023-07-14 15:56:00,"724 Street, Cairo",Cairo,In-Store,Corporate,South America,Card,,Rep_B,
3462,T3462,iPhone 13,Electronics,Phones,4,353.0,1412.0,877.67,2023-02-07 01:40:00,"118 Street, Jakarta",Jakarta,In-Store,Consumer,South America,Card,2.0,Rep_D,
3463,T3463,AirPods Pro,Electronics,Accessories,2,744.0,1488.0,1144.55,2023-03-28 05:43:00,"468 Street, Cairo",Cairo,Wholesale,Small Business,Europe,Card,6.0,Rep_D,
3464,T3464,27in 4K Gaming Monitor,Electronics,Monitors,3,1458.0,4374.0,2629.86,2023-04-15 09:35:00,"902 Street, Mumbai",Mumbai,Wholesale,Corporate,Asia,Transfer,3.0,Rep_C,
3465,T3465,Dell XPS 13,Electronics,Laptops,2,1111.0,2222.0,1192.22,2023-10-11 04:58:00,"108 Street, Jakarta",Jakarta,Wholesale,Small Business,South America,Cash,5.0,Rep_B,
3466,T3466,Samsung Galaxy S21,Electronics,Phones,1,1163.0,1163.0,692.2,2023-11-22 03:29:00,"402 Street, Jakarta",Jakarta,Online,Consumer,Asia,Card,4.0,Rep_B,
3467,T3467,AirPods Pro,Electronics,Accessories,4,1110.0,4440.0,2221.45,2023-12-20 13:13:00,"442 Street, Jakarta",Jakarta,In-Store,Corporate,Africa,Card,2.0,Rep_C,
3468,T3468,Dell XPS 13,Electronics,Laptops,3,1623.0,4869.0,3994.78,2023-08-21 17:05:00,"690 Street, Cairo",Cairo,Wholesale,Small Business,Asia,Cash,8.0,Rep_C,
3469,T3469,Logitech Mouse,Electronics,Accessories,5,1884.0,9420.0,6834.8,2023-07-20 05:32:00,"263 Street, Mumbai",Mumbai,Wholesale,Corporate,Europe,Transfer,6.0,Rep_D,
3470,T3470,Samsung Galaxy S21,Electronics,Phones,5,779.0,3895.0,2412.86,2023-09-13 07:04:00,"10 Street, Cairo",Cairo,Wholesale,Consumer,Africa,Cash,,Rep_A,
3471,T3471,27in 4K Gaming Monitor,Electronics,Monitors,3,602.0,1806.0,1015.23,2023-03-04 23:25:00,"764 Street, São Paulo",São Paulo,In-Store,Small Business,Asia,Transfer,5.0,Rep_D,
3472,T3472,MacBook Air,Electronics,Laptops,2,1837.0,3674.0,2902.45,2023-12-22 21:30:00,"25 Street, Mumbai",Mumbai,In-Store,Consumer,Africa,Cash,1.0,Rep_D,
3473,T3473,27in 4K Gaming Monitor,Electronics,Monitors,2,457.0,914.0,805.4,2023-05-23 16:28:00,"720 Street, Lagos",Lagos,In-Store,Small Business,South America,Cash,1.0,Rep_B,
3474,T3474,AirPods Pro,Electronics,Accessories,1,1450.0,1450.0,1135.15,2023-09-18 12:55:00,"128 Street, Lagos",Lagos,In-Store,Small Business,Africa,Card,2.0,Rep_D,
3475,T3475,27in 4K Gaming Monitor,Electronics,Monitors,5,213.0,1065.0,945.64,2023-07-03 23:39:00,"826 Street, Nairobi",Nairobi,Wholesale,Small Business,South America,Cash,3.0,Rep_D,
3476,T3476,Dell XPS 13,Electronics,Laptops,3,429.0,1287.0,731.9,2023-01-26 00:01:00,"685 Street, São Paulo",São Paulo,Online,Small Business,Asia,Card,1.0,Rep_C,
3477,T3477,Samsung Galaxy S21,Electronics,Phones,2,415.0,830.0,450.12,2023-01-24 00:52:00,"32 Street, São Paulo",São Paulo,Online,Small Business,Europe,Card,,Rep_B,
3478,T3478,Samsung Galaxy S21,Electronics,Phones,5,1108.0,5540.0,4217.19,2023-09-23 00:58:00,"750 Street, Bangkok",Bangkok,Online,Small Business,South America,Transfer,6.0,Rep_A,
3479,T3479,Logitech Mouse,Electronics,Accessories,3,1817.0,5451.0,3947.82,2023-11-20 07:04:00,"628 Street, São Paulo",São Paulo,Online,Consumer,Europe,Card,1.0,Rep_A,
3480,T3480,MacBook Air,Electronics,Laptops,3,559.0,1677.0,1071.68,2023-06-13 13:31:00,"467 Street, Mumbai",Mumbai,Online,Corporate,Africa,Transfer,,Rep_B,
3481,T3481,MacBook Air,Electronics,Laptops,1,1610.0,1610.0,1294.65,2023-04-19 00:01:00,"117 Street, Lagos",Lagos,In-Store,Small Business,Europe,Card,6.0,Rep_B,
3482,T3482,AirPods Pro,Electronics,Accessories,5,856.0,4280.0,3016.39,2023-12-30 18:26:00,"76 Street, Cairo",Cairo,Online,Small Business,South America,Cash,4.0,Rep_A,
3483,T3483,MacBook Air,Electronics,Laptops,3,979.0,2937.0,2568.85,2023-07-17 01:32:00,"746 Street, São Paulo",São Paulo,In-Store,Corporate,Africa,Cash,2.0,Rep_B,
3484,T3484,iPhone 13,Electronics,Phones,2,1612.0,3224.0,2135.0,2023-08-04 15:13:00,"108 Street, Jakarta",Jakarta,Wholesale,Consumer,Asia,Cash,1.0,Rep_A,
3485,T3485,27in 4K Gaming Monitor,Electronics,Monitors,3,830.0,2490.0,1632.29,2023-12-18 08:48:00,"204 Street, Cairo",Cairo,In-Store,Corporate,Africa,Card,4.0,Rep_A,
3486,T3486,AirPods Pro,Electronics,Accessories,1,112.0,112.0,95.27,2023-05-25 21:30:00,"959 Street, Mumbai",Mumbai,Wholesale,Consumer,Africa,Cash,5.0,Rep_B,
3487,T3487,Logitech Mouse,Electronics,Accessories,4,1617.0,6468.0,4079.14,2023-12-04 14:54:00,"291 Street, Jakarta",Jakarta,Wholesale,Consumer,Europe,Card,1.0,Rep_B,
3488,T3488,Logitech Mouse,Electronics,Accessories,1,682.0,682.0,489.3,2023-10-22 21:35:00,"745 Street, Lagos",Lagos,In-Store,Small Business,Asia,Cash,8.0,Rep_D,
3489,T3489,MacBook Air,Electronics,Laptops,3,976.0,2928.0,2170.45,2023-10-24 15:10:00,"315 Street, Nairobi",Nairobi,In-Store,Corporate,South America,Transfer,7.0,Rep_C,
3491,T3491,Samsung Galaxy S21,Electronics,Phones,5,243.0,1215.0,999.03,2023-11-10 12:01:00,"350 Street, Cairo",Cairo,In-Store,Consumer,Africa,Card,4.0,Rep_C,
3492,T3492,Dell XPS 13,Electronics,Laptops,3,648.0,1944.0,1242.97,2023-08-13 05:44:00,"566 Street, Lagos",Lagos,Online,Corporate,Europe,Card,2.0,Rep_D,
3493,T3493,Samsung Galaxy S21,Electronics,Phones,1,176.0,176.0,90.65,2023-09-04 05:54:00,"129 Street, Nairobi",Nairobi,In-Store,Corporate,South America,Card,8.0,Rep_B,
3494,T3494,MacBook Air,Electronics,Laptops,2,984.0,1968.0,1165.14,2023-06-13 23:25:00,"534 Street, Jakarta",Jakarta,Wholesale,Corporate,Europe,Transfer,1.0,Rep_C,
3495,T3495,Dell XPS 13,Electronics,Laptops,4,1140.0,4560.0,4091.69,2023-05-03 09:05:00,"199 Street, Bangkok",Bangkok,Wholesale,Small Business,Asia,Transfer,6.0,Rep_B,
3496,T3496,AirPods Pro,Electronics,Accessories,1,1630.0,1630.0,1222.79,2023-10-04 18:27:00,"800 Street, Jakarta",Jakarta,In-Store,Small Business,Africa,Transfer,1.0,Rep_B,
3497,T3497,iPhone 13,Electronics,Phones,4,1422.0,5688.0,3429.9,2023-01-05 21:05:00,"446 Street, Bangkok",Bangkok,Wholesale,Corporate,Africa,Card,6.0,Rep_A,
3498,T3498,Samsung Galaxy S21,Electronics,Phones,5,861.0,4305.0,3124.35,2023-07-21 15:18:00,"702 Street, Nairobi",Nairobi,Online,Corporate,Asia,Cash,8.0,Rep_A,
3499,T3499,Logitech Mouse,Electronics,Accessories,3,1186.0,3558.0,2508.5,2023-05-14 18:49:00,"569 Street, Mumbai",Mumbai,In-Store,Small Business,Africa,Transfer,3.0,Rep_C,
3500,T3500,Samsung Galaxy S21,Electronics,Phones,4,283.0,1132.0,883.7,2023-12-14 23:03:00,"793 Street, São Paulo",São Paulo,Online,Consumer,South America,Cash,9.0,Rep_B,
3502,T3502,Logitech Mouse,Electronics,Accessories,3,587.0,1761.0,1344.59,2023-02-12 00:08:00,"885 Street, Cairo",Cairo,Online,Consumer,Africa,Transfer,,Rep_C,
3503,T3503,iPhone 13,Electronics,Phones,2,1453.0,2906.0,1543.76,2023-03-06 17:05:00,"42 Street, São Paulo",São Paulo,Wholesale,Small Business,Europe,Cash,8.0,Rep_C,
3504,T3504,27in 4K Gaming Monitor,Electronics,Monitors,4,114.0,456.0,324.25,2023-07-02 18:20:00,"414 Street, Jakarta",Jakarta,Online,Consumer,South America,Card,5.0,Rep_B,
3505,T3505,27in 4K Gaming Monitor,Electronics,Monitors,3,1065.0,3195.0,2254.5,2023-12-23 22:09:00,"782 Street, Jakarta",Jakarta,Wholesale,Consumer,Asia,Cash,1.0,Rep_D,
3506,T3506,AirPods Pro,Electronics,Accessories,1,663.0,663.0,530.34,2023-05-16 08:12:00,"681 Street, São Paulo",São Paulo,Wholesale,Corporate,South America,Transfer,2.0,Rep_D,
3507,T3507,iPhone 13,Electronics,Phones,5,636.0,3180.0,1615.55,2023-06-28 23:52:00,"494 Street, Mumbai",Mumbai,In-Store,Corporate,Europe,Cash,,Rep_B,
3508,T3508,Logitech Mouse,Electronics,Accessories,2,236.0,472.0,412.5,2023-10-26 04:24:00,"830 Street, Bangkok",Bangkok,Online,Corporate,Europe,Card,3.0,Rep_A,
3509,T3509,AirPods Pro,Electronics,Accessories,1,618.0,618.0,374.63,2023-07-04 06:17:00,"489 Street, Bangkok",Bangkok,Wholesale,Small Business,Africa,Transfer,6.0,Rep_B,
3510,T3510,Logitech Mouse,Electronics,Accessories,1,201.0,201.0,115.12,2023-08-04 03:27:00,"850 Street, Lagos",Lagos,Online,Small Business,Europe,Card,1.0,Rep_A,
3511,T3511,iPhone 13,Electronics,Phones,1,1982.0,1982.0,1439.61,2023-10-14 01:25:00,"627 Street, Bangkok",Bangkok,Wholesale,Corporate,Europe,Card,4.0,Rep_A,
3512,T3512,AirPods Pro,Electronics,Accessories,5,1853.0,9265.0,5077.73,2023-04-01 16:39:00,"136 Street, Bangkok",Bangkok,In-Store,Corporate,Europe,Cash,3.0,Rep_B,
3513,T3513,Dell XPS 13,Electronics,Laptops,2,553.0,1106.0,954.65,2023-08-21 12:30:00,"333 Street, São Paulo",São Paulo,Wholesale,Small Business,Europe,Transfer,6.0,Rep_B,
3515,T3515,Dell XPS 13,Electronics,Laptops,5,1922.0,9610.0,7907.41,2023-08-24 01:46:00,"930 Street, São Paulo",São Paulo,Wholesale,Consumer,Africa,Transfer,9.0,Rep_C,
3516,T3516,Logitech Mouse,Electronics,Accessories,4,1281.0,5124.0,4132.76,2023-01-11 02:46:00,"69 Street, Jakarta",Jakarta,In-Store,Consumer,Africa,Cash,3.0,Rep_B,
3517,T3517,27in 4K Gaming Monitor,Electronics,Monitors,3,1751.0,5253.0,4628.37,2023-11-01 02:28:00,"937 Street, Cairo",Cairo,Wholesale,Small Business,Asia,Transfer,6.0,Rep_A,
3518,T3518,MacBook Air,Electronics,Laptops,4,1291.0,5164.0,2843.6,2023-05-20 22:12:00,"997 Street, Bangkok",Bangkok,Online,Small Business,Europe,Transfer,9.0,Rep_C,
3519,T3519,Logitech Mouse,Electronics,Accessories,2,1561.0,3122.0,2534.09,2023-06-16 19:51:00,"232 Street, Bangkok",Bangkok,Online,Consumer,Africa,Card,6.0,Rep_B,
3520,T3520,27in 4K Gaming Monitor,Electronics,Monitors,1,1196.0,1196.0,903.02,2023-07-28 13:09:00,"31 Street, Jakarta",Jakarta,Wholesale,Corporate,Africa,Cash,5.0,Rep_D,
3521,T3521,MacBook Air,Electronics,Laptops,4,1823.0,7292.0,5577.55,2023-08-08 05:29:00,"829 Street, Jakarta",Jakarta,In-Store,Consumer,Africa,Cash,4.0,Rep_A,
3522,T3522,27in 4K Gaming Monitor,Electronics,Monitors,5,206.0,1030.0,789.8,2023-11-11 13:38:00,"138 Street, São Paulo",São Paulo,In-Store,Small Business,Asia,Transfer,,Rep_D,
3523,T3523,27in 4K Gaming Monitor,Electronics,Monitors,3,889.0,2667.0,1729.11,2023-10-04 18:14:00,"554 Street, São Paulo",São Paulo,Wholesale,Consumer,Asia,Card,7.0,Rep_C,
3524,T3524,AirPods Pro,Electronics,Accessories,1,1664.0,1664.0,1240.86,2023-09-16 07:38:00,"879 Street, São Paulo",São Paulo,Online,Consumer,Asia,Transfer,6.0,Rep_B,
3525,T3525,AirPods Pro,Electronics,Accessories,4,285.0,1140.0,656.46,2023-07-26 14:51:00,"33 Street, Bangkok",Bangkok,Wholesale,Corporate,Europe,Card,2.0,Rep_A,
3526,T3526,Logitech Mouse,Electronics,Accessories,4,1258.0,5032.0,2690.1,2023-05-17 22:46:00,"852 Street, Nairobi",Nairobi,Online,Small Business,South America,Cash,7.0,Rep_A,
3527,T3527,Samsung Galaxy S21,Electronics,Phones,2,757.0,1514.0,1113.64,2023-07-26 11:45:00,"787 Street, Mumbai",Mumbai,Online,Small Business,Asia,Card,1.0,Rep_B,
3528,T3528,Dell XPS 13,Electronics,Laptops,3,266.0,798.0,644.77,2023-12-22 17:51:00,"585 Street, São Paulo",São Paulo,In-Store,Consumer,Africa,Card,3.0,Rep_B,
3529,T3529,Samsung Galaxy S21,Electronics,Phones,5,1621.0,8105.0,5961.6,2023-08-15 22:33:00,"36 Street, Cairo",Cairo,Wholesale,Consumer,Europe,Cash,7.0,Rep_D,
3530,T3530,MacBook Air,Electronics,Laptops,5,702.0,3510.0,2263.65,2023-02-26 12:41:00,"988 Street, Bangkok",Bangkok,Online,Consumer,Asia,Card,5.0,Rep_C,
3531,T3531,MacBook Air,Electronics,Laptops,2,1941.0,3882.0,2597.48,2023-04-04 15:35:00,"194 Street, Mumbai",Mumbai,Online,Corporate,Europe,Card,4.0,Rep_A,
3532,T3532,AirPods Pro,Electronics,Accessories,4,528.0,2112.0,1391.76,2023-04-06 16:29:00,"865 Street, Mumbai",Mumbai,Wholesale,Small Business,Asia,Cash,3.0,Rep_D,
3534,T3534,Dell XPS 13,Electronics,Laptops,5,1565.0,7825.0,4056.51,2023-05-18 10:06:00,"876 Street, Jakarta",Jakarta,Wholesale,Small Business,Africa,Cash,6.0,Rep_C,
3535,T3535,iPhone 13,Electronics,Phones,3,1464.0,4392.0,3113.23,2023-09-17 07:48:00,"452 Street, Nairobi",Nairobi,Online,Corporate,Europe,Transfer,8.0,Rep_C,
3536,T3536,AirPods Pro,Electronics,Accessories,5,1601.0,8005.0,4639.78,2023-08-07 15:44:00,"390 Street, Bangkok",Bangkok,Online,Corporate,Africa,Card,7.0,Rep_B,
3537,T3537,iPhone 13,Electronics,Phones,2,57.0,114.0,76.0,2023-01-28 16:18:00,"891 Street, Lagos",Lagos,Wholesale,Corporate,South America,Cash,,Rep_C,
3538,T3538,Dell XPS 13,Electronics,Laptops,1,350.0,350.0,265.6,2023-01-11 04:30:00,"785 Street, Jakarta",Jakarta,Online,Small Business,South America,Transfer,4.0,Rep_A,
3539,T3539,MacBook Air,Electronics,Laptops,3,1166.0,3498.0,2636.09,2023-07-06 16:58:00,"843 Street, Lagos",Lagos,Wholesale,Corporate,Europe,Cash,7.0,Rep_B,
3540,T3540,Samsung Galaxy S21,Electronics,Phones,1,782.0,782.0,577.47,2023-03-16 01:26:00,"662 Street, Mumbai",Mumbai,Wholesale,Consumer,Asia,Card,8.0,Rep_B,
3541,T3541,iPhone 13,Electronics,Phones,1,1482.0,1482.0,1093.78,2023-11-03 20:14:00,"559 Street, Lagos",Lagos,In-Store,Consumer,Asia,Card,4.0,Rep_D,
3542,T3542,Logitech Mouse,Electronics,Accessories,4,119.0,476.0,365.81,2023-09-02 12:43:00,"578 Street, Lagos",Lagos,Wholesale,Consumer,South America,Transfer,1.0,Rep_D,
3543,T3543,27in 4K Gaming Monitor,Electronics,Monitors,4,1312.0,5248.0,3926.21,2023-07-29 13:45:00,"892 Street, Nairobi",Nairobi,Online,Corporate,South America,Transfer,6.0,Rep_B,
3544,T3544,Samsung Galaxy S21,Electronics,Phones,5,1003.0,5015.0,3597.75,2023-02-19 07:11:00,"296 Street, Nairobi",Nairobi,In-Store,Corporate,Africa,Transfer,4.0,Rep_B,
3545,T3545,Logitech Mouse,Electronics,Accessories,5,1287.0,6435.0,5371.5,2023-07-20 08:38:00,"103 Street, Lagos",Lagos,Wholesale,Small Business,Asia,Card,7.0,Rep_C,
3546,T3546,AirPods Pro,Electronics,Accessories,3,1351.0,4053.0,3229.7,2023-08-10 18:05:00,"482 Street, Jakarta",Jakarta,In-Store,Consumer,South America,Card,5.0,Rep_B,
3547,T3547,iPhone 13,Electronics,Phones,4,1452.0,5808.0,3461.06,2023-02-28 15:34:00,"588 Street, Nairobi",Nairobi,In-Store,Corporate,Africa,Card,5.0,Rep_A,
3548,T3548,Samsung Galaxy S21,Electronics,Phones,3,936.0,2808.0,2302.86,2023-09-04 19:06:00,"513 Street, Nairobi",Nairobi,In-Store,Corporate,Europe,Transfer,4.0,Rep_C,
3549,T3549,MacBook Air,Electronics,Laptops,1,718.0,718.0,635.08,2023-02-15 17:41:00,"253 Street, Lagos",Lagos,Wholesale,Corporate,Asia,Card,6.0,Rep_B,
3550,T3550,MacBook Air,Electronics,Laptops,5,1808.0,9040.0,5515.94,2023-09-03 05:32:00,"503 Street, Cairo",Cairo,Wholesale,Corporate,South America,Card,5.0,Rep_B,
3551,T3551,Samsung Galaxy S21,Electronics,Phones,5,477.0,2385.0,1569.46,2023-11-11 16:59:00,"485 Street, Cairo",Cairo,In-Store,Consumer,Africa,Transfer,4.0,Rep_B,
3552,T3552,MacBook Air,Electronics,Laptops,1,1865.0,1865.0,1474.72,2023-12-07 18:22:00,"838 Street, Lagos",Lagos,In-Store,Small Business,Europe,Transfer,,Rep_D,
3553,T3553,Samsung Galaxy S21,Electronics,Phones,5,1671.0,8355.0,4758.69,2023-03-08 12:38:00,"900 Street, Cairo",Cairo,Online,Consumer,Africa,Transfer,6.0,Rep_B,
3554,T3554,Logitech Mouse,Electronics,Accessories,5,1266.0,6330.0,5537.05,2023-08-10 01:19:00,"243 Street, Lagos",Lagos,In-Store,Corporate,South America,Transfer,1.0,Rep_D,
3555,T3555,MacBook Air,Electronics,Laptops,5,982.0,4910.0,2821.13,2023-04-03 12:16:00,"301 Street, Lagos",Lagos,Online,Corporate,Europe,Card,4.0,Rep_C,
3556,T3556,iPhone 13,Electronics,Phones,4,1874.0,7496.0,5763.51,2023-11-02 04:35:00,"591 Street, Lagos",Lagos,In-Store,Small Business,Europe,Transfer,,Rep_B,
3557,T3557,Logitech Mouse,Electronics,Accessories,4,77.0,308.0,158.14,2023-06-25 08:31:00,"110 Street, São Paulo",São Paulo,Online,Consumer,Africa,Transfer,8.0,Rep_B,
3558,T3558,Samsung Galaxy S21,Electronics,Phones,1,1881.0,1881.0,1624.17,2023-05-20 04:24:00,"246 Street, Jakarta",Jakarta,Wholesale,Consumer,Africa,Transfer,7.0,Rep_B,
3559,T3559,Dell XPS 13,Electronics,Laptops,5,1329.0,6645.0,4087.05,2023-01-24 10:21:00,"738 Street, Mumbai",Mumbai,Online,Consumer,South America,Cash,5.0,Rep_D,
3560,T3560,iPhone 13,Electronics,Phones,5,708.0,3540.0,2170.94,2023-10-30 18:52:00,"994 Street, São Paulo",São Paulo,Wholesale,Small Business,Africa,Card,7.0,Rep_B,
3561,T3561,MacBook Air,Electronics,Laptops,1,1409.0,1409.0,792.56,2023-10-05 13:02:00,"789 Street, Bangkok",Bangkok,Online,Small Business,Europe,Card,5.0,Rep_A,
3562,T3562,Logitech Mouse,Electronics,Accessories,1,964.0,964.0,864.85,2023-03-16 09:39:00,"557 Street, Cairo",Cairo,Online,Corporate,Africa,Transfer,5.0,Rep_D,
3563,T3563,AirPods Pro,Electronics,Accessories,1,1746.0,1746.0,1279.45,2023-09-16 12:20:00,"938 Street, Nairobi",Nairobi,Wholesale,Corporate,Africa,Cash,,Rep_B,
3565,T3565,MacBook Air,Electronics,Laptops,3,245.0,735.0,643.07,2023-07-13 01:40:00,"274 Street, Nairobi",Nairobi,Wholesale,Corporate,South America,Transfer,3.0,Rep_D,
3566,T3566,Samsung Galaxy S21,Electronics,Phones,3,1600.0,4800.0,3484.72,2023-12-17 03:09:00,"983 Street, Lagos",Lagos,Wholesale,Corporate,Asia,Transfer,1.0,Rep_C,
3567,T3567,MacBook Air,Electronics,Laptops,3,796.0,2388.0,1389.44,2023-07-27 03:13:00,"875 Street, Jakarta",Jakarta,Online,Consumer,Africa,Transfer,,Rep_C,
3568,T3568,iPhone 13,Electronics,Phones,4,422.0,1688.0,1186.16,2023-05-29 19:41:00,"696 Street, São Paulo",São Paulo,Online,Corporate,Europe,Transfer,3.0,Rep_D,
3569,T3569,MacBook Air,Electronics,Laptops,2,496.0,992.0,768.41,2023-11-13 09:38:00,"284 Street, Lagos",Lagos,Online,Corporate,Africa,Cash,8.0,Rep_D,
3570,T3570,iPhone 13,Electronics,Phones,5,818.0,4090.0,3541.76,2023-08-23 09:09:00,"833 Street, Lagos",Lagos,Wholesale,Consumer,South America,Transfer,2.0,Rep_C,
3571,T3571,Dell XPS 13,Electronics,Laptops,1,531.0,531.0,300.9,2023-10-14 05:21:00,"769 Street, Mumbai",Mumbai,Wholesale,Small Business,Africa,Transfer,8.0,Rep_C,
3572,T3572,Samsung Galaxy S21,Electronics,Phones,5,478.0,2390.0,1539.15,2023-09-22 11:45:00,"719 Street, Bangkok",Bangkok,Wholesale,Corporate,Asia,Cash,5.0,Rep_D,
3573,T3573,MacBook Air,Electronics,Laptops,4,601.0,2404.0,1234.25,2023-07-29 19:56:00,"817 Street, Jakarta",Jakarta,Wholesale,Corporate,South America,Transfer,3.0,Rep_D,
3574,T3574,27in 4K Gaming Monitor,Electronics,Monitors,1,1103.0,1103.0,663.93,2023-04-21 19:03:00,"138 Street, São Paulo",São Paulo,In-Store,Small Business,Asia,Card,6.0,Rep_D,
3575,T3575,AirPods Pro,Electronics,Accessories,2,1322.0,2644.0,2125.18,2023-03-04 18:07:00,"264 Street, Nairobi",Nairobi,Wholesale,Consumer,Europe,Card,,Rep_B,
3576,T3576,iPhone 13,Electronics,Phones,1,228.0,228.0,198.7,2023-10-28 18:36:00,"704 Street, São Paulo",São Paulo,Online,Small Business,Europe,Card,2.0,Rep_B,
3577,T3577,MacBook Air,Electronics,Laptops,5,1002.0,5010.0,2669.32,2023-11-20 15:42:00,"863 Street, Nairobi",Nairobi,Wholesale,Consumer,Africa,Transfer,5.0,Rep_A,
3578,T3578,AirPods Pro,Electronics,Accessories,3,1119.0,3357.0,2196.0,2023-05-01 08:08:00,"309 Street, Jakarta",Jakarta,In-Store,Small Business,South America,Cash,4.0,Rep_A,
3580,T3580,MacBook Air,Electronics,Laptops,5,1213.0,6065.0,4923.91,2023-11-05 02:28:00,"46 Street, Lagos",Lagos,Wholesale,Corporate,South America,Card,4.0,Rep_D,
3581,T3581,Logitech Mouse,Electronics,Accessories,4,1104.0,4416.0,3930.49,2023-03-22 04:47:00,"330 Street, Cairo",Cairo,In-Store,Corporate,Europe,Transfer,3.0,Rep_D,
3582,T3582,iPhone 13,Electronics,Phones,2,1833.0,3666.0,2087.21,2023-10-16 15:16:00,"290 Street, Cairo",Cairo,Wholesale,Small Business,Europe,Card,1.0,Rep_D,
3583,T3583,27in 4K Gaming Monitor,Electronics,Monitors,4,1086.0,4344.0,3760.51,2023-08-11 15:30:00,"288 Street, Nairobi",Nairobi,Wholesale,Small Business,Europe,Transfer,7.0,Rep_C,
3584,T3584,MacBook Air,Electronics,Laptops,5,373.0,1865.0,1549.34,2023-02-10 23:04:00,"734 Street, Mumbai",Mumbai,Wholesale,Consumer,Asia,Card,6.0,Rep_A,
3585,T3585,Dell XPS 13,Electronics,Laptops,2,1217.0,2434.0,1445.55,2023-02-22 22:35:00,"450 Street, Mumbai",Mumbai,Online,Corporate,Europe,Card,1.0,Rep_B,
3587,T3587,AirPods Pro,Electronics,Accessories,2,1563.0,3126.0,2604.74,2023-04-03 10:00:00,"637 Street, São Paulo",São Paulo,Online,Small Business,Africa,Transfer,7.0,Rep_C,
3588,T3588,Dell XPS 13,Electronics,Laptops,1,1948.0,1948.0,1245.69,2023-07-01 09:01:00,"560 Street, Nairobi",Nairobi,Online,Small Business,Asia,Card,1.0,Rep_C,
3590,T3590,Logitech Mouse,Electronics,Accessories,2,344.0,688.0,351.49,2023-02-28 11:00:00,"347 Street, Cairo",Cairo,Wholesale,Consumer,Asia,Card,5.0,Rep_B,
3591,T3591,iPhone 13,Electronics,Phones,2,294.0,588.0,338.6,2023-04-15 17:15:00,"729 Street, Mumbai",Mumbai,Online,Small Business,Africa,Cash,4.0,Rep_C,
3592,T3592,MacBook Air,Electronics,Laptops,4,317.0,1268.0,822.64,2023-04-14 23:30:00,"831 Street, Mumbai",Mumbai,Wholesale,Small Business,Europe,Transfer,2.0,Rep_C,
3593,T3593,MacBook Air,Electronics,Laptops,1,1501.0,1501.0,1296.72,2023-09-02 04:54:00,"594 Street, Mumbai",Mumbai,In-Store,Corporate,South America,Cash,5.0,Rep_B,
3594,T3594,Dell XPS 13,Electronics,Laptops,1,1578.0,1578.0,1207.46,2023-08-21 11:21:00,"703 Street, Cairo",Cairo,Wholesale,Consumer,Europe,Card,8.0,Rep_C,
3595,T3595,MacBook Air,Electronics,Laptops,2,1120.0,2240.0,1787.98,2023-05-22 14:13:00,"771 Street, Nairobi",Nairobi,Wholesale,Consumer,Africa,Transfer,7.0,Rep_C,
3596,T3596,AirPods Pro,Electronics,Accessories,1,1188.0,1188.0,783.2,2023-01-31 21:09:00,"968 Street, Bangkok",Bangkok,In-Store,Corporate,Europe,Cash,8.0,Rep_C,
3597,T3597,Logitech Mouse,Electronics,Accessories,3,1604.0,4812.0,3120.21,2023-03-31 00:02:00,"414 Street, Cairo",Cairo,Online,Small Business,Africa,Transfer,,Rep_C,
3598,T3598,Logitech Mouse,Electronics,Accessories,1,696.0,696.0,625.27,2023-09-26 09:59:00,"202 Street, Mumbai",Mumbai,Online,Corporate,Asia,Cash,5.0,Rep_D,
3599,T3599,iPhone 13,Electronics,Phones,5,361.0,1805.0,1231.46,2023-06-05 22:41:00,"135 Street, Jakarta",Jakarta,Online,Corporate,Asia,Cash,8.0,Rep_A,
3600,T3600,Dell XPS 13,Electronics,Laptops,4,1438.0,5752.0,4237.26,2023-05-10 09:05:00,"912 Street, Nairobi",Nairobi,Online,Corporate,Africa,Card,8.0,Rep_A,
3601,T3601,Samsung Galaxy S21,Electronics,Phones,3,173.0,519.0,327.81,2023-04-12 16:01:00,"147 Street, Jakarta",Jakarta,Online,Corporate,Asia,Transfer,2.0,Rep_A,
3602,T3602,Samsung Galaxy S21,Electronics,Phones,2,1315.0,2630.0,1680.28,2023-12-02 03:20:00,"985 Street, São Paulo",São Paulo,Online,Corporate,Africa,Transfer,,Rep_D,
3603,T3603,Samsung Galaxy S21,Electronics,Phones,1,707.0,707.0,496.62,2023-01-18 18:40:00,"854 Street, Mumbai",Mumbai,Wholesale,Consumer,Asia,Card,3.0,Rep_B,
3604,T3604,Samsung Galaxy S21,Electronics,Phones,5,1483.0,7415.0,4864.41,2023-09-07 06:19:00,"898 Street, Mumbai",Mumbai,Wholesale,Small Business,Europe,Cash,4.0,Rep_C,
3605,T3605,MacBook Air,Electronics,Laptops,1,67.0,67.0,48.45,2023-12-27 19:51:00,"379 Street, Nairobi",Nairobi,In-Store,Consumer,Asia,Cash,8.0,Rep_B,
3606,T3606,27in 4K Gaming Monitor,Electronics,Monitors,2,1805.0,3610.0,2531.73,2023-05-02 13:55:00,"299 Street, Cairo",Cairo,Online,Small Business,Asia,Card,7.0,Rep_A,
3607,T3607,Samsung Galaxy S21,Electronics,Phones,4,773.0,3092.0,2194.28,2023-12-10 00:57:00,"730 Street, São Paulo",São Paulo,Online,Small Business,Africa,Card,,Rep_A,
3608,T3608,MacBook Air,Electronics,Laptops,2,1489.0,2978.0,1556.47,2023-08-08 13:02:00,"778 Street, Mumbai",Mumbai,Wholesale,Corporate,Africa,Cash,4.0,Rep_B,
3609,T3609,AirPods Pro,Electronics,Accessories,2,997.0,1994.0,1740.98,2023-02-22 19:31:00,"147 Street, Jakarta",Jakarta,Online,Corporate,Europe,Transfer,6.0,Rep_B,
3610,T3610,27in 4K Gaming Monitor,Electronics,Monitors,4,537.0,2148.0,1462.59,2023-03-13 15:39:00,"510 Street, São Paulo",São Paulo,Wholesale,Small Business,Asia,Card,,Rep_C,
3611,T3611,Logitech Mouse,Electronics,Accessories,1,152.0,152.0,89.07,2023-02-20 19:02:00,"400 Street, São Paulo",São Paulo,In-Store,Small Business,Europe,Card,2.0,Rep_C,
3612,T3612,AirPods Pro,Electronics,Accessories,4,965.0,3860.0,1967.47,2023-05-31 21:59:00,"303 Street, São Paulo",São Paulo,Wholesale,Corporate,Asia,Transfer,8.0,Rep_C,
3613,T3613,27in 4K Gaming Monitor,Electronics,Monitors,1,59.0,59.0,33.85,2023-09-14 06:46:00,"907 Street, Bangkok",Bangkok,Wholesale,Small Business,South America,Transfer,4.0,Rep_C,
3614,T3614,Dell XPS 13,Electronics,Laptops,3,261.0,783.0,643.77,2023-09-22 19:21:00,"23 Street, Lagos",Lagos,Wholesale,Consumer,Europe,Cash,,Rep_A,
3615,T3615,Dell XPS 13,Electronics,Laptops,4,1484.0,5936.0,4098.78,2023-08-30 15:28:00,"938 Street, Bangkok",Bangkok,In-Store,Consumer,Africa,Cash,,Rep_A,
3617,T3617,AirPods Pro,Electronics,Accessories,4,593.0,2372.0,1886.69,2023-12-09 21:56:00,"471 Street, São Paulo",São Paulo,In-Store,Corporate,Asia,Cash,6.0,Rep_A,
3618,T3618,Logitech Mouse,Electronics,Accessories,5,1511.0,7555.0,6357.09,2023-11-13 00:39:00,"240 Street, Bangkok",Bangkok,Wholesale,Small Business,Europe,Transfer,2.0,Rep_A,
3619,T3619,27in 4K Gaming Monitor,Electronics,Monitors,3,1264.0,3792.0,2462.84,2023-11-02 17:40:00,"421 Street, Nairobi",Nairobi,Online,Consumer,Asia,Card,4.0,Rep_B,
3620,T3620,iPhone 13,Electronics,Phones,4,744.0,2976.0,2324.78,2023-04-15 00:41:00,"152 Street, Nairobi",Nairobi,Wholesale,Corporate,South America,Card,8.0,Rep_A,
3621,T3621,AirPods Pro,Electronics,Accessories,2,1790.0,3580.0,3188.42,2023-08-23 13:29:00,"137 Street, Nairobi",Nairobi,Wholesale,Corporate,Europe,Transfer,7.0,Rep_B,
3622,T3622,Dell XPS 13,Electronics,Laptops,2,700.0,1400.0,1044.85,2023-06-27 01:19:00,"776 Street, Mumbai",Mumbai,Wholesale,Small Business,Europe,Transfer,7.0,Rep_A,
3623,T3623,AirPods Pro,Electronics,Accessories,4,1085.0,4340.0,2738.15,2023-09-14 22:42:00,"818 Street, Nairobi",Nairobi,In-Store,Corporate,South America,Transfer,9.0,Rep_A,
3624,T3624,AirPods Pro,Electronics,Accessories,2,1812.0,3624.0,1865.62,2023-03-17 15:51:00,"950 Street, Bangkok",Bangkok,Online,Corporate,Asia,Card,7.0,Rep_D,
3625,T3625,MacBook Air,Electronics,Laptops,3,569.0,1707.0,854.86,2023-03-19 21:11:00,"565 Street, Jakarta",Jakarta,Online,Consumer,Asia,Card,1.0,Rep_B,
3626,T3626,AirPods Pro,Electronics,Accessories,2,854.0,1708.0,921.2,2023-08-21 07:22:00,"230 Street, Jakarta",Jakarta,Online,Small Business,Europe,Cash,7.0,Rep_B,
3627,T3627,Samsung Galaxy S21,Electronics,Phones,3,217.0,651.0,374.79,2023-05-28 13:24:00,"319 Street, Bangkok",Bangkok,In-Store,Small Business,Europe,Card,5.0,Rep_A,
3628,T3628,Logitech Mouse,Electronics,Accessories,4,1944.0,7776.0,5975.86,2023-03-20 23:20:00,"756 Street, Bangkok",Bangkok,Online,Corporate,South America,Card,5.0,Rep_C,
3629,T3629,AirPods Pro,Electronics,Accessories,3,400.0,1200.0,766.72,2023-06-10 12:36:00,"934 Street, Lagos",Lagos,In-Store,Small Business,Asia,Cash,2.0,Rep_B,
3630,T3630,MacBook Air,Electronics,Laptops,2,609.0,1218.0,723.59,2023-02-27 02:13:00,"954 Street, Cairo",Cairo,In-Store,Small Business,Europe,Card,7.0,Rep_B,
3631,T3631,Samsung Galaxy S21,Electronics,Phones,5,437.0,2185.0,1200.82,2023-09-09 19:43:00,"388 Street, Jakarta",Jakarta,Online,Consumer,Europe,Card,,Rep_B,
3632,T3632,Dell XPS 13,Electronics,Laptops,2,1669.0,3338.0,2361.39,2023-07-08 23:19:00,"422 Street, São Paulo",São Paulo,In-Store,Small Business,Africa,Card,6.0,Rep_D,
3634,T3634,Samsung Galaxy S21,Electronics,Phones,1,1330.0,1330.0,954.68,2023-08-24 06:46:00,"666 Street, Nairobi",Nairobi,Wholesale,Corporate,Europe,Cash,9.0,Rep_A,
3635,T3635,27in 4K Gaming Monitor,Electronics,Monitors,4,1988.0,7952.0,5793.3,2023-11-07 02:55:00,"621 Street, Cairo",Cairo,Wholesale,Consumer,Asia,Cash,4.0,Rep_D,
3636,T3636,Samsung Galaxy S21,Electronics,Phones,2,1126.0,2252.0,1638.3,2023-09-24 23:11:00,"79 Street, Lagos",Lagos,Online,Corporate,Africa,Cash,5.0,Rep_A,
3637,T3637,iPhone 13,Electronics,Phones,3,69.0,207.0,125.07,2023-06-27 11:53:00,"892 Street, Jakarta",Jakarta,Wholesale,Consumer,Europe,Transfer,3.0,Rep_D,
3638,T3638,iPhone 13,Electronics,Phones,4,511.0,2044.0,1468.6,2023-11-11 01:57:00,"482 Street, Bangkok",Bangkok,Online,Corporate,Asia,Transfer,4.0,Rep_C,
3639,T3639,AirPods Pro,Electronics,Accessories,2,300.0,600.0,483.35,2023-07-02 09:06:00,"76 Street, Bangkok",Bangkok,Online,Consumer,Europe,Card,8.0,Rep_C,
3640,T3640,Samsung Galaxy S21,Electronics,Phones,1,1424.0,1424.0,1225.15,2023-03-24 20:31:00,"525 Street, Nairobi",Nairobi,Online,Consumer,South America,Card,6.0,Rep_C,
3641,T3641,AirPods Pro,Electronics,Accessories,4,124.0,496.0,384.64,2023-09-01 17:43:00,"479 Street, Bangkok",Bangkok,Online,Consumer,South America,Transfer,6.0,Rep_C,
3642,T3642,MacBook Air,Electronics,Laptops,3,1925.0,5775.0,4327.6,2023-01-19 14:54:00,"707 Street, Mumbai",Mumbai,Wholesale,Consumer,South America,Card,8.0,Rep_D,
3643,T3643,Logitech Mouse,Electronics,Accessories,3,787.0,2361.0,1261.54,2023-07-28 11:49:00,"41 Street, Cairo",Cairo,In-Store,Corporate,Europe,Transfer,8.0,Rep_B,
3644,T3644,Samsung Galaxy S21,Electronics,Phones,3,1637.0,4911.0,2744.5,2023-07-15 12:04:00,"30 Street, Nairobi",Nairobi,Online,Small Business,Europe,Card,6.0,Rep_C,
3645,T3645,AirPods Pro,Electronics,Accessories,4,1349.0,5396.0,3489.82,2023-02-18 19:09:00,"320 Street, Bangkok",Bangkok,Wholesale,Corporate,Africa,Card,8.0,Rep_D,
3646,T3646,Samsung Galaxy S21,Electronics,Phones,3,70.0,210.0,175.12,2023-01-06 09:15:00,"40 Street, Nairobi",Nairobi,In-Store,Small Business,South America,Transfer,7.0,Rep_B,
3647,T3647,Dell XPS 13,Electronics,Laptops,5,1584.0,7920.0,4837.77,2023-01-11 16:24:00,"777 Street, Lagos",Lagos,In-Store,Corporate,Asia,Card,3.0,Rep_A,
3648,T3648,Dell XPS 13,Electronics,Laptops,3,1577.0,4731.0,4162.08,2023-09-02 22:00:00,"897 Street, Cairo",Cairo,Online,Small Business,Europe,Cash,7.0,Rep_C,
3649,T3649,Samsung Galaxy S21,Electronics,Phones,5,199.0,995.0,827.52,2023-03-30 12:55:00,"704 Street, Bangkok",Bangkok,In-Store,Corporate,Africa,Card,9.0,Rep_A,
3650,T3650,AirPods Pro,Electronics,Accessories,5,1819.0,9095.0,7202.69,2023-03-11 21:20:00,"271 Street, Jakarta",Jakarta,In-Store,Small Business,Africa,Cash,7.0,Rep_C,
3651,T3651,27in 4K Gaming Monitor,Electronics,Monitors,4,118.0,472.0,381.26,2023-02-14 23:40:00,"860 Street, Nairobi",Nairobi,In-Store,Corporate,Europe,Card,1.0,Rep_D,
3652,T3652,AirPods Pro,Electronics,Accessories,5,1834.0,9170.0,8167.08,2023-02-28 18:51:00,"621 Street, Mumbai",Mumbai,In-Store,Small Business,Europe,Transfer,1.0,Rep_C,
3653,T3653,Dell XPS 13,Electronics,Laptops,4,365.0,1460.0,788.51,2023-05-24 07:41:00,"499 Street, Mumbai",Mumbai,In-Store,Consumer,Asia,Card,8.0,Rep_B,
3654,T3654,Dell XPS 13,Electronics,Laptops,5,1732.0,8660.0,6156.55,2023-03-13 10:00:00,"662 Street, Mumbai",Mumbai,Online,Consumer,Asia,Cash,7.0,Rep_B,
3655,T3655,AirPods Pro,Electronics,Accessories,1,1017.0,1017.0,838.14,2023-09-28 15:32:00,"664 Street, São Paulo",São Paulo,Online,Corporate,Europe,Cash,3.0,Rep_B,
3656,T3656,AirPods Pro,Electronics,Accessories,1,592.0,592.0,302.84,2023-10-06 08:17:00,"760 Street, Lagos",Lagos,Wholesale,Consumer,Africa,Cash,5.0,Rep_A,
3657,T3657,Samsung Galaxy S21,Electronics,Phones,5,888.0,4440.0,3116.57,2023-03-11 05:53:00,"63 Street, Lagos",Lagos,Online,Small Business,Africa,Transfer,6.0,Rep_D,
3658,T3658,Logitech Mouse,Electronics,Accessories,2,1601.0,3202.0,1927.21,2023-08-08 10:27:00,"920 Street, Cairo",Cairo,Online,Corporate,Europe,Card,7.0,Rep_D,
3659,T3659,27in 4K Gaming Monitor,Electronics,Monitors,3,1264.0,3792.0,3008.3,2023-12-20 08:09:00,"401 Street, Mumbai",Mumbai,Wholesale,Corporate,South America,Cash,8.0,Rep_B,
3660,T3660,Samsung Galaxy S21,Electronics,Phones,5,1883.0,9415.0,5748.65,2023-08-14 02:07:00,"815 Street, Mumbai",Mumbai,Wholesale,Small Business,South America,Transfer,2.0,Rep_C,
3661,T3661,iPhone 13,Electronics,Phones,3,1188.0,3564.0,2351.4,2023-07-21 20:28:00,"618 Street, Jakarta",Jakarta,Wholesale,Corporate,Asia,Cash,5.0,Rep_C,
3662,T3662,Dell XPS 13,Electronics,Laptops,2,196.0,392.0,248.26,2023-08-06 10:48:00,"76 Street, São Paulo",São Paulo,Wholesale,Corporate,South America,Cash,2.0,Rep_C,
3664,T3664,27in 4K Gaming Monitor,Electronics,Monitors,2,112.0,224.0,129.66,2023-11-19 02:00:00,"191 Street, Bangkok",Bangkok,In-Store,Corporate,Europe,Transfer,6.0,Rep_D,
3665,T3665,Dell XPS 13,Electronics,Laptops,3,1327.0,3981.0,1999.26,2023-11-19 12:35:00,"304 Street, Bangkok",Bangkok,In-Store,Corporate,Asia,Card,7.0,Rep_C,
3666,T3666,27in 4K Gaming Monitor,Electronics,Monitors,5,416.0,2080.0,1209.46,2023-08-01 04:54:00,"478 Street, Jakarta",Jakarta,Wholesale,Corporate,South America,Cash,1.0,Rep_D,
3667,T3667,Logitech Mouse,Electronics,Accessories,2,1993.0,3986.0,3010.64,2023-04-04 03:44:00,"495 Street, Lagos",Lagos,Wholesale,Consumer,Europe,Card,3.0,Rep_A,
3668,T3668,MacBook Air,Electronics,Laptops,2,1338.0,2676.0,1724.67,2023-06-30 21:03:00,"61 Street, Lagos",Lagos,Wholesale,Corporate,Asia,Cash,7.0,Rep_D,
3669,T3669,MacBook Air,Electronics,Laptops,5,939.0,4695.0,2376.82,2023-06-19 13:26:00,"898 Street, Nairobi",Nairobi,In-Store,Consumer,South America,Transfer,9.0,Rep_B,
3670,T3670,Samsung Galaxy S21,Electronics,Phones,3,1904.0,5712.0,3781.39,2023-02-09 03:58:00,"203 Street, São Paulo",São Paulo,Wholesale,Consumer,Africa,Cash,8.0,Rep_D,
3671,T3671,Logitech Mouse,Electronics,Accessories,2,1634.0,3268.0,2196.42,2023-03-18 05:27:00,"385 Street, Cairo",Cairo,Online,Corporate,Africa,Transfer,4.0,Rep_C,
3672,T3672,iPhone 13,Electronics,Phones,3,1308.0,3924.0,2437.24,2023-07-03 09:16:00,"448 Street, Jakarta",Jakarta,Online,Corporate,Africa,Card,8.0,Rep_D,
3673,T3673,Samsung Galaxy S21,Electronics,Phones,4,1170.0,4680.0,3854.79,2023-09-13 09:20:00,"549 Street, Bangkok",Bangkok,Online,Small Business,Asia,Cash,2.0,Rep_C,
3674,T3674,MacBook Air,Electronics,Laptops,3,240.0,720.0,458.94,2023-11-18 01:26:00,"831 Street, Mumbai",Mumbai,Wholesale,Small Business,Asia,Card,1.0,Rep_B,
3675,T3675,MacBook Air,Electronics,Laptops,2,414.0,828.0,457.11,2023-10-06 13:17:00,"300 Street, Nairobi",Nairobi,Online,Small Business,South America,Transfer,7.0,Rep_B,
3676,T3676,27in 4K Gaming Monitor,Electronics,Monitors,5,1242.0,6210.0,3797.05,2023-07-26 07:59:00,"177 Street, Mumbai",Mumbai,Online,Consumer,Africa,Transfer,9.0,Rep_C,
3677,T3677,Logitech Mouse,Electronics,Accessories,2,203.0,406.0,214.86,2023-08-31 03:50:00,"326 Street, Cairo",Cairo,In-Store,Corporate,Africa,Transfer,6.0,Rep_B,
3678,T3678,27in 4K Gaming Monitor,Electronics,Monitors,4,409.0,1636.0,1245.17,2023-01-03 17:41:00,"438 Street, Mumbai",Mumbai,Wholesale,Small Business,Asia,Transfer,5.0,Rep_B,
3679,T3679,Samsung Galaxy S21,Electronics,Phones,3,163.0,489.0,421.62,2023-09-04 16:53:00,"273 Street, Mumbai",Mumbai,Online,Corporate,Africa,Transfer,5.0,Rep_C,
3680,T3680,MacBook Air,Electronics,Laptops,2,1070.0,2140.0,1267.98,2023-03-19 14:21:00,"988 Street, Mumbai",Mumbai,In-Store,Corporate,Africa,Cash,7.0,Rep_C,
3681,T3681,Logitech Mouse,Electronics,Accessories,3,1110.0,3330.0,1686.09,2023-07-07 22:24:00,"755 Street, Cairo",Cairo,Online,Consumer,South America,Transfer,7.0,Rep_D,
3682,T3682,Samsung Galaxy S21,Electronics,Phones,3,1698.0,5094.0,2993.16,2023-09-11 23:02:00,"760 Street, São Paulo",São Paulo,Wholesale,Consumer,Africa,Cash,2.0,Rep_A,
3683,T3683,Logitech Mouse,Electronics,Accessories,2,145.0,290.0,220.12,2023-05-05 16:06:00,"536 Street, Nairobi",Nairobi,In-Store,Corporate,South America,Cash,1.0,Rep_B,
3684,T3684,iPhone 13,Electronics,Phones,2,1073.0,2146.0,1895.57,2023-07-04 05:18:00,"945 Street, Mumbai",Mumbai,Wholesale,Consumer,South America,Cash,5.0,Rep_D,
3685,T3685,Dell XPS 13,Electronics,Laptops,2,1213.0,2426.0,1626.08,2023-02-01 07:37:00,"147 Street, Nairobi",Nairobi,In-Store,Corporate,Europe,Cash,9.0,Rep_D,
3686,T3686,iPhone 13,Electronics,Phones,2,1828.0,3656.0,2758.69,2023-07-10 18:32:00,"173 Street, Jakarta",Jakarta,Wholesale,Consumer,Africa,Transfer,2.0,Rep_D,
3687,T3687,MacBook Air,Electronics,Laptops,5,664.0,3320.0,2518.85,2023-03-17 00:17:00,"415 Street, Nairobi",Nairobi,Wholesale,Small Business,Africa,Cash,6.0,Rep_A,
3688,T3688,Samsung Galaxy S21,Electronics,Phones,4,1412.0,5648.0,4206.91,2023-10-03 21:53:00,"65 Street, Jakarta",Jakarta,Wholesale,Corporate,Europe,Transfer,5.0,Rep_A,
3689,T3689,AirPods Pro,Electronics,Accessories,1,720.0,720.0,624.89,2023-12-11 18:58:00,"378 Street, Jakarta",Jakarta,In-Store,Consumer,Europe,Transfer,8.0,Rep_A,
3690,T3690,Samsung Galaxy S21,Electronics,Phones,1,1306.0,1306.0,731.05,2023-01-04 00:40:00,"482 Street, São Paulo",São Paulo,In-Store,Small Business,Asia,Card,1.0,Rep_D,
3691,T3691,iPhone 13,Electronics,Phones,4,522.0,2088.0,1350.03,2023-07-12 18:29:00,"906 Street, Lagos",Lagos,Wholesale,Consumer,Asia,Transfer,1.0,Rep_C,
3692,T3692,MacBook Air,Electronics,Laptops,4,1453.0,5812.0,4377.61,2023-01-25 03:53:00,"242 Street, São Paulo",São Paulo,Wholesale,Corporate,South America,Card,1.0,Rep_C,
3693,T3693,27in 4K Gaming Monitor,Electronics,Monitors,5,1384.0,6920.0,3591.52,2023-05-01 03:25:00,"511 Street, Nairobi",Nairobi,Online,Consumer,South America,Transfer,7.0,Rep_C,
3694,T3694,AirPods Pro,Electronics,Accessories,4,529.0,2116.0,1821.12,2023-09-14 23:29:00,"407 Street, Jakarta",Jakarta,In-Store,Small Business,Asia,Transfer,8.0,Rep_A,
3695,T3695,MacBook Air,Electronics,Laptops,1,888.0,888.0,795.38,2023-11-11 11:36:00,"369 Street, Lagos",Lagos,In-Store,Consumer,Asia,Card,8.0,Rep_B,
3696,T3696,Dell XPS 13,Electronics,Laptops,1,1509.0,1509.0,1328.87,2023-12-04 17:15:00,"829 Street, Cairo",Cairo,In-Store,Consumer,Asia,Cash,,Rep_D,
3697,T3697,AirPods Pro,Electronics,Accessories,5,537.0,2685.0,2401.37,2023-01-25 21:55:00,"668 Street, São Paulo",São Paulo,Online,Corporate,Asia,Card,2.0,Rep_B,
3698,T3698,AirPods Pro,Electronics,Accessories,4,1986.0,7944.0,6340.21,2023-05-17 13:54:00,"943 Street, Mumbai",Mumbai,Online,Small Business,South America,Card,4.0,Rep_C,
3699,T3699,iPhone 13,Electronics,Phones,2,1068.0,2136.0,1870.47,2023-05-19 18:18:00,"953 Street, Cairo",Cairo,In-Store,Corporate,South America,Cash,6.0,Rep_B,
3700,T3700,AirPods Pro,Electronics,Accessories,2,1447.0,2894.0,1787.18,2023-04-02 17:12:00,"700 Street, Mumbai",Mumbai,Wholesale,Small Business,South America,Cash,6.0,Rep_C,
3701,T3701,Dell XPS 13,Electronics,Laptops,4,1352.0,5408.0,3776.61,2023-05-30 21:57:00,"752 Street, Lagos",Lagos,Online,Small Business,Africa,Transfer,6.0,Rep_D,
3702,T3702,MacBook Air,Electronics,Laptops,2,1232.0,2464.0,1797.28,2023-03-30 07:11:00,"130 Street, Bangkok",Bangkok,Online,Small Business,Europe,Transfer,6.0,Rep_D,
3703,T3703,Dell XPS 13,Electronics,Laptops,5,1990.0,9950.0,8857.97,2023-10-12 14:20:00,"810 Street, Lagos",Lagos,In-Store,Small Business,Asia,Cash,3.0,Rep_D,
3704,T3704,Logitech Mouse,Electronics,Accessories,1,571.0,571.0,328.34,2023-04-24 08:04:00,"681 Street, Jakarta",Jakarta,Online,Small Business,Africa,Card,1.0,Rep_D,
3705,T3705,MacBook Air,Electronics,Laptops,5,168.0,840.0,583.35,2023-01-08 10:09:00,"718 Street, Lagos",Lagos,Wholesale,Consumer,Asia,Cash,5.0,Rep_C,
3706,T3706,Dell XPS 13,Electronics,Laptops,1,247.0,247.0,159.5,2023-12-22 00:29:00,"525 Street, Lagos",Lagos,Online,Corporate,South America,Card,6.0,Rep_D,
3707,T3707,MacBook Air,Electronics,Laptops,2,1653.0,3306.0,1958.93,2023-05-12 10:13:00,"637 Street, Nairobi",Nairobi,In-Store,Corporate,Africa,Cash,8.0,Rep_A,
3708,T3708,MacBook Air,Electronics,Laptops,1,514.0,514.0,407.71,2023-05-02 03:16:00,"209 Street, São Paulo",São Paulo,In-Store,Small Business,Europe,Card,3.0,Rep_B,
3709,T3709,Logitech Mouse,Electronics,Accessories,1,1959.0,1959.0,1307.39,2023-04-17 15:35:00,"947 Street, São Paulo",São Paulo,In-Store,Consumer,South America,Card,7.0,Rep_D,
3710,T3710,27in 4K Gaming Monitor,Electronics,Monitors,4,1406.0,5624.0,4214.51,2023-12-21 19:14:00,"858 Street, Nairobi",Nairobi,Wholesale,Consumer,Europe,Cash,2.0,Rep_A,
3711,T3711,MacBook Air,Electronics,Laptops,5,677.0,3385.0,2377.15,2023-09-01 02:54:00,"786 Street, São Paulo",São Paulo,Online,Consumer,South America,Card,8.0,Rep_C,
3712,T3712,Logitech Mouse,Electronics,Accessories,3,1692.0,5076.0,3861.69,2023-01-27 02:01:00,"648 Street, Lagos",Lagos,Wholesale,Corporate,Asia,Transfer,4.0,Rep_D,
3713,T3713,Logitech Mouse,Electronics,Accessories,5,1927.0,9635.0,8172.95,2023-01-18 04:11:00,"647 Street, Nairobi",Nairobi,In-Store,Consumer,Africa,Card,6.0,Rep_D,
3714,T3714,MacBook Air,Electronics,Laptops,2,1490.0,2980.0,1991.96,2023-03-07 16:00:00,"17 Street, Mumbai",Mumbai,Wholesale,Corporate,South America,Cash,6.0,Rep_D,
3715,T3715,AirPods Pro,Electronics,Accessories,3,566.0,1698.0,892.52,2023-04-01 23:58:00,"963 Street, São Paulo",São Paulo,In-Store,Consumer,Asia,Cash,7.0,Rep_D,
3716,T3716,Dell XPS 13,Electronics,Laptops,2,865.0,1730.0,1201.07,2023-11-08 08:58:00,"555 Street, Cairo",Cairo,Wholesale,Small Business,Africa,Transfer,9.0,Rep_A,
3717,T3717,Samsung Galaxy S21,Electronics,Phones,5,1758.0,8790.0,4610.82,2023-08-23 00:27:00,"887 Street, Bangkok",Bangkok,Wholesale,Small Business,Asia,Transfer,,Rep_D,
3718,T3718,AirPods Pro,Electronics,Accessories,2,687.0,1374.0,862.5,2023-07-20 04:28:00,"751 Street, Jakarta",Jakarta,In-Store,Corporate,South America,Cash,3.0,Rep_C,
3719,T3719,AirPods Pro,Electronics,Accessories,5,990.0,4950.0,3359.47,2023-07-13 09:08:00,"866 Street, São Paulo",São Paulo,In-Store,Small Business,Europe,Cash,1.0,Rep_D,
3720,T3720,Samsung Galaxy S21,Electronics,Phones,2,1867.0,3734.0,1877.52,2023-10-08 11:30:00,"342 Street, São Paulo",São Paulo,In-Store,Consumer,Europe,Cash,1.0,Rep_A,
3721,T3721,AirPods Pro,Electronics,Accessories,5,1619.0,8095.0,5031.73,2023-04-23 15:59:00,"638 Street, Bangkok",Bangkok,Online,Corporate,South America,Card,5.0,Rep_B,
3722,T3722,iPhone 13,Electronics,Phones,3,1656.0,4968.0,2702.36,2023-07-14 12:02:00,"735 Street, Nairobi",Nairobi,Wholesale,Consumer,Asia,Cash,4.0,Rep_D,
3723,T3723,27in 4K Gaming Monitor,Electronics,Monitors,3,1802.0,5406.0,4409.54,2023-07-20 21:40:00,"727 Street, São Paulo",São Paulo,Wholesale,Small Business,South America,Transfer,7.0,Rep_A,
3724,T3724,MacBook Air,Electronics,Laptops,2,821.0,1642.0,1251.81,2023-05-06 02:49:00,"794 Street, Cairo",Cairo,In-Store,Corporate,South America,Cash,5.0,Rep_B,
3725,T3725,27in 4K Gaming Monitor,Electronics,Monitors,3,1552.0,4656.0,3019.98,2023-07-15 09:03:00,"584 Street, Mumbai",Mumbai,In-Store,Corporate,Africa,Transfer,2.0,Rep_D,
3726,T3726,Dell XPS 13,Electronics,Laptops,4,1282.0,5128.0,2771.02,2023-11-01 15:40:00,"107 Street, Bangkok",Bangkok,Online,Consumer,Asia,Card,8.0,Rep_A,
3728,T3728,Dell XPS 13,Electronics,Laptops,2,310.0,620.0,373.31,2023-05-30 23:25:00,"12 Street, Nairobi",Nairobi,In-Store,Corporate,Africa,Transfer,7.0,Rep_C,
3729,T3729,Logitech Mouse,Electronics,Accessories,4,287.0,1148.0,698.68,2023-05-22 09:49:00,"296 Street, Jakarta",Jakarta,In-Store,Small Business,Asia,Card,1.0,Rep_D,
3730,T3730,MacBook Air,Electronics,Laptops,2,1511.0,3022.0,1970.73,2023-05-20 04:36:00,"506 Street, Jakarta",Jakarta,In-Store,Consumer,Africa,Cash,2.0,Rep_D,
3731,T3731,iPhone 13,Electronics,Phones,5,1355.0,6775.0,5929.78,2023-08-21 03:08:00,"407 Street, Mumbai",Mumbai,In-Store,Small Business,Asia,Transfer,2.0,Rep_A,
3732,T3732,Logitech Mouse,Electronics,Accessories,2,802.0,1604.0,1353.5,2023-10-26 23:54:00,"415 Street, São Paulo",São Paulo,Wholesale,Consumer,Africa,Transfer,,Rep_C,
3733,T3733,Samsung Galaxy S21,Electronics,Phones,2,481.0,962.0,732.9,2023-12-15 09:09:00,"882 Street, Jakarta",Jakarta,Wholesale,Corporate,Asia,Card,2.0,Rep_A,
3734,T3734,MacBook Air,Electronics,Laptops,5,1500.0,7500.0,5050.57,2023-10-26 18:24:00,"99 Street, Bangkok",Bangkok,In-Store,Small Business,Africa,Card,,Rep_C,
3735,T3735,Logitech Mouse,Electronics,Accessories,3,1306.0,3918.0,3416.32,2023-11-28 05:39:00,"291 Street, Bangkok",Bangkok,Online,Small Business,Asia,Transfer,5.0,Rep_C,
3736,T3736,iPhone 13,Electronics,Phones,3,1040.0,3120.0,1716.4,2023-11-05 20:29:00,"385 Street, Bangkok",Bangkok,Online,Small Business,Africa,Transfer,6.0,Rep_D,
3737,T3737,MacBook Air,Electronics,Laptops,5,1270.0,6350.0,4562.69,2023-03-20 02:47:00,"72 Street, Lagos",Lagos,Online,Small Business,Europe,Transfer,5.0,Rep_A,
3738,T3738,AirPods Pro,Electronics,Accessories,5,57.0,285.0,197.79,2023-02-13 16:07:00,"288 Street, Bangkok",Bangkok,Wholesale,Consumer,Europe,Card,3.0,Rep_D,
3739,T3739,AirPods Pro,Electronics,Accessories,4,275.0,1100.0,706.06,2023-10-14 23:02:00,"410 Street, Mumbai",Mumbai,In-Store,Small Business,South America,Card,6.0,Rep_D,
3740,T3740,iPhone 13,Electronics,Phones,1,1101.0,1101.0,771.48,2023-07-20 07:36:00,"305 Street, Nairobi",Nairobi,In-Store,Small Business,Asia,Card,8.0,Rep_A,
3741,T3741,Logitech Mouse,Electronics,Accessories,2,436.0,872.0,707.22,2023-04-01 19:56:00,"664 Street, Nairobi",Nairobi,In-Store,Small Business,South America,Cash,3.0,Rep_D,
3742,T3742,Samsung Galaxy S21,Electronics,Phones,3,1652.0,4956.0,4395.88,2023-01-17 05:46:00,"444 Street, Jakarta",Jakarta,In-Store,Small Business,Asia,Cash,1.0,Rep_B,
3743,T3743,iPhone 13,Electronics,Phones,5,283.0,1415.0,1078.69,2023-07-04 13:45:00,"918 Street, Lagos",Lagos,In-Store,Small Business,South America,Transfer,6.0,Rep_C,
3745,T3745,Logitech Mouse,Electronics,Accessories,2,188.0,376.0,304.14,2023-11-29 07:06:00,"809 Street, Jakarta",Jakarta,Online,Consumer,Africa,Card,8.0,Rep_D,
3746,T3746,MacBook Air,Electronics,Laptops,4,1750.0,7000.0,5288.15,2023-09-06 23:44:00,"246 Street, Cairo",Cairo,In-Store,Small Business,Asia,Transfer,1.0,Rep_B,
3747,T3747,AirPods Pro,Electronics,Accessories,1,541.0,541.0,447.67,2023-06-24 07:58:00,"552 Street, Nairobi",Nairobi,Wholesale,Corporate,Africa,Cash,8.0,Rep_B,
3748,T3748,AirPods Pro,Electronics,Accessories,4,242.0,968.0,514.59,2023-07-08 16:22:00,"643 Street, Nairobi",Nairobi,Wholesale,Corporate,South America,Cash,1.0,Rep_D,
3751,T3751,iPhone 13,Electronics,Phones,5,398.0,1990.0,1747.87,2023-06-19 14:47:00,"365 Street, Cairo",Cairo,Wholesale,Consumer,Europe,Cash,9.0,Rep_B,
3752,T3752,Dell XPS 13,Electronics,Laptops,2,885.0,1770.0,1251.6,2023-01-30 00:34:00,"418 Street, Nairobi",Nairobi,Wholesale,Consumer,South America,Cash,5.0,Rep_D,
3753,T3753,Dell XPS 13,Electronics,Laptops,5,1800.0,9000.0,5727.97,2023-03-01 13:22:00,"547 Street, Jakarta",Jakarta,Wholesale,Consumer,Africa,Transfer,9.0,Rep_B,
3754,T3754,iPhone 13,Electronics,Phones,5,441.0,2205.0,1486.92,2023-07-11 09:36:00,"352 Street, São Paulo",São Paulo,In-Store,Corporate,Europe,Card,,Rep_C,
3755,T3755,iPhone 13,Electronics,Phones,2,363.0,726.0,549.24,2023-04-09 12:03:00,"904 Street, Bangkok",Bangkok,In-Store,Consumer,Europe,Transfer,8.0,Rep_D,
3756,T3756,AirPods Pro,Electronics,Accessories,1,530.0,530.0,374.01,2023-07-02 00:18:00,"5 Street, São Paulo",São Paulo,In-Store,Corporate,Europe,Transfer,8.0,Rep_A,
3757,T3757,Logitech Mouse,Electronics,Accessories,4,1013.0,4052.0,3413.3,2023-02-20 05:16:00,"819 Street, Jakarta",Jakarta,In-Store,Corporate,Asia,Transfer,1.0,Rep_B,
3758,T3758,AirPods Pro,Electronics,Accessories,1,60.0,60.0,43.64,2023-04-02 08:54:00,"281 Street, Nairobi",Nairobi,Online,Small Business,Asia,Card,3.0,Rep_C,
3760,T3760,Dell XPS 13,Electronics,Laptops,3,1412.0,4236.0,3364.24,2023-12-29 10:26:00,"12 Street, São Paulo",São Paulo,Online,Consumer,Europe,Transfer,1.0,Rep_B,
3761,T3761,27in 4K Gaming Monitor,Electronics,Monitors,1,320.0,320.0,182.08,2023-03-06 09:03:00,"608 Street, Lagos",Lagos,Wholesale,Consumer,Europe,Cash,1.0,Rep_C,
3762,T3762,Dell XPS 13,Electronics,Laptops,3,981.0,2943.0,1478.57,2023-01-24 02:18:00,"907 Street, Jakarta",Jakarta,Online,Small Business,South America,Transfer,4.0,Rep_B,
3763,T3763,MacBook Air,Electronics,Laptops,5,1274.0,6370.0,5505.58,2023-05-31 00:29:00,"878 Street, Jakarta",Jakarta,Online,Small Business,Asia,Cash,4.0,Rep_B,
3764,T3764,Samsung Galaxy S21,Electronics,Phones,5,1172.0,5860.0,4571.44,2023-07-12 15:56:00,"954 Street, Cairo",Cairo,Wholesale,Small Business,Africa,Transfer,6.0,Rep_A,
3765,T3765,AirPods Pro,Electronics,Accessories,1,357.0,357.0,227.29,2023-12-22 07:31:00,"526 Street, Jakarta",Jakarta,In-Store,Corporate,Europe,Transfer,1.0,Rep_B,
3766,T3766,27in 4K Gaming Monitor,Electronics,Monitors,1,1463.0,1463.0,944.97,2023-10-16 13:55:00,"541 Street, Jakarta",Jakarta,Wholesale,Corporate,Asia,Transfer,,Rep_C,
3767,T3767,Dell XPS 13,Electronics,Laptops,1,348.0,348.0,282.76,2023-09-02 03:20:00,"13 Street, Cairo",Cairo,In-Store,Small Business,Europe,Card,4.0,Rep_A,
3768,T3768,Logitech Mouse,Electronics,Accessories,5,327.0,1635.0,1052.27,2023-03-29 04:15:00,"499 Street, Nairobi",Nairobi,Wholesale,Corporate,South America,Card,2.0,Rep_A,
3769,T3769,Logitech Mouse,Electronics,Accessories,4,870.0,3480.0,2914.96,2023-11-10 19:58:00,"950 Street, Mumbai",Mumbai,In-Store,Corporate,Africa,Card,4.0,Rep_D,
3770,T3770,Samsung Galaxy S21,Electronics,Phones,1,1238.0,1238.0,1044.09,2023-10-22 12:41:00,"779 Street, Mumbai",Mumbai,Online,Consumer,South America,Transfer,6.0,Rep_D,
3771,T3771,Samsung Galaxy S21,Electronics,Phones,4,715.0,2860.0,1753.34,2023-08-09 13:49:00,"439 Street, Nairobi",Nairobi,Online,Consumer,Asia,Transfer,7.0,Rep_C,
3772,T3772,MacBook Air,Electronics,Laptops,5,490.0,2450.0,1690.81,2023-09-01 17:30:00,"249 Street, Lagos",Lagos,Wholesale,Small Business,Africa,Cash,4.0,Rep_D,
3773,T3773,Dell XPS 13,Electronics,Laptops,5,259.0,1295.0,840.07,2023-06-13 22:11:00,"26 Street, Nairobi",Nairobi,Wholesale,Corporate,Europe,Cash,3.0,Rep_C,
3774,T3774,Dell XPS 13,Electronics,Laptops,2,1944.0,3888.0,2402.67,2023-03-18 04:25:00,"52 Street, Cairo",Cairo,Wholesale,Small Business,Europe,Card,,Rep_C,
3775,T3775,iPhone 13,Electronics,Phones,1,921.0,921.0,624.7,2023-01-07 14:34:00,"748 Street, Nairobi",Nairobi,Online,Corporate,Africa,Transfer,,Rep_B,
3777,T3777,27in 4K Gaming Monitor,Electronics,Monitors,5,1860.0,9300.0,6890.68,2023-01-02 01:48:00,"763 Street, Nairobi",Nairobi,In-Store,Small Business,Africa,Cash,2.0,Rep_A,
3778,T3778,Logitech Mouse,Electronics,Accessories,4,1676.0,6704.0,4542.8,2023-12-07 07:49:00,"14 Street, Cairo",Cairo,Wholesale,Corporate,South America,Card,6.0,Rep_A,
3779,T3779,iPhone 13,Electronics,Phones,5,1665.0,8325.0,4746.71,2023-06-29 23:34:00,"946 Street, São Paulo",São Paulo,In-Store,Consumer,Asia,Cash,3.0,Rep_B,
3780,T3780,27in 4K Gaming Monitor,Electronics,Monitors,2,152.0,304.0,162.66,2023-02-20 14:34:00,"880 Street, Mumbai",Mumbai,Wholesale,Corporate,South America,Card,,Rep_C,
3781,T3781,Logitech Mouse,Electronics,Accessories,4,1457.0,5828.0,5094.98,2023-09-20 09:14:00,"808 Street, São Paulo",São Paulo,In-Store,Small Business,Africa,Transfer,1.0,Rep_B,
3783,T3783,AirPods Pro,Electronics,Accessories,1,1728.0,1728.0,1049.02,2023-04-10 06:51:00,"946 Street, Jakarta",Jakarta,Wholesale,Consumer,Asia,Transfer,4.0,Rep_B,
3784,T3784,AirPods Pro,Electronics,Accessories,5,1291.0,6455.0,4997.64,2023-10-13 15:51:00,"809 Street, São Paulo",São Paulo,In-Store,Corporate,South America,Cash,8.0,Rep_A,
3785,T3785,AirPods Pro,Electronics,Accessories,3,1587.0,4761.0,3147.12,2023-04-01 04:49:00,"422 Street, Bangkok",Bangkok,Online,Consumer,South America,Card,3.0,Rep_D,
3786,T3786,AirPods Pro,Electronics,Accessories,2,552.0,1104.0,910.76,2023-04-02 23:02:00,"799 Street, Mumbai",Mumbai,Wholesale,Corporate,South America,Card,5.0,Rep_B,
3787,T3787,Logitech Mouse,Electronics,Accessories,2,1178.0,2356.0,1599.41,2023-08-07 15:02:00,"28 Street, Cairo",Cairo,In-Store,Consumer,South America,Transfer,7.0,Rep_B,
3788,T3788,Samsung Galaxy S21,Electronics,Phones,4,185.0,740.0,461.46,2023-10-31 04:43:00,"454 Street, Mumbai",Mumbai,In-Store,Corporate,South America,Transfer,3.0,Rep_C,
3789,T3789,iPhone 13,Electronics,Phones,5,498.0,2490.0,1587.51,2023-01-14 05:29:00,"737 Street, Cairo",Cairo,Wholesale,Corporate,Europe,Card,4.0,Rep_D,
3790,T3790,iPhone 13,Electronics,Phones,5,481.0,2405.0,1990.34,2023-10-20 22:19:00,"24 Street, Jakarta",Jakarta,Wholesale,Corporate,Asia,Transfer,5.0,Rep_B,
3791,T3791,AirPods Pro,Electronics,Accessories,5,1995.0,9975.0,8650.39,2023-03-26 00:03:00,"215 Street, Mumbai",Mumbai,Online,Corporate,Europe,Cash,7.0,Rep_D,
3792,T3792,Logitech Mouse,Electronics,Accessories,2,896.0,1792.0,1358.33,2023-03-27 10:23:00,"623 Street, São Paulo",São Paulo,Wholesale,Consumer,South America,Cash,9.0,Rep_B,
3793,T3793,AirPods Pro,Electronics,Accessories,1,1578.0,1578.0,1368.12,2023-12-31 22:04:00,"518 Street, Bangkok",Bangkok,In-Store,Small Business,Europe,Cash,9.0,Rep_B,
3794,T3794,iPhone 13,Electronics,Phones,2,447.0,894.0,709.42,2023-04-25 01:03:00,"548 Street, Jakarta",Jakarta,In-Store,Corporate,Africa,Transfer,4.0,Rep_A,
3795,T3795,MacBook Air,Electronics,Laptops,2,1076.0,2152.0,1671.2,2023-09-07 02:42:00,"251 Street, Nairobi",Nairobi,Wholesale,Consumer,Europe,Card,8.0,Rep_C,
3796,T3796,MacBook Air,Electronics,Laptops,4,1007.0,4028.0,2273.47,2023-10-16 08:11:00,"739 Street, Nairobi",Nairobi,In-Store,Small Business,Europe,Transfer,3.0,Rep_B,
3797,T3797,MacBook Air,Electronics,Laptops,4,702.0,2808.0,2264.85,2023-02-12 23:46:00,"722 Street, Nairobi",Nairobi,Online,Corporate,South America,Transfer,1.0,Rep_A,
3798,T3798,27in 4K Gaming Monitor,Electronics,Monitors,4,1870.0,7480.0,5501.3,2023-11-17 05:48:00,"862 Street, Cairo",Cairo,Online,Corporate,Europe,Card,8.0,Rep_D,
3799,T3799,AirPods Pro,Electronics,Accessories,4,688.0,2752.0,2095.12,2023-06-18 16:45:00,"605 Street, São Paulo",São Paulo,Online,Consumer,Africa,Cash,8.0,Rep_A,
3800,T3800,MacBook Air,Electronics,Laptops,1,802.0,802.0,609.15,2023-04-15 04:00:00,"482 Street, São Paulo",São Paulo,In-Store,Corporate,Asia,Cash,,Rep_D,
3801,T3801,AirPods Pro,Electronics,Accessories,1,1725.0,1725.0,1467.0,2023-01-16 05:48:00,"333 Street, São Paulo",São Paulo,Online,Corporate,Asia,Card,9.0,Rep_C,
3802,T3802,Samsung Galaxy S21,Electronics,Phones,1,1927.0,1927.0,1158.71,2023-08-21 15:28:00,"596 Street, São Paulo",São Paulo,Online,Consumer,Asia,Cash,2.0,Rep_A,
3803,T3803,27in 4K Gaming Monitor,Electronics,Monitors,2,336.0,672.0,513.74,2023-12-23 04:07:00,"248 Street, Jakarta",Jakarta,Online,Consumer,Africa,Card,,Rep_C,
3805,T3805,iPhone 13,Electronics,Phones,4,1425.0,5700.0,4161.66,2023-03-27 04:30:00,"446 Street, São Paulo",São Paulo,Online,Corporate,South America,Card,8.0,Rep_B,
3806,T3806,iPhone 13,Electronics,Phones,3,1211.0,3633.0,2076.37,2023-02-06 14:19:00,"404 Street, Lagos",Lagos,Online,Consumer,Asia,Cash,2.0,Rep_A,
3807,T3807,27in 4K Gaming Monitor,Electronics,Monitors,4,416.0,1664.0,1093.13,2023-06-24 17:51:00,"736 Street, Mumbai",Mumbai,In-Store,Small Business,Asia,Card,5.0,Rep_B,
3808,T3808,MacBook Air,Electronics,Laptops,2,878.0,1756.0,1490.95,2023-04-10 07:18:00,"837 Street, Cairo",Cairo,Wholesale,Consumer,Asia,Cash,2.0,Rep_D,
3809,T3809,Samsung Galaxy S21,Electronics,Phones,3,1176.0,3528.0,2724.99,2023-08-14 12:57:00,"7 Street, Cairo",Cairo,Wholesale,Corporate,South America,Cash,6.0,Rep_D,
3810,T3810,MacBook Air,Electronics,Laptops,2,1490.0,2980.0,2338.8,2023-11-21 01:15:00,"299 Street, Jakarta",Jakarta,Online,Small Business,South America,Transfer,3.0,Rep_A,
3811,T3811,Samsung Galaxy S21,Electronics,Phones,1,667.0,667.0,577.17,2023-10-11 08:55:00,"772 Street, Bangkok",Bangkok,In-Store,Consumer,Europe,Cash,9.0,Rep_D,
3813,T3813,27in 4K Gaming Monitor,Electronics,Monitors,1,486.0,486.0,312.91,2023-10-11 19:41:00,"540 Street, Nairobi",Nairobi,In-Store,Consumer,South America,Card,,Rep_C,
3814,T3814,Logitech Mouse,Electronics,Accessories,3,1377.0,4131.0,3479.45,2023-12-27 18:57:00,"1 Street, Lagos",Lagos,In-Store,Small Business,Africa,Cash,8.0,Rep_A,
3815,T3815,AirPods Pro,Electronics,Accessories,2,468.0,936.0,548.24,2023-03-20 10:33:00,"814 Street, Jakarta",Jakarta,In-Store,Corporate,Asia,Transfer,2.0,Rep_B,
3816,T3816,iPhone 13,Electronics,Phones,5,1829.0,9145.0,5732.96,2023-07-23 17:30:00,"488 Street, Mumbai",Mumbai,Wholesale,Small Business,Africa,Transfer,4.0,Rep_B,
3817,T3817,Dell XPS 13,Electronics,Laptops,3,1874.0,5622.0,3585.92,2023-02-02 02:17:00,"661 Street, Lagos",Lagos,Online,Consumer,South America,Cash,4.0,Rep_D,
3818,T3818,AirPods Pro,Electronics,Accessories,4,1964.0,7856.0,4302.82,2023-08-25 12:30:00,"39 Street, Lagos",Lagos,In-Store,Small Business,Asia,Transfer,9.0,Rep_B,
3819,T3819,Logitech Mouse,Electronics,Accessories,2,519.0,1038.0,825.7,2023-11-21 18:56:00,"534 Street, Mumbai",Mumbai,Online,Corporate,South America,Card,3.0,Rep_A,
3820,T3820,27in 4K Gaming Monitor,Electronics,Monitors,2,669.0,1338.0,777.25,2023-10-26 22:09:00,"55 Street, São Paulo",São Paulo,In-Store,Consumer,Asia,Transfer,1.0,Rep_B,
3821,T3821,iPhone 13,Electronics,Phones,5,1263.0,6315.0,3531.69,2023-06-22 16:14:00,"572 Street, São Paulo",São Paulo,Online,Consumer,Asia,Cash,8.0,Rep_B,
3822,T3822,Samsung Galaxy S21,Electronics,Phones,5,136.0,680.0,425.8,2023-07-09 23:21:00,"456 Street, Mumbai",Mumbai,Wholesale,Corporate,Asia,Card,6.0,Rep_B,
3823,T3823,MacBook Air,Electronics,Laptops,4,1548.0,6192.0,4349.62,2023-09-05 22:04:00,"593 Street, Mumbai",Mumbai,In-Store,Corporate,Europe,Cash,,Rep_B,
3825,T3825,iPhone 13,Electronics,Phones,3,229.0,687.0,423.53,2023-01-15 00:14:00,"48 Street, Cairo",Cairo,Wholesale,Consumer,South America,Card,7.0,Rep_D,
3827,T3827,Dell XPS 13,Electronics,Laptops,1,603.0,603.0,315.0,2023-01-29 17:18:00,"946 Street, Jakarta",Jakarta,In-Store,Corporate,Africa,Card,,Rep_D,
3828,T3828,AirPods Pro,Electronics,Accessories,2,1412.0,2824.0,2241.33,2023-11-27 07:42:00,"445 Street, São Paulo",São Paulo,Wholesale,Corporate,Africa,Cash,2.0,Rep_D,
3829,T3829,iPhone 13,Electronics,Phones,1,993.0,993.0,851.95,2023-12-02 00:51:00,"752 Street, Lagos",Lagos,Wholesale,Corporate,Africa,Cash,4.0,Rep_B,
3830,T3830,Dell XPS 13,Electronics,Laptops,2,637.0,1274.0,813.33,2023-11-02 04:54:00,"371 Street, Jakarta",Jakarta,Wholesale,Consumer,Europe,Card,,Rep_C,
3831,T3831,iPhone 13,Electronics,Phones,2,1544.0,3088.0,1694.19,2023-11-06 03:55:00,"453 Street, Cairo",Cairo,Wholesale,Corporate,Asia,Transfer,5.0,Rep_A,
3832,T3832,Logitech Mouse,Electronics,Accessories,4,1143.0,4572.0,2764.98,2023-08-07 21:45:00,"187 Street, Jakarta",Jakarta,In-Store,Consumer,Asia,Cash,8.0,Rep_A,
3833,T3833,Dell XPS 13,Electronics,Laptops,2,56.0,112.0,87.38,2023-06-29 05:55:00,"889 Street, Cairo",Cairo,Wholesale,Corporate,Africa,Card,2.0,Rep_A,
3834,T3834,Logitech Mouse,Electronics,Accessories,1,768.0,768.0,479.24,2023-12-31 04:16:00,"24 Street, Lagos",Lagos,In-Store,Corporate,South America,Transfer,9.0,Rep_B,
3835,T3835,Dell XPS 13,Electronics,Laptops,4,1797.0,7188.0,3675.1,2023-01-21 16:15:00,"492 Street, Bangkok",Bangkok,In-Store,Consumer,Europe,Cash,,Rep_C,
3836,T3836,Dell XPS 13,Electronics,Laptops,4,445.0,1780.0,915.76,2023-05-13 21:35:00,"422 Street, Jakarta",Jakarta,Wholesale,Consumer,Europe,Transfer,6.0,Rep_C,
3837,T3837,iPhone 13,Electronics,Phones,4,1647.0,6588.0,3466.88,2023-08-24 07:24:00,"970 Street, Bangkok",Bangkok,Online,Consumer,Europe,Card,1.0,Rep_D,
3838,T3838,AirPods Pro,Electronics,Accessories,3,58.0,174.0,131.71,2023-06-26 04:51:00,"283 Street, Lagos",Lagos,Wholesale,Consumer,Asia,Card,6.0,Rep_C,
3839,T3839,Dell XPS 13,Electronics,Laptops,1,1785.0,1785.0,1417.39,2023-07-03 02:52:00,"624 Street, Lagos",Lagos,In-Store,Consumer,Africa,Card,1.0,Rep_C,
3840,T3840,iPhone 13,Electronics,Phones,1,1065.0,1065.0,851.36,2023-01-29 21:42:00,"459 Street, Bangkok",Bangkok,In-Store,Corporate,South America,Transfer,3.0,Rep_B,
3841,T3841,AirPods Pro,Electronics,Accessories,2,414.0,828.0,445.57,2023-05-19 23:57:00,"861 Street, Cairo",Cairo,Wholesale,Consumer,South America,Transfer,,Rep_C,
3842,T3842,AirPods Pro,Electronics,Accessories,2,1864.0,3728.0,2807.78,2023-09-27 08:10:00,"620 Street, São Paulo",São Paulo,In-Store,Consumer,South America,Card,,Rep_A,
3843,T3843,iPhone 13,Electronics,Phones,4,1173.0,4692.0,3999.36,2023-01-17 00:19:00,"822 Street, São Paulo",São Paulo,In-Store,Small Business,South America,Transfer,1.0,Rep_A,
3844,T3844,MacBook Air,Electronics,Laptops,1,1597.0,1597.0,1403.75,2023-02-26 21:17:00,"862 Street, Jakarta",Jakarta,In-Store,Small Business,South America,Cash,9.0,Rep_B,
3846,T3846,27in 4K Gaming Monitor,Electronics,Monitors,3,1632.0,4896.0,3809.27,2023-06-09 18:41:00,"905 Street, Jakarta",Jakarta,In-Store,Small Business,Africa,Card,,Rep_D,
3847,T3847,iPhone 13,Electronics,Phones,2,1411.0,2822.0,1852.88,2023-09-29 23:13:00,"351 Street, Cairo",Cairo,Wholesale,Small Business,Africa,Transfer,2.0,Rep_C,
3848,T3848,27in 4K Gaming Monitor,Electronics,Monitors,3,313.0,939.0,573.15,2023-12-15 22:32:00,"104 Street, Lagos",Lagos,In-Store,Small Business,Africa,Card,4.0,Rep_A,
3849,T3849,iPhone 13,Electronics,Phones,3,111.0,333.0,177.92,2023-10-22 00:43:00,"969 Street, Lagos",Lagos,In-Store,Small Business,Europe,Cash,4.0,Rep_B,
3850,T3850,Dell XPS 13,Electronics,Laptops,4,1905.0,7620.0,4766.71,2023-09-15 02:13:00,"324 Street, Cairo",Cairo,Online,Consumer,Europe,Cash,,Rep_D,
3852,T3852,Dell XPS 13,Electronics,Laptops,4,1852.0,7408.0,4295.81,2023-08-02 07:46:00,"375 Street, Bangkok",Bangkok,Wholesale,Small Business,Europe,Card,4.0,Rep_C,
3853,T3853,MacBook Air,Electronics,Laptops,3,1753.0,5259.0,2932.83,2023-03-16 19:52:00,"595 Street, São Paulo",São Paulo,In-Store,Consumer,Asia,Transfer,5.0,Rep_B,
3854,T3854,Logitech Mouse,Electronics,Accessories,5,1818.0,9090.0,4811.09,2023-07-04 04:47:00,"81 Street, Cairo",Cairo,In-Store,Corporate,Africa,Card,3.0,Rep_D,
3855,T3855,27in 4K Gaming Monitor,Electronics,Monitors,5,418.0,2090.0,1067.93,2023-03-26 23:20:00,"982 Street, Lagos",Lagos,Online,Corporate,Africa,Cash,2.0,Rep_B,
3856,T3856,Logitech Mouse,Electronics,Accessories,2,1014.0,2028.0,1163.17,2023-12-24 09:08:00,"645 Street, São Paulo",São Paulo,Online,Consumer,Europe,Cash,4.0,Rep_D,
3857,T3857,Dell XPS 13,Electronics,Laptops,2,316.0,632.0,341.31,2023-10-31 17:23:00,"727 Street, Cairo",Cairo,Online,Small Business,South America,Card,4.0,Rep_A,
3858,T3858,Logitech Mouse,Electronics,Accessories,3,239.0,717.0,367.19,2023-01-10 21:22:00,"315 Street, Jakarta",Jakarta,Wholesale,Consumer,Europe,Cash,1.0,Rep_D,
3859,T3859,MacBook Air,Electronics,Laptops,4,1903.0,7612.0,5161.39,2023-06-01 10:42:00,"578 Street, Cairo",Cairo,Online,Consumer,Africa,Transfer,5.0,Rep_A,
3860,T3860,iPhone 13,Electronics,Phones,2,451.0,902.0,637.15,2023-04-23 20:01:00,"737 Street, Mumbai",Mumbai,In-Store,Small Business,Africa,Transfer,4.0,Rep_C,
3861,T3861,Samsung Galaxy S21,Electronics,Phones,5,486.0,2430.0,1349.77,2023-10-19 16:26:00,"723 Street, Mumbai",Mumbai,In-Store,Consumer,Africa,Cash,,Rep_A,
3862,T3862,Dell XPS 13,Electronics,Laptops,5,916.0,4580.0,3288.07,2023-08-08 11:01:00,"827 Street, Cairo",Cairo,In-Store,Small Business,South America,Transfer,1.0,Rep_B,
3863,T3863,iPhone 13,Electronics,Phones,1,1837.0,1837.0,1309.66,2023-02-22 19:51:00,"521 Street, Jakarta",Jakarta,Wholesale,Consumer,Europe,Card,5.0,Rep_C,
3864,T3864,AirPods Pro,Electronics,Accessories,2,1243.0,2486.0,1326.84,2023-04-21 04:19:00,"458 Street, Cairo",Cairo,Online,Consumer,Europe,Transfer,2.0,Rep_B,
3865,T3865,AirPods Pro,Electronics,Accessories,4,168.0,672.0,421.75,2023-05-14 05:00:00,"960 Street, Mumbai",Mumbai,Wholesale,Corporate,Asia,Cash,1.0,Rep_D,
3866,T3866,Logitech Mouse,Electronics,Accessories,3,381.0,1143.0,822.56,2023-05-29 11:36:00,"263 Street, São Paulo",São Paulo,Online,Consumer,Africa,Cash,1.0,Rep_D,
3867,T3867,iPhone 13,Electronics,Phones,5,1619.0,8095.0,4867.88,2023-09-21 12:07:00,"987 Street, Lagos",Lagos,In-Store,Corporate,Asia,Transfer,2.0,Rep_C,
3868,T3868,Dell XPS 13,Electronics,Laptops,5,1010.0,5050.0,3565.94,2023-02-12 17:16:00,"216 Street, São Paulo",São Paulo,In-Store,Consumer,Asia,Transfer,1.0,Rep_D,
3869,T3869,AirPods Pro,Electronics,Accessories,5,1872.0,9360.0,6110.71,2023-10-20 19:58:00,"985 Street, Bangkok",Bangkok,Wholesale,Corporate,Africa,Transfer,8.0,Rep_D,
3870,T3870,AirPods Pro,Electronics,Accessories,5,1662.0,8310.0,4227.13,2023-05-05 19:13:00,"432 Street, São Paulo",São Paulo,In-Store,Consumer,Asia,Card,9.0,Rep_D,
3871,T3871,Logitech Mouse,Electronics,Accessories,5,1578.0,7890.0,4467.87,2023-09-17 09:39:00,"167 Street, Lagos",Lagos,In-Store,Corporate,Asia,Card,9.0,Rep_C,
3872,T3872,27in 4K Gaming Monitor,Electronics,Monitors,4,1519.0,6076.0,4465.17,2023-02-13 13:21:00,"201 Street, Jakarta",Jakarta,Wholesale,Consumer,Europe,Transfer,4.0,Rep_D,
3873,T3873,Dell XPS 13,Electronics,Laptops,5,681.0,3405.0,2484.65,2023-01-28 10:23:00,"186 Street, Jakarta",Jakarta,Online,Corporate,Europe,Card,4.0,Rep_B,
3874,T3874,27in 4K Gaming Monitor,Electronics,Monitors,2,1489.0,2978.0,1626.94,2023-11-18 10:46:00,"360 Street, Jakarta",Jakarta,In-Store,Consumer,Africa,Transfer,1.0,Rep_C,
3875,T3875,MacBook Air,Electronics,Laptops,2,935.0,1870.0,1201.2,2023-03-02 08:57:00,"821 Street, Jakarta",Jakarta,Wholesale,Small Business,Africa,Transfer,,Rep_A,
3876,T3876,27in 4K Gaming Monitor,Electronics,Monitors,2,770.0,1540.0,1258.85,2023-07-01 13:40:00,"769 Street, Bangkok",Bangkok,In-Store,Consumer,South America,Cash,2.0,Rep_A,
3877,T3877,27in 4K Gaming Monitor,Electronics,Monitors,4,198.0,792.0,641.66,2023-04-12 18:13:00,"411 Street, Jakarta",Jakarta,Online,Corporate,Europe,Cash,8.0,Rep_B,
3878,T3878,MacBook Air,Electronics,Laptops,2,202.0,404.0,362.77,2023-05-19 23:23:00,"936 Street, Jakarta",Jakarta,In-Store,Corporate,South America,Cash,6.0,Rep_B,
3879,T3879,iPhone 13,Electronics,Phones,3,1367.0,4101.0,3233.29,2023-03-17 03:20:00,"610 Street, Nairobi",Nairobi,In-Store,Consumer,Europe,Cash,7.0,Rep_D,
3880,T3880,iPhone 13,Electronics,Phones,5,406.0,2030.0,1160.89,2023-12-08 02:45:00,"105 Street, Cairo",Cairo,Wholesale,Consumer,Asia,Transfer,8.0,Rep_A,
3881,T3881,27in 4K Gaming Monitor,Electronics,Monitors,4,518.0,2072.0,1332.79,2023-12-28 01:39:00,"962 Street, Lagos",Lagos,In-Store,Corporate,Europe,Cash,2.0,Rep_D,
3882,T3882,Dell XPS 13,Electronics,Laptops,5,1569.0,7845.0,5299.68,2023-03-11 20:47:00,"28 Street, Nairobi",Nairobi,Online,Small Business,Asia,Card,9.0,Rep_A,
3883,T3883,AirPods Pro,Electronics,Accessories,3,71.0,213.0,112.35,2023-06-12 17:33:00,"625 Street, São Paulo",São Paulo,Online,Corporate,Asia,Transfer,5.0,Rep_C,
3884,T3884,Samsung Galaxy S21,Electronics,Phones,3,828.0,2484.0,1948.2,2023-12-20 18:23:00,"798 Street, Nairobi",Nairobi,Online,Consumer,Europe,Cash,7.0,Rep_D,
3885,T3885,27in 4K Gaming Monitor,Electronics,Monitors,5,1523.0,7615.0,5420.89,2023-02-26 08:54:00,"384 Street, Lagos",Lagos,In-Store,Corporate,Asia,Transfer,7.0,Rep_B,
3886,T3886,iPhone 13,Electronics,Phones,4,1131.0,4524.0,2525.3,2023-11-21 04:35:00,"160 Street, Jakarta",Jakarta,Online,Consumer,Europe,Card,7.0,Rep_B,
3887,T3887,iPhone 13,Electronics,Phones,2,398.0,796.0,584.03,2023-10-07 22:02:00,"398 Street, Nairobi",Nairobi,Wholesale,Consumer,Africa,Transfer,7.0,Rep_A,
3888,T3888,iPhone 13,Electronics,Phones,4,681.0,2724.0,1464.95,2023-08-04 11:41:00,"488 Street, Cairo",Cairo,Wholesale,Corporate,Europe,Cash,,Rep_A,
3889,T3889,Samsung Galaxy S21,Electronics,Phones,2,607.0,1214.0,1073.79,2023-10-19 21:04:00,"566 Street, São Paulo",São Paulo,Online,Corporate,Africa,Card,8.0,Rep_C,
3890,T3890,MacBook Air,Electronics,Laptops,5,1179.0,5895.0,4152.37,2023-01-27 07:57:00,"134 Street, Jakarta",Jakarta,In-Store,Consumer,South America,Cash,2.0,Rep_C,
3891,T3891,AirPods Pro,Electronics,Accessories,4,464.0,1856.0,1333.92,2023-12-20 16:33:00,"909 Street, Nairobi",Nairobi,Wholesale,Small Business,Europe,Card,7.0,Rep_A,
3892,T3892,27in 4K Gaming Monitor,Electronics,Monitors,5,927.0,4635.0,2518.76,2023-08-25 12:10:00,"750 Street, Nairobi",Nairobi,In-Store,Consumer,Africa,Card,9.0,Rep_D,
3893,T3893,AirPods Pro,Electronics,Accessories,5,234.0,1170.0,748.96,2023-06-12 10:08:00,"836 Street, São Paulo",São Paulo,Online,Corporate,Europe,Transfer,9.0,Rep_B,
3894,T3894,iPhone 13,Electronics,Phones,4,1507.0,6028.0,4952.59,2023-04-06 19:47:00,"279 Street, Bangkok",Bangkok,Wholesale,Corporate,Africa,Card,,Rep_C,
3895,T3895,iPhone 13,Electronics,Phones,1,1020.0,1020.0,867.85,2023-12-07 04:35:00,"88 Street, Jakarta",Jakarta,In-Store,Corporate,Asia,Transfer,3.0,Rep_D,
3896,T3896,Samsung Galaxy S21,Electronics,Phones,5,185.0,925.0,548.91,2023-09-13 18:20:00,"539 Street, Mumbai",Mumbai,Wholesale,Small Business,Asia,Card,4.0,Rep_D,
3898,T3898,27in 4K Gaming Monitor,Electronics,Monitors,4,562.0,2248.0,1252.47,2023-03-01 22:34:00,"927 Street, São Paulo",São Paulo,Online,Consumer,South America,Transfer,5.0,Rep_B,
3899,T3899,Logitech Mouse,Electronics,Accessories,4,1666.0,6664.0,4103.07,2023-03-20 22:07:00,"319 Street, Mumbai",Mumbai,Online,Small Business,Europe,Transfer,6.0,Rep_D,
3900,T3900,Dell XPS 13,Electronics,Laptops,2,762.0,1524.0,1191.65,2023-03-11 22:33:00,"902 Street, Bangkok",Bangkok,Wholesale,Small Business,Africa,Card,,Rep_D,
3901,T3901,MacBook Air,Electronics,Laptops,5,1976.0,9880.0,6955.16,2023-03-17 05:33:00,"466 Street, Lagos",Lagos,Online,Small Business,Africa,Cash,9.0,Rep_C,
3902,T3902,AirPods Pro,Electronics,Accessories,3,1613.0,4839.0,2693.43,2023-05-09 03:29:00,"23 Street, Jakarta",Jakarta,Online,Consumer,Africa,Card,1.0,Rep_A,
3903,T3903,27in 4K Gaming Monitor,Electronics,Monitors,4,942.0,3768.0,2523.16,2023-05-13 13:23:00,"277 Street, Mumbai",Mumbai,In-Store,Corporate,Asia,Card,8.0,Rep_C,
3904,T3904,MacBook Air,Electronics,Laptops,3,913.0,2739.0,1714.12,2023-12-07 16:00:00,"924 Street, São Paulo",São Paulo,Online,Small Business,South America,Cash,1.0,Rep_D,
3905,T3905,Dell XPS 13,Electronics,Laptops,4,1057.0,4228.0,2526.41,2023-11-17 09:17:00,"855 Street, Lagos",Lagos,Online,Corporate,Asia,Cash,3.0,Rep_C,
3906,T3906,AirPods Pro,Electronics,Accessories,1,865.0,865.0,646.64,2023-11-22 15:08:00,"956 Street, Bangkok",Bangkok,Online,Consumer,South America,Card,6.0,Rep_C,
3907,T3907,AirPods Pro,Electronics,Accessories,3,296.0,888.0,518.83,2023-06-17 03:14:00,"639 Street, Nairobi",Nairobi,Online,Consumer,Europe,Cash,7.0,Rep_B,
3908,T3908,Samsung Galaxy S21,Electronics,Phones,4,86.0,344.0,289.42,2023-06-10 19:31:00,"355 Street, Bangkok",Bangkok,Wholesale,Small Business,Asia,Transfer,3.0,Rep_B,
3909,T3909,Dell XPS 13,Electronics,Laptops,3,1400.0,4200.0,3124.17,2023-07-05 23:13:00,"200 Street, Cairo",Cairo,In-Store,Corporate,Africa,Card,6.0,Rep_A,
3910,T3910,27in 4K Gaming Monitor,Electronics,Monitors,5,635.0,3175.0,1732.07,2023-05-18 21:05:00,"513 Street, Mumbai",Mumbai,Online,Small Business,South America,Transfer,,Rep_D,
3911,T3911,MacBook Air,Electronics,Laptops,5,1024.0,5120.0,3943.64,2023-04-19 10:43:00,"770 Street, Mumbai",Mumbai,Online,Consumer,Europe,Card,7.0,Rep_A,
3912,T3912,27in 4K Gaming Monitor,Electronics,Monitors,2,1921.0,3842.0,2697.82,2023-02-28 09:11:00,"628 Street, Jakarta",Jakarta,Wholesale,Small Business,Asia,Card,4.0,Rep_A,
3913,T3913,Samsung Galaxy S21,Electronics,Phones,1,1944.0,1944.0,1027.07,2023-11-04 12:37:00,"341 Street, São Paulo",São Paulo,Online,Small Business,Europe,Card,3.0,Rep_D,
3914,T3914,Dell XPS 13,Electronics,Laptops,2,665.0,1330.0,874.05,2023-06-19 16:48:00,"265 Street, Cairo",Cairo,In-Store,Small Business,Asia,Card,5.0,Rep_D,
3915,T3915,AirPods Pro,Electronics,Accessories,4,520.0,2080.0,1162.87,2023-02-12 07:33:00,"36 Street, Mumbai",Mumbai,Online,Consumer,Asia,Cash,7.0,Rep_D,
3916,T3916,AirPods Pro,Electronics,Accessories,4,328.0,1312.0,987.29,2023-11-05 11:09:00,"954 Street, Jakarta",Jakarta,Online,Corporate,Africa,Cash,7.0,Rep_C,
3917,T3917,AirPods Pro,Electronics,Accessories,1,93.0,93.0,53.83,2023-08-22 06:51:00,"7 Street, Nairobi",Nairobi,Wholesale,Corporate,Africa,Cash,9.0,Rep_C,
3918,T3918,Samsung Galaxy S21,Electronics,Phones,5,1606.0,8030.0,6406.03,2023-12-20 07:31:00,"797 Street, Bangkok",Bangkok,Online,Consumer,South America,Card,7.0,Rep_A,
3919,T3919,MacBook Air,Electronics,Laptops,5,416.0,2080.0,1496.35,2023-08-25 03:25:00,"255 Street, Jakarta",Jakarta,In-Store,Corporate,Africa,Card,8.0,Rep_C,
3920,T3920,Logitech Mouse,Electronics,Accessories,5,1104.0,5520.0,3411.84,2023-09-10 13:41:00,"790 Street, Mumbai",Mumbai,Wholesale,Consumer,Africa,Transfer,5.0,Rep_B,
3921,T3921,27in 4K Gaming Monitor,Electronics,Monitors,1,1917.0,1917.0,1555.33,2023-07-29 17:41:00,"353 Street, Nairobi",Nairobi,Online,Small Business,South America,Cash,3.0,Rep_C,
3922,T3922,Logitech Mouse,Electronics,Accessories,1,765.0,765.0,423.79,2023-06-27 05:34:00,"267 Street, São Paulo",São Paulo,Wholesale,Consumer,Asia,Transfer,7.0,Rep_B,
3923,T3923,27in 4K Gaming Monitor,Electronics,Monitors,3,977.0,2931.0,2627.31,2023-07-20 16:49:00,"3 Street, Cairo",Cairo,In-Store,Small Business,Europe,Card,8.0,Rep_C,
3924,T3924,AirPods Pro,Electronics,Accessories,2,527.0,1054.0,637.03,2023-01-22 04:06:00,"13 Street, Jakarta",Jakarta,Online,Small Business,Africa,Cash,5.0,Rep_A,
3925,T3925,iPhone 13,Electronics,Phones,5,1368.0,6840.0,5239.63,2023-12-25 16:40:00,"337 Street, São Paulo",São Paulo,Wholesale,Small Business,Asia,Transfer,4.0,Rep_A,
3926,T3926,Logitech Mouse,Electronics,Accessories,2,783.0,1566.0,1404.18,2023-02-24 18:05:00,"762 Street, Cairo",Cairo,Online,Small Business,Africa,Transfer,9.0,Rep_A,
3927,T3927,27in 4K Gaming Monitor,Electronics,Monitors,2,135.0,270.0,144.33,2023-08-13 23:41:00,"654 Street, Mumbai",Mumbai,Online,Corporate,Asia,Transfer,5.0,Rep_B,
3929,T3929,iPhone 13,Electronics,Phones,2,782.0,1564.0,1040.27,2023-09-22 03:22:00,"185 Street, Cairo",Cairo,In-Store,Small Business,Africa,Card,2.0,Rep_B,
3930,T3930,AirPods Pro,Electronics,Accessories,4,1674.0,6696.0,5674.95,2023-08-26 07:35:00,"833 Street, Lagos",Lagos,In-Store,Corporate,Asia,Cash,5.0,Rep_C,
3931,T3931,27in 4K Gaming Monitor,Electronics,Monitors,5,799.0,3995.0,2731.01,2023-12-06 14:18:00,"950 Street, Nairobi",Nairobi,Wholesale,Small Business,South America,Cash,5.0,Rep_D,
3932,T3932,AirPods Pro,Electronics,Accessories,3,321.0,963.0,639.27,2023-06-25 06:27:00,"467 Street, São Paulo",São Paulo,Online,Small Business,Europe,Transfer,1.0,Rep_A,
3933,T3933,AirPods Pro,Electronics,Accessories,5,1565.0,7825.0,6653.67,2023-03-09 10:25:00,"885 Street, Nairobi",Nairobi,Wholesale,Corporate,South America,Cash,2.0,Rep_C,
3934,T3934,Samsung Galaxy S21,Electronics,Phones,2,621.0,1242.0,879.41,2023-12-12 19:02:00,"280 Street, Lagos",Lagos,Wholesale,Consumer,Africa,Cash,8.0,Rep_A,
3935,T3935,Dell XPS 13,Electronics,Laptops,4,340.0,1360.0,1034.89,2023-10-31 11:32:00,"742 Street, Bangkok",Bangkok,Wholesale,Consumer,Europe,Transfer,2.0,Rep_C,
3936,T3936,Samsung Galaxy S21,Electronics,Phones,4,1760.0,7040.0,6221.94,2023-04-19 12:54:00,"586 Street, Nairobi",Nairobi,Wholesale,Small Business,South America,Card,1.0,Rep_C,
3937,T3937,27in 4K Gaming Monitor,Electronics,Monitors,4,936.0,3744.0,3182.93,2023-09-10 21:22:00,"930 Street, Jakarta",Jakarta,Online,Corporate,Africa,Card,6.0,Rep_B,
3938,T3938,Dell XPS 13,Electronics,Laptops,5,400.0,2000.0,1250.18,2023-08-02 02:22:00,"600 Street, São Paulo",São Paulo,In-Store,Small Business,Europe,Transfer,1.0,Rep_D,
3939,T3939,Dell XPS 13,Electronics,Laptops,3,800.0,2400.0,1776.78,2023-04-04 18:03:00,"12 Street, Bangkok",Bangkok,Wholesale,Corporate,Europe,Transfer,4.0,Rep_D,
3940,T3940,27in 4K Gaming Monitor,Electronics,Monitors,3,1240.0,3720.0,2798.36,2023-02-28 14:37:00,"226 Street, Jakarta",Jakarta,In-Store,Consumer,South America,Transfer,6.0,Rep_B,
3942,T3942,Dell XPS 13,Electronics,Laptops,2,1681.0,3362.0,2933.14,2023-04-28 22:07:00,"405 Street, Mumbai",Mumbai,In-Store,Small Business,Africa,Cash,2.0,Rep_C,
3943,T3943,Logitech Mouse,Electronics,Accessories,5,1076.0,5380.0,4056.52,2023-02-27 02:20:00,"953 Street, São Paulo",São Paulo,Online,Small Business,Africa,Card,3.0,Rep_A,
3944,T3944,Samsung Galaxy S21,Electronics,Phones,5,1155.0,5775.0,3461.28,2023-05-10 19:55:00,"364 Street, Bangkok",Bangkok,Wholesale,Corporate,South America,Cash,1.0,Rep_C,
3945,T3945,MacBook Air,Electronics,Laptops,1,443.0,443.0,379.23,2023-05-15 12:47:00,"595 Street, Cairo",Cairo,In-Store,Corporate,South America,Transfer,9.0,Rep_D,
3946,T3946,Samsung Galaxy S21,Electronics,Phones,3,342.0,1026.0,668.15,2023-02-18 20:10:00,"425 Street, Nairobi",Nairobi,In-Store,Small Business,Europe,Cash,6.0,Rep_C,
3947,T3947,iPhone 13,Electronics,Phones,5,785.0,3925.0,2804.25,2023-10-11 03:36:00,"50 Street, Mumbai",Mumbai,Online,Consumer,Africa,Card,,Rep_A,
3948,T3948,AirPods Pro,Electronics,Accessories,2,599.0,1198.0,1020.62,2023-10-18 23:51:00,"859 Street, Cairo",Cairo,Online,Consumer,Europe,Card,7.0,Rep_C,
3949,T3949,Logitech Mouse,Electronics,Accessories,2,1602.0,3204.0,2782.71,2023-07-29 03:56:00,"509 Street, Mumbai",Mumbai,Online,Corporate,Asia,Cash,7.0,Rep_B,
3950,T3950,Samsung Galaxy S21,Electronics,Phones,5,361.0,1805.0,1033.32,2023-01-07 14:01:00,"520 Street, Bangkok",Bangkok,Online,Consumer,Europe,Card,2.0,Rep_D,
3953,T3953,Dell XPS 13,Electronics,Laptops,3,716.0,2148.0,1106.11,2023-05-07 04:31:00,"72 Street, Nairobi",Nairobi,In-Store,Corporate,Africa,Card,8.0,Rep_D,
3954,T3954,Logitech Mouse,Electronics,Accessories,2,824.0,1648.0,1420.68,2023-12-18 09:31:00,"114 Street, Nairobi",Nairobi,In-Store,Small Business,Asia,Cash,5.0,Rep_A,
3955,T3955,Dell XPS 13,Electronics,Laptops,3,1860.0,5580.0,3122.88,2023-10-09 12:05:00,"404 Street, São Paulo",São Paulo,Online,Consumer,Europe,Cash,6.0,Rep_B,
3956,T3956,AirPods Pro,Electronics,Accessories,2,251.0,502.0,271.16,2023-10-24 15:50:00,"441 Street, Lagos",Lagos,Wholesale,Corporate,Europe,Card,5.0,Rep_A,
3957,T3957,Logitech Mouse,Electronics,Accessories,5,666.0,3330.0,1974.67,2023-09-13 03:28:00,"416 Street, Bangkok",Bangkok,Online,Small Business,South America,Cash,2.0,Rep_B,
3958,T3958,MacBook Air,Electronics,Laptops,5,298.0,1490.0,1252.52,2023-10-18 18:28:00,"80 Street, Mumbai",Mumbai,Online,Consumer,Europe,Cash,3.0,Rep_A,
3959,T3959,Dell XPS 13,Electronics,Laptops,1,954.0,954.0,697.51,2023-04-02 23:42:00,"711 Street, Nairobi",Nairobi,Wholesale,Small Business,Europe,Cash,9.0,Rep_C,
3960,T3960,AirPods Pro,Electronics,Accessories,2,1630.0,3260.0,2913.31,2023-08-20 17:46:00,"939 Street, Bangkok",Bangkok,Wholesale,Corporate,South America,Transfer,1.0,Rep_A,
3962,T3962,Logitech Mouse,Electronics,Accessories,3,1403.0,4209.0,2577.86,2023-03-22 00:56:00,"438 Street, Jakarta",Jakarta,Online,Consumer,Europe,Transfer,2.0,Rep_C,
3963,T3963,AirPods Pro,Electronics,Accessories,4,911.0,3644.0,2163.98,2023-08-25 20:25:00,"860 Street, Nairobi",Nairobi,Wholesale,Corporate,Asia,Cash,,Rep_D,
3964,T3964,Logitech Mouse,Electronics,Accessories,2,1146.0,2292.0,1351.65,2023-08-24 01:08:00,"230 Street, Cairo",Cairo,Wholesale,Corporate,Asia,Card,2.0,Rep_D,
3965,T3965,Dell XPS 13,Electronics,Laptops,2,1272.0,2544.0,1483.47,2023-03-17 16:20:00,"474 Street, Bangkok",Bangkok,Wholesale,Corporate,Asia,Transfer,7.0,Rep_C,
3966,T3966,27in 4K Gaming Monitor,Electronics,Monitors,1,268.0,268.0,237.33,2023-05-12 16:30:00,"696 Street, Bangkok",Bangkok,Wholesale,Small Business,South America,Transfer,4.0,Rep_B,
3968,T3968,MacBook Air,Electronics,Laptops,1,1613.0,1613.0,950.02,2023-10-31 07:13:00,"167 Street, Lagos",Lagos,In-Store,Small Business,Africa,Transfer,3.0,Rep_D,
3969,T3969,AirPods Pro,Electronics,Accessories,5,944.0,4720.0,3305.51,2023-12-13 18:15:00,"899 Street, São Paulo",São Paulo,Online,Small Business,South America,Cash,6.0,Rep_D,
3970,T3970,AirPods Pro,Electronics,Accessories,5,1622.0,8110.0,6888.54,2023-06-21 12:16:00,"431 Street, São Paulo",São Paulo,In-Store,Consumer,Europe,Card,6.0,Rep_B,
3971,T3971,27in 4K Gaming Monitor,Electronics,Monitors,4,1978.0,7912.0,5634.95,2023-09-03 22:26:00,"126 Street, Bangkok",Bangkok,In-Store,Consumer,South America,Card,5.0,Rep_A,
3972,T3972,MacBook Air,Electronics,Laptops,1,304.0,304.0,262.12,2023-11-21 12:18:00,"129 Street, Bangkok",Bangkok,Wholesale,Corporate,Africa,Card,2.0,Rep_C,
3973,T3973,27in 4K Gaming Monitor,Electronics,Monitors,5,1529.0,7645.0,5184.24,2023-08-01 05:37:00,"714 Street, Lagos",Lagos,In-Store,Consumer,South America,Card,7.0,Rep_B,
3974,T3974,27in 4K Gaming Monitor,Electronics,Monitors,4,249.0,996.0,604.74,2023-12-16 05:07:00,"857 Street, São Paulo",São Paulo,Online,Corporate,Africa,Transfer,7.0,Rep_A,
3975,T3975,iPhone 13,Electronics,Phones,3,1206.0,3618.0,2497.57,2023-02-10 17:43:00,"472 Street, Lagos",Lagos,Wholesale,Consumer,Asia,Card,4.0,Rep_A,
3977,T3977,Dell XPS 13,Electronics,Laptops,1,1852.0,1852.0,1266.47,2023-09-04 07:36:00,"766 Street, São Paulo",São Paulo,Online,Corporate,Europe,Card,9.0,Rep_C,
3978,T3978,Dell XPS 13,Electronics,Laptops,1,181.0,181.0,106.13,2023-05-21 14:39:00,"758 Street, Mumbai",Mumbai,Online,Small Business,Africa,Transfer,5.0,Rep_A,
3979,T3979,Logitech Mouse,Electronics,Accessories,2,1500.0,3000.0,2120.02,2023-03-16 23:05:00,"686 Street, Nairobi",Nairobi,Wholesale,Consumer,Europe,Card,5.0,Rep_B,
3980,T3980,AirPods Pro,Electronics,Accessories,3,699.0,2097.0,1284.19,2023-09-10 01:14:00,"328 Street, Jakarta",Jakarta,Online,Corporate,Africa,Cash,6.0,Rep_A,
3981,T3981,Logitech Mouse,Electronics,Accessories,1,1904.0,1904.0,1372.35,2023-08-05 09:21:00,"152 Street, Lagos",Lagos,Online,Consumer,South America,Card,7.0,Rep_D,
3982,T3982,AirPods Pro,Electronics,Accessories,3,1240.0,3720.0,2376.65,2023-03-14 11:42:00,"983 Street, Bangkok",Bangkok,Wholesale,Consumer,Africa,Cash,6.0,Rep_B,
3983,T3983,MacBook Air,Electronics,Laptops,2,1369.0,2738.0,2197.11,2023-10-02 19:54:00,"954 Street, Bangkok",Bangkok,Wholesale,Consumer,Africa,Cash,6.0,Rep_A,
3984,T3984,Logitech Mouse,Electronics,Accessories,4,76.0,304.0,224.86,2023-08-23 22:54:00,"126 Street, Nairobi",Nairobi,Online,Consumer,South America,Cash,8.0,Rep_A,
3985,T3985,Logitech Mouse,Electronics,Accessories,2,728.0,1456.0,1139.73,2023-07-02 07:31:00,"396 Street, Jakarta",Jakarta,In-Store,Corporate,South America,Card,5.0,Rep_D,
3986,T3986,Dell XPS 13,Electronics,Laptops,4,708.0,2832.0,1715.17,2023-08-13 07:10:00,"417 Street, Bangkok",Bangkok,Wholesale,Corporate,South America,Transfer,4.0,Rep_A,
3987,T3987,Dell XPS 13,Electronics,Laptops,1,658.0,658.0,341.73,2023-02-26 06:33:00,"310 Street, São Paulo",São Paulo,Online,Small Business,Asia,Card,6.0,Rep_C,
3988,T3988,27in 4K Gaming Monitor,Electronics,Monitors,1,1995.0,1995.0,1539.15,2023-04-01 05:49:00,"246 Street, Lagos",Lagos,In-Store,Corporate,South America,Transfer,7.0,Rep_C,
3989,T3989,MacBook Air,Electronics,Laptops,1,1499.0,1499.0,1185.14,2023-05-31 03:45:00,"771 Street, Bangkok",Bangkok,In-Store,Consumer,Africa,Card,2.0,Rep_A,
3990,T3990,27in 4K Gaming Monitor,Electronics,Monitors,3,1755.0,5265.0,3758.19,2023-09-09 15:24:00,"46 Street, Bangkok",Bangkok,In-Store,Small Business,Africa,Card,3.0,Rep_A,
3991,T3991,Logitech Mouse,Electronics,Accessories,4,897.0,3588.0,2359.21,2023-06-04 13:17:00,"415 Street, Lagos",Lagos,In-Store,Small Business,South America,Card,1.0,Rep_D,
3992,T3992,Dell XPS 13,Electronics,Laptops,3,105.0,315.0,217.56,2023-01-20 21:19:00,"366 Street, Jakarta",Jakarta,In-Store,Consumer,Europe,Card,5.0,Rep_A,
3993,T3993,Logitech Mouse,Electronics,Accessories,3,276.0,828.0,424.26,2023-02-26 13:59:00,"89 Street, Jakarta",Jakarta,Online,Small Business,Africa,Transfer,6.0,Rep_B,
3994,T3994,Samsung Galaxy S21,Electronics,Phones,4,946.0,3784.0,2639.88,2023-06-25 19:37:00,"695 Street, Cairo",Cairo,Wholesale,Small Business,South America,Transfer,3.0,Rep_A,
3995,T3995,iPhone 13,Electronics,Phones,3,266.0,798.0,639.4,2023-07-03 09:50:00,"226 Street, São Paulo",São Paulo,In-Store,Corporate,South America,Transfer,2.0,Rep_C,
3996,T3996,Logitech Mouse,Electronics,Accessories,3,1442.0,4326.0,3406.67,2023-05-30 11:48:00,"289 Street, Jakarta",Jakarta,In-Store,Corporate,Africa,Card,3.0,Rep_B,
3997,T3997,AirPods Pro,Electronics,Accessories,2,1397.0,2794.0,2020.39,2023-05-13 07:00:00,"221 Street, Bangkok",Bangkok,In-Store,Small Business,Europe,Card,3.0,Rep_A,
3998,T3998,Samsung Galaxy S21,Electronics,Phones,4,442.0,1768.0,1551.7,2023-05-31 13:21:00,"804 Street, Mumbai",Mumbai,Wholesale,Corporate,Europe,Transfer,9.0,Rep_A,
3999,T3999,MacBook Air,Electronics,Laptops,2,1642.0,3284.0,1908.5,2023-08-05 14:09:00,"360 Street, Lagos",Lagos,Wholesale,Corporate,South America,Card,5.0,Rep_C,
4000,T4000,27in 4K Gaming Monitor,Electronics,Monitors,1,1484.0,1484.0,1031.83,2023-06-21 14:02:00,"460 Street, Nairobi",Nairobi,Wholesale,Small Business,Africa,Card,9.0,Rep_B,
4001,T4001,Logitech Mouse,Electronics,Accessories,2,1599.0,3198.0,2030.93,2023-07-08 23:18:00,"428 Street, Bangkok",Bangkok,Online,Consumer,Asia,Transfer,1.0,Rep_B,
4003,T4003,MacBook Air,Electronics,Laptops,1,1000.0,1000.0,557.68,2023-11-25 02:43:00,"15 Street, Mumbai",Mumbai,Online,Consumer,Asia,Cash,2.0,Rep_A,
4004,T4004,Dell XPS 13,Electronics,Laptops,1,1744.0,1744.0,1117.32,2023-06-18 16:31:00,"137 Street, Mumbai",Mumbai,In-Store,Small Business,Europe,Transfer,,Rep_C,
4005,T4005,Logitech Mouse,Electronics,Accessories,2,1428.0,2856.0,2046.64,2023-07-09 13:10:00,"282 Street, Bangkok",Bangkok,In-Store,Consumer,Asia,Transfer,5.0,Rep_C,
4006,T4006,Dell XPS 13,Electronics,Laptops,5,612.0,3060.0,1965.43,2023-01-25 01:13:00,"616 Street, Lagos",Lagos,Wholesale,Small Business,Africa,Cash,9.0,Rep_C,
4007,T4007,Samsung Galaxy S21,Electronics,Phones,3,521.0,1563.0,1267.26,2023-10-14 15:37:00,"504 Street, Nairobi",Nairobi,Online,Consumer,Asia,Card,1.0,Rep_B,
4008,T4008,27in 4K Gaming Monitor,Electronics,Monitors,1,1770.0,1770.0,1570.59,2023-10-16 01:07:00,"909 Street, Cairo",Cairo,Online,Consumer,South America,Transfer,3.0,Rep_D,
4009,T4009,27in 4K Gaming Monitor,Electronics,Monitors,2,978.0,1956.0,1529.09,2023-01-09 23:38:00,"317 Street, Mumbai",Mumbai,Wholesale,Corporate,Asia,Cash,2.0,Rep_A,
4010,T4010,27in 4K Gaming Monitor,Electronics,Monitors,5,1734.0,8670.0,6219.36,2023-11-11 03:32:00,"837 Street, Nairobi",Nairobi,Wholesale,Consumer,Africa,Transfer,7.0,Rep_A,
4011,T4011,MacBook Air,Electronics,Laptops,2,655.0,1310.0,833.53,2023-02-03 09:19:00,"101 Street, Nairobi",Nairobi,Online,Small Business,Europe,Cash,6.0,Rep_B,
4012,T4012,Dell XPS 13,Electronics,Laptops,1,1155.0,1155.0,918.48,2023-09-18 20:19:00,"720 Street, Jakarta",Jakarta,Wholesale,Small Business,Africa,Transfer,3.0,Rep_C,
4013,T4013,27in 4K Gaming Monitor,Electronics,Monitors,1,1685.0,1685.0,1043.79,2023-01-04 09:50:00,"716 Street, Cairo",Cairo,In-Store,Corporate,Africa,Cash,2.0,Rep_C,
4014,T4014,Dell XPS 13,Electronics,Laptops,4,328.0,1312.0,1035.47,2023-09-23 07:37:00,"32 Street, Bangkok",Bangkok,Online,Consumer,Asia,Transfer,1.0,Rep_B,
4015,T4015,Logitech Mouse,Electronics,Accessories,1,1610.0,1610.0,1039.38,2023-10-21 03:23:00,"423 Street, Jakarta",Jakarta,Online,Small Business,Asia,Cash,2.0,Rep_C,
4016,T4016,Samsung Galaxy S21,Electronics,Phones,2,929.0,1858.0,1233.26,2023-03-10 01:51:00,"811 Street, Cairo",Cairo,In-Store,Consumer,Asia,Transfer,,Rep_B,
4017,T4017,MacBook Air,Electronics,Laptops,5,1525.0,7625.0,5525.03,2023-12-19 21:23:00,"187 Street, São Paulo",São Paulo,Online,Consumer,South America,Transfer,,Rep_D,
4018,T4018,Samsung Galaxy S21,Electronics,Phones,5,343.0,1715.0,1256.58,2023-07-16 07:17:00,"426 Street, São Paulo",São Paulo,In-Store,Small Business,Africa,Transfer,7.0,Rep_B,
4019,T4019,Dell XPS 13,Electronics,Laptops,5,1781.0,8905.0,4996.94,2023-08-17 02:37:00,"954 Street, São Paulo",São Paulo,Wholesale,Small Business,Asia,Transfer,2.0,Rep_B,
4020,T4020,MacBook Air,Electronics,Laptops,4,1093.0,4372.0,3491.8,2023-06-17 13:35:00,"170 Street, Cairo",Cairo,In-Store,Corporate,Asia,Cash,,Rep_A,
4021,T4021,iPhone 13,Electronics,Phones,3,371.0,1113.0,833.98,2023-05-01 02:01:00,"110 Street, Nairobi",Nairobi,Online,Corporate,South America,Card,8.0,Rep_B,
4022,T4022,AirPods Pro,Electronics,Accessories,2,1831.0,3662.0,2299.08,2023-01-21 02:39:00,"474 Street, Mumbai",Mumbai,Online,Consumer,Africa,Card,2.0,Rep_C,
4023,T4023,Logitech Mouse,Electronics,Accessories,5,1077.0,5385.0,4182.24,2023-10-07 00:04:00,"11 Street, Jakarta",Jakarta,Wholesale,Small Business,Africa,Transfer,6.0,Rep_B,
4024,T4024,AirPods Pro,Electronics,Accessories,3,1159.0,3477.0,2995.65,2023-05-18 04:18:00,"607 Street, Jakarta",Jakarta,Wholesale,Consumer,Africa,Cash,1.0,Rep_C,
4025,T4025,MacBook Air,Electronics,Laptops,5,130.0,650.0,473.62,2023-12-08 06:38:00,"336 Street, São Paulo",São Paulo,In-Store,Corporate,Europe,Transfer,4.0,Rep_A,
4027,T4027,MacBook Air,Electronics,Laptops,3,1204.0,3612.0,2843.03,2023-04-27 20:44:00,"826 Street, Nairobi",Nairobi,In-Store,Small Business,Africa,Card,5.0,Rep_C,
4028,T4028,27in 4K Gaming Monitor,Electronics,Monitors,1,445.0,445.0,330.76,2023-05-23 18:24:00,"642 Street, Nairobi",Nairobi,In-Store,Consumer,South America,Card,9.0,Rep_D,
4029,T4029,MacBook Air,Electronics,Laptops,4,293.0,1172.0,980.9,2023-06-13 07:15:00,"798 Street, Cairo",Cairo,Online,Consumer,Asia,Transfer,9.0,Rep_A,
4030,T4030,AirPods Pro,Electronics,Accessories,1,787.0,787.0,499.11,2023-09-20 10:30:00,"702 Street, Jakarta",Jakarta,In-Store,Small Business,Africa,Cash,4.0,Rep_D,
4031,T4031,AirPods Pro,Electronics,Accessories,1,737.0,737.0,421.14,2023-03-22 09:05:00,"380 Street, Mumbai",Mumbai,Online,Corporate,Asia,Card,4.0,Rep_D,
4032,T4032,Dell XPS 13,Electronics,Laptops,3,243.0,729.0,607.67,2023-11-09 20:54:00,"399 Street, Mumbai",Mumbai,Wholesale,Small Business,Asia,Card,3.0,Rep_C,
4033,T4033,27in 4K Gaming Monitor,Electronics,Monitors,3,1100.0,3300.0,2356.87,2023-10-22 22:03:00,"813 Street, Nairobi",Nairobi,Online,Consumer,South America,Transfer,5.0,Rep_C,
4034,T4034,AirPods Pro,Electronics,Accessories,4,1358.0,5432.0,3533.09,2023-05-18 23:38:00,"510 Street, Jakarta",Jakarta,Online,Corporate,Europe,Transfer,7.0,Rep_A,
4035,T4035,Logitech Mouse,Electronics,Accessories,3,1282.0,3846.0,2093.87,2023-09-15 16:30:00,"825 Street, Jakarta",Jakarta,Online,Consumer,Africa,Transfer,1.0,Rep_A,
4036,T4036,27in 4K Gaming Monitor,Electronics,Monitors,2,1904.0,3808.0,3359.84,2023-09-16 01:42:00,"475 Street, Jakarta",Jakarta,In-Store,Consumer,Asia,Transfer,4.0,Rep_D,
4037,T4037,AirPods Pro,Electronics,Accessories,1,509.0,509.0,258.67,2023-09-12 19:19:00,"890 Street, Cairo",Cairo,Wholesale,Corporate,South America,Cash,3.0,Rep_C,
4038,T4038,Dell XPS 13,Electronics,Laptops,4,615.0,2460.0,1811.06,2023-01-12 14:30:00,"884 Street, Lagos",Lagos,Online,Corporate,Africa,Transfer,9.0,Rep_C,
4039,T4039,Logitech Mouse,Electronics,Accessories,3,1932.0,5796.0,4975.1,2023-06-07 13:23:00,"481 Street, Cairo",Cairo,In-Store,Consumer,South America,Transfer,9.0,Rep_B,
4040,T4040,Logitech Mouse,Electronics,Accessories,1,1883.0,1883.0,1137.79,2023-06-06 23:12:00,"596 Street, Lagos",Lagos,Online,Small Business,South America,Transfer,9.0,Rep_C,
4041,T4041,iPhone 13,Electronics,Phones,1,638.0,638.0,532.51,2023-03-04 20:55:00,"842 Street, Jakarta",Jakarta,Online,Small Business,Africa,Card,4.0,Rep_D,
4042,T4042,AirPods Pro,Electronics,Accessories,4,300.0,1200.0,1058.71,2023-02-25 18:08:00,"500 Street, Bangkok",Bangkok,Online,Corporate,South America,Transfer,4.0,Rep_C,
4043,T4043,Dell XPS 13,Electronics,Laptops,5,130.0,650.0,464.62,2023-02-21 13:09:00,"823 Street, Lagos",Lagos,Online,Small Business,Europe,Transfer,9.0,Rep_B,
4044,T4044,Dell XPS 13,Electronics,Laptops,1,1810.0,1810.0,1223.76,2023-05-13 05:51:00,"755 Street, Bangkok",Bangkok,Wholesale,Corporate,South America,Card,7.0,Rep_D,
4045,T4045,Samsung Galaxy S21,Electronics,Phones,2,1766.0,3532.0,2939.29,2023-01-03 23:15:00,"932 Street, Jakarta",Jakarta,In-Store,Corporate,South America,Cash,9.0,Rep_B,
4046,T4046,Logitech Mouse,Electronics,Accessories,3,757.0,2271.0,1524.21,2023-09-05 17:21:00,"509 Street, Mumbai",Mumbai,Online,Consumer,Europe,Card,8.0,Rep_C,
4047,T4047,Logitech Mouse,Electronics,Accessories,5,456.0,2280.0,2049.56,2023-09-28 04:22:00,"580 Street, Bangkok",Bangkok,In-Store,Corporate,Europe,Cash,9.0,Rep_C,
4048,T4048,Dell XPS 13,Electronics,Laptops,3,1131.0,3393.0,2266.05,2023-02-25 10:26:00,"17 Street, Nairobi",Nairobi,Online,Consumer,Europe,Cash,3.0,Rep_D,
4049,T4049,MacBook Air,Electronics,Laptops,4,1373.0,5492.0,3774.46,2023-11-09 11:55:00,"753 Street, Cairo",Cairo,In-Store,Corporate,Europe,Card,2.0,Rep_C,
4050,T4050,iPhone 13,Electronics,Phones,5,449.0,2245.0,1393.83,2023-12-04 01:55:00,"850 Street, Nairobi",Nairobi,Online,Consumer,South America,Card,3.0,Rep_D,
4051,T4051,AirPods Pro,Electronics,Accessories,1,1720.0,1720.0,1354.82,2023-12-26 16:22:00,"334 Street, Lagos",Lagos,In-Store,Small Business,Africa,Transfer,2.0,Rep_A,
4052,T4052,MacBook Air,Electronics,Laptops,1,1279.0,1279.0,832.32,2023-03-19 02:41:00,"841 Street, São Paulo",São Paulo,Wholesale,Small Business,Europe,Cash,7.0,Rep_C,
4053,T4053,AirPods Pro,Electronics,Accessories,2,1749.0,3498.0,2264.0,2023-07-20 20:21:00,"353 Street, Jakarta",Jakarta,Wholesale,Corporate,Asia,Card,7.0,Rep_D,
4054,T4054,27in 4K Gaming Monitor,Electronics,Monitors,2,1681.0,3362.0,2465.88,2023-02-09 16:56:00,"729 Street, Lagos",Lagos,Online,Small Business,Asia,Transfer,6.0,Rep_A,
4055,T4055,AirPods Pro,Electronics,Accessories,2,1595.0,3190.0,2860.71,2023-06-24 08:46:00,"179 Street, Cairo",Cairo,In-Store,Corporate,Europe,Transfer,8.0,Rep_C,
4056,T4056,Logitech Mouse,Electronics,Accessories,4,899.0,3596.0,2835.85,2023-03-17 10:01:00,"542 Street, Mumbai",Mumbai,Online,Consumer,Asia,Cash,2.0,Rep_D,
4057,T4057,Logitech Mouse,Electronics,Accessories,3,1106.0,3318.0,2313.14,2023-06-10 21:15:00,"893 Street, Mumbai",Mumbai,Online,Small Business,Europe,Card,3.0,Rep_D,
4058,T4058,Dell XPS 13,Electronics,Laptops,4,867.0,3468.0,2425.72,2023-04-23 19:27:00,"291 Street, Bangkok",Bangkok,In-Store,Consumer,Africa,Cash,1.0,Rep_A,
4059,T4059,MacBook Air,Electronics,Laptops,2,1562.0,3124.0,2438.35,2023-06-10 15:23:00,"828 Street, Lagos",Lagos,In-Store,Corporate,Africa,Cash,6.0,Rep_D,
4060,T4060,AirPods Pro,Electronics,Accessories,5,1193.0,5965.0,3832.53,2023-07-24 03:02:00,"916 Street, Lagos",Lagos,Online,Consumer,South America,Cash,3.0,Rep_B,
4061,T4061,MacBook Air,Electronics,Laptops,5,682.0,3410.0,2094.29,2023-09-18 10:58:00,"337 Street, Lagos",Lagos,Wholesale,Corporate,South America,Transfer,1.0,Rep_C,
4062,T4062,Dell XPS 13,Electronics,Laptops,5,839.0,4195.0,2197.17,2023-06-29 23:21:00,"897 Street, Mumbai",Mumbai,Wholesale,Corporate,Africa,Cash,7.0,Rep_A,
4063,T4063,iPhone 13,Electronics,Phones,2,1492.0,2984.0,1889.6,2023-01-11 18:21:00,"633 Street, Cairo",Cairo,Wholesale,Small Business,Europe,Cash,,Rep_C,
4064,T4064,27in 4K Gaming Monitor,Electronics,Monitors,3,1861.0,5583.0,3716.67,2023-10-17 09:10:00,"930 Street, Jakarta",Jakarta,In-Store,Consumer,Europe,Card,3.0,Rep_B,
4065,T4065,Logitech Mouse,Electronics,Accessories,1,1455.0,1455.0,947.14,2023-11-24 09:50:00,"124 Street, Nairobi",Nairobi,In-Store,Consumer,Africa,Transfer,3.0,Rep_B,
4066,T4066,Logitech Mouse,Electronics,Accessories,4,1954.0,7816.0,6838.54,2023-11-26 00:17:00,"403 Street, Lagos",Lagos,Online,Small Business,Asia,Transfer,8.0,Rep_A,
4067,T4067,Samsung Galaxy S21,Electronics,Phones,1,1543.0,1543.0,1267.56,2023-08-24 16:16:00,"134 Street, Mumbai",Mumbai,Online,Corporate,Europe,Cash,,Rep_A,
4068,T4068,AirPods Pro,Electronics,Accessories,4,552.0,2208.0,1158.02,2023-02-21 19:25:00,"328 Street, São Paulo",São Paulo,Online,Consumer,Africa,Cash,1.0,Rep_C,
4069,T4069,Samsung Galaxy S21,Electronics,Phones,4,945.0,3780.0,2327.44,2023-03-28 01:39:00,"488 Street, São Paulo",São Paulo,In-Store,Consumer,Europe,Transfer,,Rep_B,
4070,T4070,AirPods Pro,Electronics,Accessories,1,1366.0,1366.0,944.32,2023-12-18 16:23:00,"632 Street, Cairo",Cairo,Wholesale,Corporate,Europe,Cash,3.0,Rep_B,
4071,T4071,27in 4K Gaming Monitor,Electronics,Monitors,1,1018.0,1018.0,880.97,2023-03-30 16:28:00,"662 Street, Jakarta",Jakarta,In-Store,Consumer,South America,Card,7.0,Rep_B,
4072,T4072,27in 4K Gaming Monitor,Electronics,Monitors,5,130.0,650.0,379.1,2023-06-19 21:43:00,"284 Street, Nairobi",Nairobi,Wholesale,Small Business,Africa,Transfer,9.0,Rep_D,
4073,T4073,Dell XPS 13,Electronics,Laptops,1,489.0,489.0,260.0,2023-02-07 08:36:00,"171 Street, Lagos",Lagos,Wholesale,Small Business,Europe,Transfer,9.0,Rep_B,
4074,T4074,AirPods Pro,Electronics,Accessories,5,1966.0,9830.0,6429.05,2023-02-27 01:24:00,"544 Street, Cairo",Cairo,Online,Corporate,Africa,Transfer,6.0,Rep_C,
4075,T4075,AirPods Pro,Electronics,Accessories,1,1694.0,1694.0,885.44,2023-01-21 20:27:00,"14 Street, Lagos",Lagos,In-Store,Corporate,South America,Card,4.0,Rep_C,
4076,T4076,AirPods Pro,Electronics,Accessories,2,485.0,970.0,611.27,2023-07-05 14:39:00,"778 Street, Lagos",Lagos,Online,Small Business,Asia,Card,5.0,Rep_D,
4077,T4077,MacBook Air,Electronics,Laptops,2,1020.0,2040.0,1117.37,2023-03-27 13:03:00,"806 Street, Lagos",Lagos,In-Store,Consumer,Asia,Card,2.0,Rep_D,
4078,T4078,MacBook Air,Electronics,Laptops,5,1632.0,8160.0,5236.37,2023-09-11 12:11:00,"139 Street, Bangkok",Bangkok,Wholesale,Corporate,South America,Cash,7.0,Rep_C,
4080,T4080,iPhone 13,Electronics,Phones,2,1773.0,3546.0,2506.14,2023-04-21 22:11:00,"389 Street, Nairobi",Nairobi,In-Store,Corporate,Asia,Card,9.0,Rep_A,
4081,T4081,Samsung Galaxy S21,Electronics,Phones,3,190.0,570.0,476.26,2023-04-07 01:54:00,"970 Street, Jakarta",Jakarta,Online,Corporate,Asia,Transfer,1.0,Rep_D,
4082,T4082,Samsung Galaxy S21,Electronics,Phones,1,1367.0,1367.0,927.62,2023-05-06 09:04:00,"985 Street, Bangkok",Bangkok,Wholesale,Consumer,Africa,Card,5.0,Rep_B,
4083,T4083,MacBook Air,Electronics,Laptops,5,854.0,4270.0,2201.28,2023-10-28 03:07:00,"646 Street, Cairo",Cairo,In-Store,Small Business,Africa,Card,5.0,Rep_D,
4084,T4084,Dell XPS 13,Electronics,Laptops,5,105.0,525.0,288.11,2023-07-27 06:34:00,"976 Street, Jakarta",Jakarta,Online,Consumer,Europe,Card,9.0,Rep_D,
4085,T4085,Logitech Mouse,Electronics,Accessories,5,999.0,4995.0,3886.58,2023-08-29 23:21:00,"842 Street, Cairo",Cairo,Wholesale,Corporate,South America,Transfer,2.0,Rep_B,
4086,T4086,iPhone 13,Electronics,Phones,4,1990.0,7960.0,6328.72,2023-10-02 20:24:00,"86 Street, Nairobi",Nairobi,In-Store,Consumer,Europe,Transfer,1.0,Rep_D,
4087,T4087,AirPods Pro,Electronics,Accessories,5,1133.0,5665.0,3086.31,2023-10-07 21:38:00,"233 Street, Jakarta",Jakarta,Wholesale,Corporate,Africa,Transfer,4.0,Rep_D,
4088,T4088,Dell XPS 13,Electronics,Laptops,4,419.0,1676.0,923.03,2023-12-14 00:10:00,"638 Street, Cairo",Cairo,Online,Consumer,Africa,Card,6.0,Rep_C,
4089,T4089,27in 4K Gaming Monitor,Electronics,Monitors,3,255.0,765.0,526.62,2023-11-14 18:28:00,"828 Street, Jakarta",Jakarta,Wholesale,Small Business,Asia,Transfer,5.0,Rep_A,
4090,T4090,MacBook Air,Electronics,Laptops,2,1228.0,2456.0,2176.48,2023-11-11 13:13:00,"631 Street, Nairobi",Nairobi,In-Store,Small Business,Asia,Card,9.0,Rep_C,
4091,T4091,Logitech Mouse,Electronics,Accessories,2,1899.0,3798.0,2476.5,2023-12-30 12:13:00,"323 Street, Jakarta",Jakarta,In-Store,Small Business,Africa,Cash,8.0,Rep_B,
4092,T4092,Samsung Galaxy S21,Electronics,Phones,3,1806.0,5418.0,4712.24,2023-06-06 01:10:00,"713 Street, Jakarta",Jakarta,In-Store,Consumer,Europe,Card,,Rep_C,
4093,T4093,Dell XPS 13,Electronics,Laptops,1,780.0,780.0,453.25,2023-10-16 09:38:00,"438 Street, Bangkok",Bangkok,In-Store,Small Business,Europe,Cash,,Rep_D,
4095,T4095,Dell XPS 13,Electronics,Laptops,4,1551.0,6204.0,3813.72,2023-02-16 23:53:00,"544 Street, Bangkok",Bangkok,Wholesale,Corporate,Europe,Cash,9.0,Rep_A,
4096,T4096,Dell XPS 13,Electronics,Laptops,1,1831.0,1831.0,1475.33,2023-09-18 06:12:00,"318 Street, Cairo",Cairo,In-Store,Consumer,Asia,Card,4.0,Rep_C,
4097,T4097,Samsung Galaxy S21,Electronics,Phones,1,908.0,908.0,474.99,2023-09-19 19:01:00,"551 Street, Mumbai",Mumbai,In-Store,Corporate,Africa,Card,9.0,Rep_D,
4098,T4098,MacBook Air,Electronics,Laptops,4,996.0,3984.0,2610.13,2023-04-03 07:02:00,"13 Street, Nairobi",Nairobi,Online,Small Business,Africa,Card,7.0,Rep_D,
4099,T4099,27in 4K Gaming Monitor,Electronics,Monitors,3,455.0,1365.0,1176.61,2023-03-22 07:53:00,"255 Street, Nairobi",Nairobi,In-Store,Small Business,South America,Card,3.0,Rep_D,
4100,T4100,MacBook Air,Electronics,Laptops,5,606.0,3030.0,1719.29,2023-02-21 08:56:00,"7 Street, Cairo",Cairo,Online,Corporate,South America,Cash,6.0,Rep_A,
4101,T4101,AirPods Pro,Electronics,Accessories,2,638.0,1276.0,808.7,2023-11-14 10:25:00,"817 Street, Bangkok",Bangkok,Online,Consumer,South America,Transfer,9.0,Rep_C,
4102,T4102,MacBook Air,Electronics,Laptops,2,265.0,530.0,358.62,2023-04-20 09:40:00,"652 Street, Jakarta",Jakarta,Online,Small Business,Europe,Cash,3.0,Rep_B,
4103,T4103,27in 4K Gaming Monitor,Electronics,Monitors,1,962.0,962.0,570.67,2023-07-31 09:09:00,"570 Street, Cairo",Cairo,Wholesale,Consumer,Asia,Card,5.0,Rep_B,
4104,T4104,AirPods Pro,Electronics,Accessories,3,197.0,591.0,413.9,2023-05-19 14:48:00,"428 Street, Bangkok",Bangkok,In-Store,Consumer,South America,Cash,8.0,Rep_B,
4105,T4105,Samsung Galaxy S21,Electronics,Phones,3,1355.0,4065.0,3004.67,2023-03-06 09:46:00,"900 Street, Nairobi",Nairobi,Wholesale,Corporate,South America,Card,9.0,Rep_D,
4106,T4106,Samsung Galaxy S21,Electronics,Phones,1,1076.0,1076.0,620.08,2023-05-19 05:46:00,"878 Street, Jakarta",Jakarta,Wholesale,Corporate,Europe,Cash,1.0,Rep_B,
4107,T4107,Dell XPS 13,Electronics,Laptops,5,1116.0,5580.0,4417.1,2023-08-08 08:52:00,"262 Street, Lagos",Lagos,In-Store,Corporate,Europe,Transfer,,Rep_C,
4108,T4108,Dell XPS 13,Electronics,Laptops,5,356.0,1780.0,1567.16,2023-10-27 06:41:00,"638 Street, Bangkok",Bangkok,Online,Consumer,Europe,Cash,7.0,Rep_D,
4109,T4109,Logitech Mouse,Electronics,Accessories,5,1361.0,6805.0,5910.74,2023-11-11 16:20:00,"333 Street, Nairobi",Nairobi,Online,Small Business,Asia,Transfer,7.0,Rep_C,
4110,T4110,Logitech Mouse,Electronics,Accessories,5,1390.0,6950.0,3704.97,2023-10-21 06:29:00,"988 Street, Cairo",Cairo,Wholesale,Consumer,Asia,Card,4.0,Rep_A,
4111,T4111,Dell XPS 13,Electronics,Laptops,4,1797.0,7188.0,5978.44,2023-04-15 21:43:00,"801 Street, Lagos",Lagos,In-Store,Small Business,Asia,Card,6.0,Rep_C,
4112,T4112,iPhone 13,Electronics,Phones,1,1041.0,1041.0,707.66,2023-11-03 21:40:00,"89 Street, Jakarta",Jakarta,In-Store,Small Business,Africa,Card,1.0,Rep_A,
4113,T4113,Dell XPS 13,Electronics,Laptops,4,1663.0,6652.0,5395.86,2023-01-23 15:43:00,"277 Street, São Paulo",São Paulo,Wholesale,Small Business,Asia,Cash,7.0,Rep_B,
4114,T4114,iPhone 13,Electronics,Phones,1,1098.0,1098.0,684.79,2023-10-15 20:04:00,"980 Street, Mumbai",Mumbai,Wholesale,Small Business,Africa,Card,7.0,Rep_A,
4115,T4115,MacBook Air,Electronics,Laptops,5,1978.0,9890.0,6877.65,2023-07-19 15:32:00,"776 Street, Lagos",Lagos,Wholesale,Corporate,South America,Transfer,9.0,Rep_A,
4116,T4116,AirPods Pro,Electronics,Accessories,1,1734.0,1734.0,1303.32,2023-03-27 01:52:00,"454 Street, Mumbai",Mumbai,Wholesale,Consumer,South America,Cash,1.0,Rep_D,
4117,T4117,iPhone 13,Electronics,Phones,4,1091.0,4364.0,2829.27,2023-08-18 13:48:00,"739 Street, Mumbai",Mumbai,Wholesale,Small Business,Africa,Transfer,7.0,Rep_A,
4118,T4118,iPhone 13,Electronics,Phones,4,751.0,3004.0,1949.97,2023-05-14 11:56:00,"556 Street, Cairo",Cairo,Online,Corporate,South America,Card,9.0,Rep_C,
4119,T4119,MacBook Air,Electronics,Laptops,1,293.0,293.0,238.84,2023-10-02 05:50:00,"327 Street, Lagos",Lagos,Online,Consumer,Europe,Transfer,6.0,Rep_A,
4120,T4120,Samsung Galaxy S21,Electronics,Phones,2,316.0,632.0,471.81,2023-09-04 13:11:00,"448 Street, Bangkok",Bangkok,Wholesale,Corporate,Africa,Card,5.0,Rep_D,
4121,T4121,iPhone 13,Electronics,Phones,4,1198.0,4792.0,3687.75,2023-11-22 12:57:00,"94 Street, Mumbai",Mumbai,Online,Consumer,Asia,Cash,8.0,Rep_C,
4122,T4122,AirPods Pro,Electronics,Accessories,5,1282.0,6410.0,3758.13,2023-12-13 00:01:00,"251 Street, Jakarta",Jakarta,In-Store,Small Business,Asia,Transfer,4.0,Rep_D,
4123,T4123,Logitech Mouse,Electronics,Accessories,5,1672.0,8360.0,6094.61,2023-02-05 03:14:00,"221 Street, Jakarta",Jakarta,In-Store,Consumer,Europe,Card,,Rep_C,
4124,T4124,MacBook Air,Electronics,Laptops,3,1485.0,4455.0,2782.07,2023-12-24 18:08:00,"143 Street, Cairo",Cairo,Online,Small Business,Africa,Card,3.0,Rep_B,
4125,T4125,MacBook Air,Electronics,Laptops,3,1965.0,5895.0,3370.55,2023-08-22 19:10:00,"438 Street, Lagos",Lagos,Wholesale,Corporate,Europe,Transfer,,Rep_A,
4126,T4126,AirPods Pro,Electronics,Accessories,5,1288.0,6440.0,3964.04,2023-05-31 21:01:00,"449 Street, Mumbai",Mumbai,In-Store,Corporate,Africa,Card,7.0,Rep_B,
4128,T4128,iPhone 13,Electronics,Phones,4,324.0,1296.0,917.62,2023-05-16 17:28:00,"932 Street, Jakarta",Jakarta,Wholesale,Small Business,Asia,Transfer,9.0,Rep_C,
4129,T4129,27in 4K Gaming Monitor,Electronics,Monitors,4,306.0,1224.0,971.02,2023-09-13 17:13:00,"15 Street, Nairobi",Nairobi,Online,Small Business,Europe,Cash,4.0,Rep_C,
4130,T4130,iPhone 13,Electronics,Phones,5,1468.0,7340.0,3817.72,2023-02-23 00:46:00,"630 Street, Bangkok",Bangkok,Wholesale,Small Business,Asia,Transfer,2.0,Rep_C,
4131,T4131,AirPods Pro,Electronics,Accessories,5,150.0,750.0,515.75,2023-12-24 16:28:00,"899 Street, Cairo",Cairo,Wholesale,Small Business,Europe,Cash,7.0,Rep_C,
4132,T4132,Samsung Galaxy S21,Electronics,Phones,1,932.0,932.0,657.39,2023-10-28 15:43:00,"988 Street, Lagos",Lagos,Wholesale,Small Business,Europe,Card,1.0,Rep_C,
4133,T4133,AirPods Pro,Electronics,Accessories,3,1933.0,5799.0,4302.27,2023-07-14 17:17:00,"160 Street, Nairobi",Nairobi,In-Store,Corporate,Africa,Cash,4.0,Rep_D,
4134,T4134,Dell XPS 13,Electronics,Laptops,4,1321.0,5284.0,4582.85,2023-06-07 23:05:00,"375 Street, Cairo",Cairo,In-Store,Small Business,Asia,Transfer,7.0,Rep_B,
4135,T4135,Logitech Mouse,Electronics,Accessories,3,542.0,1626.0,852.15,2023-05-20 10:52:00,"78 Street, São Paulo",São Paulo,Online,Corporate,South America,Transfer,3.0,Rep_C,
4136,T4136,iPhone 13,Electronics,Phones,2,1140.0,2280.0,1601.58,2023-10-21 05:10:00,"578 Street, Nairobi",Nairobi,In-Store,Small Business,Asia,Cash,2.0,Rep_B,
4138,T4138,Dell XPS 13,Electronics,Laptops,1,94.0,94.0,72.76,2023-09-19 04:35:00,"456 Street, Bangkok",Bangkok,Online,Corporate,Africa,Transfer,5.0,Rep_D,
4139,T4139,Logitech Mouse,Electronics,Accessories,5,1404.0,7020.0,4697.93,2023-08-17 05:17:00,"114 Street, Jakarta",Jakarta,Online,Small Business,Africa,Transfer,9.0,Rep_C,
4140,T4140,AirPods Pro,Electronics,Accessories,2,457.0,914.0,529.15,2023-07-14 03:10:00,"165 Street, Cairo",Cairo,Online,Small Business,Europe,Card,4.0,Rep_A,
4141,T4141,MacBook Air,Electronics,Laptops,3,1169.0,3507.0,2025.15,2023-07-28 13:01:00,"319 Street, Bangkok",Bangkok,In-Store,Corporate,Europe,Transfer,1.0,Rep_C,
4142,T4142,MacBook Air,Electronics,Laptops,5,1547.0,7735.0,5479.65,2023-05-02 06:47:00,"22 Street, Cairo",Cairo,In-Store,Corporate,Europe,Card,9.0,Rep_B,
4143,T4143,27in 4K Gaming Monitor,Electronics,Monitors,2,348.0,696.0,457.14,2023-09-29 07:20:00,"264 Street, Nairobi",Nairobi,Wholesale,Small Business,South America,Card,,Rep_C,
4144,T4144,Dell XPS 13,Electronics,Laptops,2,1131.0,2262.0,1902.23,2023-10-13 08:56:00,"809 Street, Cairo",Cairo,In-Store,Small Business,Europe,Card,9.0,Rep_C,
4145,T4145,Dell XPS 13,Electronics,Laptops,2,843.0,1686.0,1314.15,2023-06-10 19:44:00,"280 Street, Cairo",Cairo,Wholesale,Corporate,South America,Card,6.0,Rep_C,
4146,T4146,Samsung Galaxy S21,Electronics,Phones,4,1721.0,6884.0,4769.17,2023-11-03 10:05:00,"972 Street, São Paulo",São Paulo,Online,Corporate,South America,Transfer,5.0,Rep_B,
4147,T4147,MacBook Air,Electronics,Laptops,4,1930.0,7720.0,6724.27,2023-09-30 15:15:00,"452 Street, Lagos",Lagos,In-Store,Corporate,Asia,Cash,3.0,Rep_A,
4148,T4148,AirPods Pro,Electronics,Accessories,1,1003.0,1003.0,512.35,2023-05-25 11:23:00,"634 Street, Cairo",Cairo,Online,Small Business,Europe,Card,7.0,Rep_C,
4149,T4149,27in 4K Gaming Monitor,Electronics,Monitors,4,1424.0,5696.0,4173.69,2023-09-21 16:39:00,"618 Street, Mumbai",Mumbai,Wholesale,Small Business,South America,Card,1.0,Rep_A,
4150,T4150,Samsung Galaxy S21,Electronics,Phones,4,1198.0,4792.0,4285.44,2023-11-27 19:59:00,"569 Street, Nairobi",Nairobi,Wholesale,Corporate,South America,Transfer,6.0,Rep_D,
4151,T4151,Logitech Mouse,Electronics,Accessories,4,1040.0,4160.0,3560.92,2023-05-10 07:36:00,"357 Street, São Paulo",São Paulo,In-Store,Consumer,Asia,Cash,1.0,Rep_A,
4152,T4152,MacBook Air,Electronics,Laptops,5,1974.0,9870.0,5402.3,2023-09-18 07:30:00,"227 Street, Bangkok",Bangkok,Online,Corporate,South America,Card,4.0,Rep_D,
4153,T4153,AirPods Pro,Electronics,Accessories,2,1487.0,2974.0,1896.51,2023-01-20 07:28:00,"650 Street, São Paulo",São Paulo,Wholesale,Corporate,Africa,Transfer,9.0,Rep_D,
4154,T4154,Dell XPS 13,Electronics,Laptops,2,1002.0,2004.0,1558.11,2023-09-29 09:31:00,"576 Street, Lagos",Lagos,Wholesale,Corporate,Asia,Transfer,2.0,Rep_C,
4155,T4155,MacBook Air,Electronics,Laptops,1,771.0,771.0,504.03,2023-10-25 08:50:00,"538 Street, Bangkok",Bangkok,In-Store,Corporate,Africa,Cash,1.0,Rep_B,
4157,T4157,iPhone 13,Electronics,Phones,3,350.0,1050.0,930.76,2023-03-17 08:32:00,"526 Street, Nairobi",Nairobi,Wholesale,Consumer,Africa,Card,7.0,Rep_B,
4158,T4158,Logitech Mouse,Electronics,Accessories,2,1082.0,2164.0,1684.34,2023-08-05 03:31:00,"170 Street, Bangkok",Bangkok,In-Store,Consumer,Africa,Transfer,9.0,Rep_D,
4159,T4159,AirPods Pro,Electronics,Accessories,2,593.0,1186.0,865.14,2023-11-04 21:13:00,"546 Street, Mumbai",Mumbai,Wholesale,Corporate,Europe,Card,8.0,Rep_B,
4160,T4160,27in 4K Gaming Monitor,Electronics,Monitors,1,624.0,624.0,473.69,2023-10-06 13:47:00,"686 Street, Jakarta",Jakarta,Wholesale,Small Business,Africa,Transfer,6.0,Rep_D,
4161,T4161,27in 4K Gaming Monitor,Electronics,Monitors,2,515.0,1030.0,535.75,2023-11-05 00:56:00,"719 Street, Lagos",Lagos,In-Store,Small Business,South America,Card,1.0,Rep_B,
4162,T4162,Samsung Galaxy S21,Electronics,Phones,1,938.0,938.0,703.78,2023-05-07 05:25:00,"732 Street, Cairo",Cairo,In-Store,Small Business,South America,Cash,,Rep_B,
4163,T4163,AirPods Pro,Electronics,Accessories,4,987.0,3948.0,1991.62,2023-10-11 12:59:00,"406 Street, Nairobi",Nairobi,In-Store,Consumer,South America,Cash,4.0,Rep_C,
4164,T4164,AirPods Pro,Electronics,Accessories,5,200.0,1000.0,751.38,2023-09-29 06:19:00,"730 Street, Cairo",Cairo,Wholesale,Small Business,South America,Card,2.0,Rep_B,
4165,T4165,iPhone 13,Electronics,Phones,3,580.0,1740.0,1540.81,2023-05-14 02:13:00,"675 Street, Cairo",Cairo,Online,Corporate,Africa,Card,6.0,Rep_A,
4166,T4166,Dell XPS 13,Electronics,Laptops,1,378.0,378.0,247.33,2023-09-15 00:36:00,"920 Street, Jakarta",Jakarta,Online,Corporate,South America,Transfer,,Rep_A,
4168,T4168,27in 4K Gaming Monitor,Electronics,Monitors,3,995.0,2985.0,2431.62,2023-08-04 07:05:00,"197 Street, Lagos",Lagos,Online,Small Business,South America,Cash,6.0,Rep_A,
4169,T4169,Samsung Galaxy S21,Electronics,Phones,4,537.0,2148.0,1109.47,2023-11-06 16:13:00,"175 Street, Jakarta",Jakarta,In-Store,Small Business,Europe,Transfer,7.0,Rep_A,
4170,T4170,AirPods Pro,Electronics,Accessories,3,1540.0,4620.0,2792.6,2023-10-15 03:23:00,"199 Street, Lagos",Lagos,Wholesale,Consumer,Asia,Transfer,5.0,Rep_B,
4171,T4171,AirPods Pro,Electronics,Accessories,4,267.0,1068.0,930.56,2023-11-16 22:19:00,"699 Street, Jakarta",Jakarta,In-Store,Corporate,Africa,Card,6.0,Rep_D,
4172,T4172,Dell XPS 13,Electronics,Laptops,1,527.0,527.0,317.2,2023-05-21 21:54:00,"949 Street, Mumbai",Mumbai,Wholesale,Consumer,Europe,Transfer,6.0,Rep_D,
4173,T4173,Samsung Galaxy S21,Electronics,Phones,3,1219.0,3657.0,2344.3,2023-05-11 19:03:00,"470 Street, Bangkok",Bangkok,Online,Consumer,Europe,Cash,3.0,Rep_A,
4174,T4174,27in 4K Gaming Monitor,Electronics,Monitors,1,1428.0,1428.0,1075.9,2023-12-16 16:24:00,"27 Street, São Paulo",São Paulo,Online,Corporate,South America,Card,8.0,Rep_D,
4175,T4175,Samsung Galaxy S21,Electronics,Phones,3,1557.0,4671.0,3552.34,2023-12-12 02:45:00,"839 Street, São Paulo",São Paulo,Wholesale,Small Business,Africa,Card,5.0,Rep_B,
4176,T4176,AirPods Pro,Electronics,Accessories,1,1876.0,1876.0,1171.71,2023-09-22 19:32:00,"777 Street, São Paulo",São Paulo,In-Store,Consumer,South America,Transfer,3.0,Rep_C,
4177,T4177,Logitech Mouse,Electronics,Accessories,5,1144.0,5720.0,3526.58,2023-12-02 10:23:00,"410 Street, Mumbai",Mumbai,Online,Small Business,South America,Card,3.0,Rep_C,
4178,T4178,AirPods Pro,Electronics,Accessories,5,151.0,755.0,455.06,2023-09-30 06:01:00,"707 Street, Nairobi",Nairobi,In-Store,Consumer,South America,Transfer,7.0,Rep_D,
4179,T4179,Dell XPS 13,Electronics,Laptops,3,1560.0,4680.0,3212.19,2023-12-07 15:22:00,"910 Street, São Paulo",São Paulo,Online,Small Business,Europe,Cash,8.0,Rep_D,
4180,T4180,Samsung Galaxy S21,Electronics,Phones,3,1106.0,3318.0,2482.04,2023-02-20 18:59:00,"541 Street, Mumbai",Mumbai,Online,Small Business,South America,Cash,5.0,Rep_D,
4181,T4181,MacBook Air,Electronics,Laptops,2,1023.0,2046.0,1820.39,2023-10-07 02:21:00,"825 Street, Mumbai",Mumbai,Wholesale,Consumer,Europe,Cash,7.0,Rep_D,
4182,T4182,Dell XPS 13,Electronics,Laptops,4,1264.0,5056.0,2913.84,2023-10-02 03:34:00,"752 Street, Lagos",Lagos,Wholesale,Small Business,Africa,Cash,5.0,Rep_D,
4183,T4183,Samsung Galaxy S21,Electronics,Phones,5,1305.0,6525.0,5405.2,2023-05-15 02:36:00,"636 Street, Mumbai",Mumbai,In-Store,Corporate,Europe,Card,9.0,Rep_C,
4184,T4184,Dell XPS 13,Electronics,Laptops,1,266.0,266.0,140.92,2023-08-01 05:55:00,"914 Street, Mumbai",Mumbai,Online,Consumer,Europe,Card,1.0,Rep_B,
4185,T4185,iPhone 13,Electronics,Phones,1,191.0,191.0,120.21,2023-08-11 04:54:00,"597 Street, Cairo",Cairo,Online,Consumer,Europe,Transfer,,Rep_B,
4186,T4186,Samsung Galaxy S21,Electronics,Phones,2,657.0,1314.0,896.52,2023-09-24 17:22:00,"143 Street, Lagos",Lagos,In-Store,Consumer,Africa,Card,6.0,Rep_D,
4187,T4187,27in 4K Gaming Monitor,Electronics,Monitors,5,443.0,2215.0,1421.56,2023-06-17 19:36:00,"268 Street, Nairobi",Nairobi,In-Store,Small Business,Asia,Card,2.0,Rep_B,
4188,T4188,MacBook Air,Electronics,Laptops,2,54.0,108.0,64.9,2023-12-21 06:50:00,"805 Street, Nairobi",Nairobi,Online,Small Business,South America,Transfer,3.0,Rep_A,
4190,T4190,Dell XPS 13,Electronics,Laptops,1,1076.0,1076.0,565.5,2023-06-01 07:52:00,"848 Street, Cairo",Cairo,Online,Small Business,South America,Card,8.0,Rep_C,
4191,T4191,27in 4K Gaming Monitor,Electronics,Monitors,3,1421.0,4263.0,3055.2,2023-09-13 06:18:00,"860 Street, Lagos",Lagos,In-Store,Small Business,Africa,Cash,7.0,Rep_A,
4192,T4192,MacBook Air,Electronics,Laptops,2,917.0,1834.0,1226.64,2023-01-01 04:46:00,"2 Street, Mumbai",Mumbai,In-Store,Small Business,Asia,Transfer,8.0,Rep_C,
4193,T4193,Dell XPS 13,Electronics,Laptops,4,253.0,1012.0,839.13,2023-11-01 06:22:00,"17 Street, Bangkok",Bangkok,In-Store,Corporate,Europe,Card,2.0,Rep_C,
4194,T4194,MacBook Air,Electronics,Laptops,5,830.0,4150.0,3277.82,2023-10-10 22:34:00,"68 Street, Cairo",Cairo,Online,Small Business,Asia,Card,1.0,Rep_D,
4195,T4195,AirPods Pro,Electronics,Accessories,3,1381.0,4143.0,2838.33,2023-03-11 18:52:00,"284 Street, Mumbai",Mumbai,In-Store,Corporate,Asia,Cash,4.0,Rep_C,
4196,T4196,27in 4K Gaming Monitor,Electronics,Monitors,3,1853.0,5559.0,3778.29,2023-11-17 15:20:00,"282 Street, São Paulo",São Paulo,In-Store,Corporate,South America,Cash,9.0,Rep_D,
4197,T4197,Samsung Galaxy S21,Electronics,Phones,2,1276.0,2552.0,1706.97,2023-11-21 06:22:00,"954 Street, Lagos",Lagos,Online,Consumer,Europe,Cash,1.0,Rep_D,
4198,T4198,Logitech Mouse,Electronics,Accessories,4,1916.0,7664.0,6764.82,2023-08-14 16:20:00,"197 Street, Mumbai",Mumbai,Wholesale,Corporate,Africa,Card,3.0,Rep_C,
4199,T4199,MacBook Air,Electronics,Laptops,4,264.0,1056.0,672.59,2023-05-28 19:14:00,"401 Street, Mumbai",Mumbai,Online,Corporate,Asia,Card,7.0,Rep_B,
4200,T4200,27in 4K Gaming Monitor,Electronics,Monitors,5,120.0,600.0,535.04,2023-08-01 17:53:00,"214 Street, Mumbai",Mumbai,Online,Corporate,South America,Card,3.0,Rep_A,
4201,T4201,Samsung Galaxy S21,Electronics,Phones,5,144.0,720.0,367.23,2023-04-28 01:02:00,"547 Street, Mumbai",Mumbai,In-Store,Consumer,Africa,Cash,4.0,Rep_A,
4202,T4202,AirPods Pro,Electronics,Accessories,1,502.0,502.0,371.75,2023-07-05 08:22:00,"51 Street, Mumbai",Mumbai,Online,Small Business,Asia,Card,9.0,Rep_C,
4204,T4204,Dell XPS 13,Electronics,Laptops,2,1882.0,3764.0,2676.89,2023-09-03 13:10:00,"3 Street, Mumbai",Mumbai,Wholesale,Consumer,Africa,Transfer,2.0,Rep_C,
4205,T4205,Samsung Galaxy S21,Electronics,Phones,2,132.0,264.0,192.26,2023-05-14 11:53:00,"648 Street, Nairobi",Nairobi,Wholesale,Corporate,Europe,Transfer,1.0,Rep_B,
4206,T4206,27in 4K Gaming Monitor,Electronics,Monitors,3,910.0,2730.0,1503.3,2023-01-23 00:58:00,"643 Street, Jakarta",Jakarta,Wholesale,Consumer,Europe,Cash,7.0,Rep_A,
4208,T4208,Logitech Mouse,Electronics,Accessories,5,1585.0,7925.0,5679.74,2023-02-13 20:48:00,"130 Street, Bangkok",Bangkok,Online,Small Business,Asia,Transfer,,Rep_A,
4209,T4209,Dell XPS 13,Electronics,Laptops,2,1919.0,3838.0,3250.45,2023-07-19 18:17:00,"979 Street, Mumbai",Mumbai,Wholesale,Corporate,Europe,Transfer,,Rep_C,
4210,T4210,MacBook Air,Electronics,Laptops,3,1966.0,5898.0,3435.13,2023-02-06 04:07:00,"90 Street, Jakarta",Jakarta,Online,Consumer,Asia,Card,8.0,Rep_B,
4211,T4211,AirPods Pro,Electronics,Accessories,4,110.0,440.0,366.88,2023-02-02 22:50:00,"74 Street, Jakarta",Jakarta,Online,Consumer,Asia,Transfer,9.0,Rep_C,
4212,T4212,MacBook Air,Electronics,Laptops,5,967.0,4835.0,2642.11,2023-09-18 11:15:00,"419 Street, Mumbai",Mumbai,Wholesale,Consumer,South America,Cash,3.0,Rep_C,
4213,T4213,Logitech Mouse,Electronics,Accessories,2,1454.0,2908.0,1597.68,2023-03-10 07:47:00,"581 Street, Mumbai",Mumbai,Online,Consumer,Africa,Cash,2.0,Rep_B,
4214,T4214,27in 4K Gaming Monitor,Electronics,Monitors,2,1749.0,3498.0,2929.39,2023-09-07 12:07:00,"957 Street, Lagos",Lagos,Online,Corporate,Asia,Transfer,6.0,Rep_A,
4215,T4215,27in 4K Gaming Monitor,Electronics,Monitors,1,1494.0,1494.0,766.35,2023-07-04 18:39:00,"923 Street, Bangkok",Bangkok,Wholesale,Corporate,Africa,Transfer,9.0,Rep_B,
4217,T4217,iPhone 13,Electronics,Phones,5,1432.0,7160.0,5364.13,2023-11-01 04:54:00,"204 Street, Bangkok",Bangkok,Wholesale,Consumer,Asia,Transfer,3.0,Rep_A,
4218,T4218,AirPods Pro,Electronics,Accessories,1,653.0,653.0,467.94,2023-04-05 20:53:00,"79 Street, Lagos",Lagos,Online,Small Business,Europe,Cash,5.0,Rep_B,
4219,T4219,AirPods Pro,Electronics,Accessories,2,1997.0,3994.0,2009.75,2023-04-28 08:05:00,"179 Street, Bangkok",Bangkok,Wholesale,Consumer,South America,Card,4.0,Rep_B,
4220,T4220,Samsung Galaxy S21,Electronics,Phones,5,987.0,4935.0,2662.19,2023-12-30 00:40:00,"48 Street, Cairo",Cairo,In-Store,Consumer,Africa,Transfer,2.0,Rep_D,
4221,T4221,AirPods Pro,Electronics,Accessories,1,1103.0,1103.0,575.08,2023-12-20 23:55:00,"654 Street, Jakarta",Jakarta,Wholesale,Corporate,Asia,Cash,1.0,Rep_D,
4222,T4222,MacBook Air,Electronics,Laptops,4,167.0,668.0,369.06,2023-12-25 11:09:00,"966 Street, Bangkok",Bangkok,Online,Consumer,Asia,Cash,,Rep_B,
4223,T4223,Dell XPS 13,Electronics,Laptops,3,1627.0,4881.0,3131.39,2023-12-09 12:56:00,"114 Street, Jakarta",Jakarta,Wholesale,Small Business,Africa,Transfer,6.0,Rep_A,
4224,T4224,Logitech Mouse,Electronics,Accessories,2,1669.0,3338.0,2711.5,2023-03-02 21:00:00,"32 Street, Jakarta",Jakarta,Online,Consumer,Asia,Transfer,1.0,Rep_D,
4225,T4225,Samsung Galaxy S21,Electronics,Phones,4,419.0,1676.0,1273.08,2023-02-01 05:53:00,"439 Street, Bangkok",Bangkok,In-Store,Corporate,Asia,Transfer,9.0,Rep_B,
4226,T4226,27in 4K Gaming Monitor,Electronics,Monitors,1,1369.0,1369.0,864.12,2023-12-09 03:38:00,"363 Street, Nairobi",Nairobi,In-Store,Corporate,South America,Cash,5.0,Rep_B,
4227,T4227,iPhone 13,Electronics,Phones,5,1559.0,7795.0,4265.21,2023-07-07 10:24:00,"666 Street, Cairo",Cairo,In-Store,Small Business,Europe,Transfer,,Rep_C,
4228,T4228,AirPods Pro,Electronics,Accessories,2,492.0,984.0,791.79,2023-05-24 10:24:00,"474 Street, Mumbai",Mumbai,In-Store,Small Business,Africa,Cash,,Rep_D,
4229,T4229,AirPods Pro,Electronics,Accessories,3,1637.0,4911.0,4037.28,2023-10-02 06:43:00,"577 Street, Nairobi",Nairobi,Wholesale,Small Business,Asia,Cash,2.0,Rep_B,
4230,T4230,27in 4K Gaming Monitor,Electronics,Monitors,3,1401.0,4203.0,2841.05,2023-09-10 07:55:00,"467 Street, Nairobi",Nairobi,Online,Consumer,Europe,Card,,Rep_D,
4231,T4231,iPhone 13,Electronics,Phones,1,283.0,283.0,210.76,2023-05-03 11:43:00,"871 Street, Bangkok",Bangkok,Online,Consumer,Asia,Card,8.0,Rep_C,
4232,T4232,iPhone 13,Electronics,Phones,1,1967.0,1967.0,1348.68,2023-04-04 02:24:00,"366 Street, Jakarta",Jakarta,Online,Corporate,South America,Cash,2.0,Rep_C,
4233,T4233,AirPods Pro,Electronics,Accessories,2,1608.0,3216.0,2534.66,2023-12-12 09:18:00,"373 Street, Cairo",Cairo,Online,Small Business,Asia,Card,3.0,Rep_D,
4234,T4234,MacBook Air,Electronics,Laptops,1,1036.0,1036.0,615.52,2023-05-14 12:10:00,"197 Street, Lagos",Lagos,In-Store,Small Business,Africa,Cash,7.0,Rep_A,
4235,T4235,Samsung Galaxy S21,Electronics,Phones,1,58.0,58.0,45.0,2023-11-18 21:55:00,"68 Street, Cairo",Cairo,Online,Corporate,Asia,Card,1.0,Rep_C,
4236,T4236,Dell XPS 13,Electronics,Laptops,5,1643.0,8215.0,6260.13,2023-08-22 17:52:00,"626 Street, Mumbai",Mumbai,In-Store,Consumer,South America,Card,9.0,Rep_A,
4237,T4237,Samsung Galaxy S21,Electronics,Phones,3,1946.0,5838.0,4544.4,2023-06-21 17:58:00,"112 Street, Nairobi",Nairobi,In-Store,Consumer,Africa,Transfer,6.0,Rep_D,
4238,T4238,27in 4K Gaming Monitor,Electronics,Monitors,2,390.0,780.0,490.82,2023-03-13 21:48:00,"113 Street, Mumbai",Mumbai,In-Store,Corporate,South America,Cash,7.0,Rep_A,
4239,T4239,AirPods Pro,Electronics,Accessories,3,1590.0,4770.0,3067.46,2023-07-03 06:48:00,"620 Street, Bangkok",Bangkok,Online,Corporate,Europe,Cash,9.0,Rep_B,
4240,T4240,MacBook Air,Electronics,Laptops,2,546.0,1092.0,606.65,2023-05-31 02:18:00,"551 Street, Lagos",Lagos,Wholesale,Corporate,South America,Cash,1.0,Rep_D,
4241,T4241,MacBook Air,Electronics,Laptops,1,50.0,50.0,37.75,2023-09-13 13:21:00,"617 Street, Jakarta",Jakarta,In-Store,Small Business,Asia,Card,5.0,Rep_A,
4242,T4242,27in 4K Gaming Monitor,Electronics,Monitors,2,445.0,890.0,497.12,2023-07-02 06:01:00,"762 Street, Lagos",Lagos,Wholesale,Corporate,Europe,Transfer,5.0,Rep_A,
4243,T4243,27in 4K Gaming Monitor,Electronics,Monitors,3,1854.0,5562.0,3904.41,2023-04-16 05:24:00,"397 Street, Jakarta",Jakarta,In-Store,Corporate,Asia,Cash,7.0,Rep_A,
4244,T4244,Logitech Mouse,Electronics,Accessories,4,156.0,624.0,444.13,2023-01-30 01:32:00,"882 Street, Mumbai",Mumbai,In-Store,Small Business,Europe,Card,6.0,Rep_A,
4245,T4245,Logitech Mouse,Electronics,Accessories,4,1911.0,7644.0,6752.98,2023-02-08 19:02:00,"791 Street, Lagos",Lagos,Wholesale,Consumer,Asia,Card,3.0,Rep_D,
4246,T4246,Dell XPS 13,Electronics,Laptops,3,1382.0,4146.0,2089.37,2023-05-23 21:10:00,"752 Street, Jakarta",Jakarta,In-Store,Consumer,Africa,Card,1.0,Rep_C,
4247,T4247,Samsung Galaxy S21,Electronics,Phones,3,368.0,1104.0,786.08,2023-09-02 05:25:00,"112 Street, Jakarta",Jakarta,In-Store,Consumer,Africa,Cash,1.0,Rep_C,
4249,T4249,Samsung Galaxy S21,Electronics,Phones,5,558.0,2790.0,1971.85,2023-10-25 22:44:00,"608 Street, Nairobi",Nairobi,Wholesale,Small Business,South America,Card,3.0,Rep_C,
4250,T4250,27in 4K Gaming Monitor,Electronics,Monitors,5,1965.0,9825.0,5080.84,2023-08-12 05:13:00,"953 Street, Cairo",Cairo,Online,Small Business,Europe,Cash,9.0,Rep_B,
4252,T4252,Samsung Galaxy S21,Electronics,Phones,3,1683.0,5049.0,4268.74,2023-05-28 21:08:00,"916 Street, Bangkok",Bangkok,In-Store,Consumer,Europe,Cash,9.0,Rep_B,
4253,T4253,Logitech Mouse,Electronics,Accessories,2,1932.0,3864.0,3296.28,2023-08-25 04:03:00,"737 Street, Nairobi",Nairobi,In-Store,Small Business,Asia,Card,3.0,Rep_D,
4254,T4254,27in 4K Gaming Monitor,Electronics,Monitors,3,1667.0,5001.0,3531.46,2023-03-29 15:52:00,"173 Street, Mumbai",Mumbai,In-Store,Consumer,Asia,Cash,2.0,Rep_B,
4255,T4255,27in 4K Gaming Monitor,Electronics,Monitors,2,1854.0,3708.0,3091.68,2023-01-30 22:11:00,"292 Street, Jakarta",Jakarta,Online,Small Business,Asia,Transfer,8.0,Rep_C,
4256,T4256,Dell XPS 13,Electronics,Laptops,3,1663.0,4989.0,3320.68,2023-10-21 22:17:00,"2 Street, São Paulo",São Paulo,Online,Small Business,Africa,Cash,3.0,Rep_C,
4257,T4257,Samsung Galaxy S21,Electronics,Phones,4,507.0,2028.0,1684.81,2023-01-03 15:03:00,"102 Street, Mumbai",Mumbai,Online,Corporate,Asia,Card,7.0,Rep_A,
4258,T4258,AirPods Pro,Electronics,Accessories,1,1427.0,1427.0,1282.28,2023-03-08 08:39:00,"411 Street, Mumbai",Mumbai,Wholesale,Small Business,Asia,Transfer,5.0,Rep_D,
4260,T4260,MacBook Air,Electronics,Laptops,1,1095.0,1095.0,594.71,2023-06-13 02:43:00,"764 Street, Lagos",Lagos,Wholesale,Corporate,Africa,Cash,3.0,Rep_C,
4261,T4261,AirPods Pro,Electronics,Accessories,1,1300.0,1300.0,735.54,2023-01-08 01:40:00,"643 Street, Lagos",Lagos,Online,Consumer,Europe,Card,4.0,Rep_B,
4262,T4262,27in 4K Gaming Monitor,Electronics,Monitors,2,900.0,1800.0,1261.28,2023-03-19 04:42:00,"960 Street, Cairo",Cairo,Online,Consumer,South America,Transfer,9.0,Rep_B,
4265,T4265,Logitech Mouse,Electronics,Accessories,3,1919.0,5757.0,4936.06,2023-11-25 09:42:00,"754 Street, Bangkok",Bangkok,Online,Small Business,Asia,Cash,3.0,Rep_C,
4266,T4266,MacBook Air,Electronics,Laptops,4,1444.0,5776.0,5005.08,2023-03-16 23:04:00,"721 Street, São Paulo",São Paulo,In-Store,Small Business,South America,Transfer,4.0,Rep_C,
4267,T4267,MacBook Air,Electronics,Laptops,1,291.0,291.0,246.96,2023-10-21 01:44:00,"973 Street, Nairobi",Nairobi,In-Store,Consumer,Africa,Card,,Rep_D,
4268,T4268,27in 4K Gaming Monitor,Electronics,Monitors,5,718.0,3590.0,2577.86,2023-06-23 08:37:00,"869 Street, Bangkok",Bangkok,In-Store,Consumer,Europe,Cash,,Rep_D,
4269,T4269,Dell XPS 13,Electronics,Laptops,4,106.0,424.0,349.06,2023-03-08 18:54:00,"617 Street, Lagos",Lagos,In-Store,Corporate,Africa,Cash,6.0,Rep_C,
4270,T4270,27in 4K Gaming Monitor,Electronics,Monitors,5,595.0,2975.0,1587.16,2023-09-09 05:47:00,"317 Street, Mumbai",Mumbai,Online,Consumer,Europe,Transfer,6.0,Rep_A,
4271,T4271,Samsung Galaxy S21,Electronics,Phones,4,894.0,3576.0,2001.2,2023-01-07 03:30:00,"853 Street, Mumbai",Mumbai,Wholesale,Consumer,Europe,Cash,5.0,Rep_B,
4272,T4272,Dell XPS 13,Electronics,Laptops,3,1492.0,4476.0,3120.38,2023-12-31 07:49:00,"480 Street, Nairobi",Nairobi,Wholesale,Small Business,South America,Cash,3.0,Rep_C,
4273,T4273,MacBook Air,Electronics,Laptops,5,573.0,2865.0,1776.53,2023-04-28 18:52:00,"313 Street, Bangkok",Bangkok,In-Store,Corporate,Europe,Cash,7.0,Rep_B,
4274,T4274,AirPods Pro,Electronics,Accessories,1,1664.0,1664.0,1460.83,2023-03-30 11:31:00,"763 Street, Nairobi",Nairobi,Wholesale,Consumer,Africa,Card,4.0,Rep_D,
4275,T4275,Dell XPS 13,Electronics,Laptops,5,1758.0,8790.0,5996.69,2023-10-26 03:35:00,"169 Street, Lagos",Lagos,Wholesale,Consumer,Asia,Transfer,1.0,Rep_A,
4276,T4276,Samsung Galaxy S21,Electronics,Phones,5,1494.0,7470.0,6020.86,2023-08-13 17:21:00,"694 Street, Nairobi",Nairobi,Online,Small Business,Africa,Card,5.0,Rep_B,
4277,T4277,iPhone 13,Electronics,Phones,1,332.0,332.0,278.58,2023-12-29 22:50:00,"592 Street, Nairobi",Nairobi,Online,Corporate,Africa,Transfer,8.0,Rep_D,
4278,T4278,Logitech Mouse,Electronics,Accessories,1,1236.0,1236.0,849.23,2023-11-06 13:38:00,"711 Street, Jakarta",Jakarta,Online,Consumer,Europe,Card,1.0,Rep_C,
4279,T4279,Dell XPS 13,Electronics,Laptops,3,1762.0,5286.0,3109.36,2023-12-09 18:20:00,"600 Street, Mumbai",Mumbai,Online,Consumer,Europe,Cash,3.0,Rep_D,
4280,T4280,Logitech Mouse,Electronics,Accessories,2,1202.0,2404.0,1822.71,2023-04-05 17:31:00,"861 Street, Bangkok",Bangkok,In-Store,Corporate,South America,Cash,5.0,Rep_B,
4282,T4282,Dell XPS 13,Electronics,Laptops,5,1807.0,9035.0,6828.99,2023-02-26 05:13:00,"224 Street, Bangkok",Bangkok,Online,Consumer,Africa,Cash,2.0,Rep_B,
4283,T4283,27in 4K Gaming Monitor,Electronics,Monitors,2,129.0,258.0,182.67,2023-02-09 00:04:00,"86 Street, Nairobi",Nairobi,Online,Corporate,South America,Transfer,1.0,Rep_A,
4284,T4284,Samsung Galaxy S21,Electronics,Phones,4,1716.0,6864.0,4302.75,2023-03-30 04:26:00,"750 Street, Mumbai",Mumbai,Wholesale,Corporate,South America,Cash,4.0,Rep_C,
4285,T4285,MacBook Air,Electronics,Laptops,5,1243.0,6215.0,3685.79,2023-04-26 14:28:00,"489 Street, São Paulo",São Paulo,Wholesale,Corporate,Europe,Card,7.0,Rep_C,
4286,T4286,Samsung Galaxy S21,Electronics,Phones,3,1406.0,4218.0,3250.01,2023-01-11 07:39:00,"987 Street, Jakarta",Jakarta,In-Store,Consumer,South America,Card,8.0,Rep_B,
4287,T4287,AirPods Pro,Electronics,Accessories,4,1017.0,4068.0,3094.93,2023-12-10 22:54:00,"842 Street, Jakarta",Jakarta,Online,Corporate,South America,Cash,9.0,Rep_A,
4288,T4288,Logitech Mouse,Electronics,Accessories,1,689.0,689.0,548.69,2023-02-04 14:40:00,"695 Street, Bangkok",Bangkok,In-Store,Consumer,Asia,Cash,6.0,Rep_A,
4289,T4289,AirPods Pro,Electronics,Accessories,3,1474.0,4422.0,2707.16,2023-05-23 12:28:00,"409 Street, Cairo",Cairo,Online,Small Business,Africa,Transfer,7.0,Rep_C,
4290,T4290,iPhone 13,Electronics,Phones,3,1618.0,4854.0,3378.24,2023-12-03 14:02:00,"776 Street, Nairobi",Nairobi,In-Store,Consumer,Europe,Card,8.0,Rep_A,
4291,T4291,iPhone 13,Electronics,Phones,5,1071.0,5355.0,3722.88,2023-08-29 07:18:00,"564 Street, Bangkok",Bangkok,Online,Small Business,South America,Transfer,7.0,Rep_B,
4292,T4292,MacBook Air,Electronics,Laptops,1,830.0,830.0,715.56,2023-07-22 04:53:00,"598 Street, São Paulo",São Paulo,In-Store,Corporate,Asia,Transfer,1.0,Rep_D,
4293,T4293,Samsung Galaxy S21,Electronics,Phones,2,1490.0,2980.0,2598.5,2023-08-28 14:38:00,"472 Street, São Paulo",São Paulo,In-Store,Small Business,South America,Transfer,5.0,Rep_D,
4294,T4294,Dell XPS 13,Electronics,Laptops,4,56.0,224.0,160.47,2023-04-25 09:13:00,"817 Street, Lagos",Lagos,Online,Small Business,Europe,Card,5.0,Rep_B,
4295,T4295,Samsung Galaxy S21,Electronics,Phones,4,151.0,604.0,392.55,2023-09-06 09:15:00,"719 Street, Bangkok",Bangkok,Wholesale,Corporate,Africa,Card,9.0,Rep_A,
4296,T4296,AirPods Pro,Electronics,Accessories,4,1415.0,5660.0,4061.27,2023-05-04 18:42:00,"237 Street, Mumbai",Mumbai,Wholesale,Small Business,Asia,Transfer,,Rep_B,
4297,T4297,Logitech Mouse,Electronics,Accessories,5,352.0,1760.0,1460.98,2023-05-26 00:31:00,"345 Street, Mumbai",Mumbai,Wholesale,Small Business,Asia,Cash,,Rep_D,
4298,T4298,Samsung Galaxy S21,Electronics,Phones,1,260.0,260.0,218.64,2023-09-29 02:01:00,"330 Street, Mumbai",Mumbai,Online,Small Business,Asia,Transfer,2.0,Rep_A,
4299,T4299,27in 4K Gaming Monitor,Electronics,Monitors,5,342.0,1710.0,1184.41,2023-01-10 04:23:00,"549 Street, Nairobi",Nairobi,In-Store,Corporate,Africa,Transfer,1.0,Rep_B,
4300,T4300,27in 4K Gaming Monitor,Electronics,Monitors,2,971.0,1942.0,1261.69,2023-07-25 08:48:00,"753 Street, Lagos",Lagos,Online,Consumer,Europe,Card,4.0,Rep_C,
4301,T4301,AirPods Pro,Electronics,Accessories,4,189.0,756.0,399.18,2023-06-25 06:27:00,"3 Street, São Paulo",São Paulo,Online,Small Business,Africa,Card,4.0,Rep_B,
4302,T4302,Logitech Mouse,Electronics,Accessories,1,1065.0,1065.0,716.86,2023-10-27 11:01:00,"234 Street, Bangkok",Bangkok,Wholesale,Consumer,Africa,Transfer,1.0,Rep_C,
4303,T4303,iPhone 13,Electronics,Phones,4,1716.0,6864.0,3924.7,2023-01-16 10:55:00,"615 Street, São Paulo",São Paulo,In-Store,Consumer,South America,Card,6.0,Rep_A,
4304,T4304,27in 4K Gaming Monitor,Electronics,Monitors,3,349.0,1047.0,707.4,2023-10-06 15:35:00,"265 Street, São Paulo",São Paulo,Online,Small Business,Europe,Card,5.0,Rep_B,
4305,T4305,iPhone 13,Electronics,Phones,3,200.0,600.0,406.52,2023-04-20 17:39:00,"372 Street, São Paulo",São Paulo,Wholesale,Consumer,Europe,Cash,,Rep_A,
4306,T4306,AirPods Pro,Electronics,Accessories,1,400.0,400.0,281.96,2023-03-06 23:39:00,"647 Street, Nairobi",Nairobi,In-Store,Corporate,South America,Transfer,,Rep_D,
4307,T4307,Logitech Mouse,Electronics,Accessories,4,1125.0,4500.0,2960.95,2023-07-17 13:02:00,"888 Street, Cairo",Cairo,In-Store,Small Business,Europe,Transfer,4.0,Rep_D,
4308,T4308,iPhone 13,Electronics,Phones,3,1601.0,4803.0,3230.55,2023-10-14 20:02:00,"796 Street, Cairo",Cairo,Wholesale,Corporate,Africa,Card,9.0,Rep_B,
4309,T4309,27in 4K Gaming Monitor,Electronics,Monitors,5,197.0,985.0,617.08,2023-11-10 16:41:00,"353 Street, São Paulo",São Paulo,In-Store,Small Business,Europe,Card,8.0,Rep_C,
4310,T4310,AirPods Pro,Electronics,Accessories,1,978.0,978.0,575.44,2023-09-11 21:01:00,"154 Street, Bangkok",Bangkok,Wholesale,Corporate,Asia,Cash,2.0,Rep_D,
4311,T4311,iPhone 13,Electronics,Phones,4,1295.0,5180.0,2860.52,2023-09-15 11:58:00,"332 Street, Jakarta",Jakarta,In-Store,Small Business,Europe,Cash,7.0,Rep_B,
4312,T4312,AirPods Pro,Electronics,Accessories,3,785.0,2355.0,1769.89,2023-10-04 19:18:00,"319 Street, Lagos",Lagos,Wholesale,Small Business,Africa,Cash,3.0,Rep_D,
4313,T4313,iPhone 13,Electronics,Phones,1,1997.0,1997.0,1616.91,2023-08-26 09:52:00,"153 Street, Jakarta",Jakarta,Online,Small Business,Africa,Card,2.0,Rep_D,
4314,T4314,Logitech Mouse,Electronics,Accessories,2,948.0,1896.0,1689.64,2023-11-07 23:34:00,"604 Street, Jakarta",Jakarta,Wholesale,Consumer,Asia,Transfer,1.0,Rep_C,
4315,T4315,27in 4K Gaming Monitor,Electronics,Monitors,1,1494.0,1494.0,1266.5,2023-04-09 03:56:00,"788 Street, Mumbai",Mumbai,Online,Small Business,Asia,Transfer,4.0,Rep_D,
4316,T4316,iPhone 13,Electronics,Phones,1,668.0,668.0,508.66,2023-12-22 14:56:00,"390 Street, Bangkok",Bangkok,In-Store,Corporate,Africa,Card,1.0,Rep_C,
4317,T4317,AirPods Pro,Electronics,Accessories,4,862.0,3448.0,2414.37,2023-10-26 21:17:00,"934 Street, Nairobi",Nairobi,In-Store,Corporate,South America,Card,2.0,Rep_A,
4318,T4318,iPhone 13,Electronics,Phones,5,1553.0,7765.0,5272.59,2023-03-26 13:11:00,"122 Street, Cairo",Cairo,In-Store,Consumer,Europe,Transfer,1.0,Rep_C,
4319,T4319,MacBook Air,Electronics,Laptops,2,215.0,430.0,320.02,2023-03-16 15:33:00,"166 Street, Mumbai",Mumbai,Wholesale,Small Business,South America,Cash,5.0,Rep_D,
4320,T4320,iPhone 13,Electronics,Phones,3,1745.0,5235.0,4248.66,2023-12-12 17:11:00,"974 Street, São Paulo",São Paulo,Online,Corporate,Africa,Cash,4.0,Rep_C,
4321,T4321,Dell XPS 13,Electronics,Laptops,3,1941.0,5823.0,4896.42,2023-05-16 11:20:00,"931 Street, Cairo",Cairo,In-Store,Small Business,Asia,Transfer,2.0,Rep_B,
4322,T4322,Logitech Mouse,Electronics,Accessories,1,220.0,220.0,169.6,2023-03-02 20:01:00,"473 Street, Nairobi",Nairobi,Wholesale,Consumer,Europe,Cash,4.0,Rep_A,
4323,T4323,Samsung Galaxy S21,Electronics,Phones,2,1670.0,3340.0,2966.11,2023-12-07 11:11:00,"298 Street, Nairobi",Nairobi,Wholesale,Corporate,Asia,Transfer,2.0,Rep_A,
4324,T4324,iPhone 13,Electronics,Phones,5,871.0,4355.0,3387.77,2023-01-13 22:46:00,"506 Street, Bangkok",Bangkok,In-Store,Small Business,South America,Card,6.0,Rep_B,
4325,T4325,Samsung Galaxy S21,Electronics,Phones,1,435.0,435.0,334.74,2023-08-09 22:08:00,"92 Street, Mumbai",Mumbai,Online,Small Business,Africa,Cash,7.0,Rep_A,
4326,T4326,AirPods Pro,Electronics,Accessories,2,1043.0,2086.0,1557.75,2023-02-18 21:36:00,"911 Street, Jakarta",Jakarta,Online,Small Business,Africa,Card,2.0,Rep_C,
4327,T4327,Samsung Galaxy S21,Electronics,Phones,1,250.0,250.0,136.64,2023-02-21 20:03:00,"862 Street, Nairobi",Nairobi,Wholesale,Corporate,Africa,Cash,1.0,Rep_A,
4328,T4328,Samsung Galaxy S21,Electronics,Phones,3,498.0,1494.0,1162.63,2023-07-21 22:38:00,"996 Street, Lagos",Lagos,Wholesale,Consumer,South America,Card,1.0,Rep_B,
4329,T4329,27in 4K Gaming Monitor,Electronics,Monitors,4,1126.0,4504.0,2565.24,2023-12-26 06:26:00,"505 Street, São Paulo",São Paulo,In-Store,Small Business,Europe,Cash,4.0,Rep_B,
4330,T4330,iPhone 13,Electronics,Phones,5,509.0,2545.0,2125.73,2023-05-24 22:00:00,"429 Street, Jakarta",Jakarta,Online,Corporate,Asia,Cash,2.0,Rep_B,
4331,T4331,Logitech Mouse,Electronics,Accessories,4,98.0,392.0,202.97,2023-03-04 03:55:00,"880 Street, São Paulo",São Paulo,Online,Corporate,Asia,Card,7.0,Rep_D,
4333,T4333,iPhone 13,Electronics,Phones,2,1891.0,3782.0,3136.49,2023-09-06 09:01:00,"798 Street, Jakarta",Jakarta,Wholesale,Corporate,Europe,Card,3.0,Rep_C,
4334,T4334,Logitech Mouse,Electronics,Accessories,3,1007.0,3021.0,2348.86,2023-04-04 02:23:00,"629 Street, Nairobi",Nairobi,Wholesale,Consumer,Europe,Transfer,8.0,Rep_B,
4335,T4335,AirPods Pro,Electronics,Accessories,3,379.0,1137.0,797.1,2023-01-03 03:46:00,"533 Street, Bangkok",Bangkok,Wholesale,Small Business,South America,Cash,6.0,Rep_A,
4336,T4336,iPhone 13,Electronics,Phones,5,1208.0,6040.0,3694.61,2023-11-07 00:53:00,"641 Street, Bangkok",Bangkok,Online,Consumer,South America,Card,6.0,Rep_A,
4337,T4337,Dell XPS 13,Electronics,Laptops,3,1600.0,4800.0,3400.37,2023-02-28 22:43:00,"139 Street, Cairo",Cairo,Wholesale,Consumer,Asia,Transfer,9.0,Rep_B,
4338,T4338,MacBook Air,Electronics,Laptops,2,1574.0,3148.0,2586.67,2023-05-07 16:17:00,"858 Street, Bangkok",Bangkok,Wholesale,Consumer,Africa,Transfer,1.0,Rep_C,
4339,T4339,iPhone 13,Electronics,Phones,4,826.0,3304.0,2776.46,2023-12-10 04:17:00,"570 Street, Lagos",Lagos,In-Store,Consumer,Europe,Card,9.0,Rep_C,
4340,T4340,Samsung Galaxy S21,Electronics,Phones,5,1647.0,8235.0,4317.95,2023-08-11 22:36:00,"483 Street, São Paulo",São Paulo,In-Store,Consumer,Africa,Transfer,2.0,Rep_C,
4341,T4341,AirPods Pro,Electronics,Accessories,4,595.0,2380.0,1478.53,2023-06-02 10:12:00,"725 Street, São Paulo",São Paulo,In-Store,Corporate,Europe,Transfer,3.0,Rep_D,
4343,T4343,MacBook Air,Electronics,Laptops,4,369.0,1476.0,977.7,2023-08-25 11:49:00,"943 Street, Cairo",Cairo,Online,Small Business,Africa,Cash,9.0,Rep_C,
4344,T4344,iPhone 13,Electronics,Phones,4,271.0,1084.0,787.17,2023-05-31 12:18:00,"22 Street, Cairo",Cairo,In-Store,Small Business,South America,Cash,1.0,Rep_A,
4345,T4345,AirPods Pro,Electronics,Accessories,5,1408.0,7040.0,5447.43,2023-11-03 17:14:00,"538 Street, Mumbai",Mumbai,In-Store,Corporate,South America,Card,5.0,Rep_A,
4346,T4346,iPhone 13,Electronics,Phones,2,598.0,1196.0,865.6,2023-01-24 01:00:00,"539 Street, Bangkok",Bangkok,Wholesale,Consumer,Europe,Card,9.0,Rep_D,
4347,T4347,AirPods Pro,Electronics,Accessories,5,1545.0,7725.0,4054.49,2023-09-03 11:08:00,"691 Street, Mumbai",Mumbai,In-Store,Small Business,Europe,Cash,8.0,Rep_C,
4348,T4348,iPhone 13,Electronics,Phones,5,794.0,3970.0,3262.47,2023-07-08 01:37:00,"261 Street, São Paulo",São Paulo,Online,Consumer,Africa,Card,5.0,Rep_B,
4349,T4349,Logitech Mouse,Electronics,Accessories,1,64.0,64.0,46.31,2023-04-15 22:05:00,"182 Street, Nairobi",Nairobi,Wholesale,Small Business,Asia,Cash,6.0,Rep_B,
4350,T4350,Samsung Galaxy S21,Electronics,Phones,2,579.0,1158.0,868.58,2023-04-27 03:23:00,"295 Street, Nairobi",Nairobi,In-Store,Small Business,Europe,Cash,,Rep_A,
4351,T4351,iPhone 13,Electronics,Phones,2,1796.0,3592.0,3112.18,2023-03-04 01:06:00,"23 Street, Bangkok",Bangkok,Online,Corporate,Africa,Card,7.0,Rep_C,
4352,T4352,27in 4K Gaming Monitor,Electronics,Monitors,1,1426.0,1426.0,981.18,2023-05-21 19:51:00,"777 Street, São Paulo",São Paulo,Wholesale,Corporate,Europe,Cash,2.0,Rep_C,
4353,T4353,Logitech Mouse,Electronics,Accessories,3,1020.0,3060.0,2547.78,2023-06-27 17:12:00,"726 Street, Jakarta",Jakarta,Wholesale,Small Business,Asia,Transfer,6.0,Rep_D,
4355,T4355,27in 4K Gaming Monitor,Electronics,Monitors,2,1542.0,3084.0,2664.0,2023-09-15 00:01:00,"245 Street, Mumbai",Mumbai,In-Store,Small Business,South America,Cash,,Rep_C,
4356,T4356,27in 4K Gaming Monitor,Electronics,Monitors,4,1875.0,7500.0,5426.12,2023-06-22 04:13:00,"217 Street, Nairobi",Nairobi,In-Store,Small Business,Europe,Cash,5.0,Rep_C,
4357,T4357,27in 4K Gaming Monitor,Electronics,Monitors,1,1134.0,1134.0,618.1,2023-01-01 21:22:00,"558 Street, Bangkok",Bangkok,Online,Corporate,South America,Card,8.0,Rep_A,
4358,T4358,MacBook Air,Electronics,Laptops,5,1736.0,8680.0,5257.52,2023-05-15 16:46:00,"80 Street, Bangkok",Bangkok,Online,Consumer,Asia,Card,7.0,Rep_B,
4359,T4359,Samsung Galaxy S21,Electronics,Phones,4,272.0,1088.0,627.27,2023-09-23 18:41:00,"56 Street, São Paulo",São Paulo,Online,Consumer,Europe,Card,6.0,Rep_D,
4360,T4360,iPhone 13,Electronics,Phones,5,1420.0,7100.0,4311.24,2023-08-06 19:14:00,"916 Street, Cairo",Cairo,Online,Corporate,Asia,Transfer,6.0,Rep_A,
4361,T4361,27in 4K Gaming Monitor,Electronics,Monitors,1,1336.0,1336.0,1147.49,2023-12-07 04:17:00,"234 Street, Cairo",Cairo,In-Store,Consumer,Africa,Transfer,8.0,Rep_D,
4362,T4362,Logitech Mouse,Electronics,Accessories,1,1751.0,1751.0,1340.92,2023-01-02 15:16:00,"366 Street, Mumbai",Mumbai,Wholesale,Small Business,Africa,Transfer,8.0,Rep_C,
4363,T4363,MacBook Air,Electronics,Laptops,4,1234.0,4936.0,4126.96,2023-09-14 00:09:00,"101 Street, Mumbai",Mumbai,Online,Small Business,South America,Transfer,9.0,Rep_B,
4364,T4364,Samsung Galaxy S21,Electronics,Phones,1,217.0,217.0,109.37,2023-06-23 07:23:00,"138 Street, Jakarta",Jakarta,Wholesale,Corporate,Europe,Transfer,9.0,Rep_C,
4365,T4365,MacBook Air,Electronics,Laptops,1,1916.0,1916.0,1385.75,2023-10-13 13:38:00,"60 Street, Nairobi",Nairobi,Online,Small Business,South America,Transfer,4.0,Rep_A,
4366,T4366,27in 4K Gaming Monitor,Electronics,Monitors,2,1800.0,3600.0,2850.95,2023-04-27 06:17:00,"821 Street, Jakarta",Jakarta,Online,Corporate,South America,Card,6.0,Rep_B,
4367,T4367,iPhone 13,Electronics,Phones,5,1264.0,6320.0,3174.98,2023-06-13 08:46:00,"411 Street, Jakarta",Jakarta,Online,Consumer,South America,Card,9.0,Rep_D,
4368,T4368,27in 4K Gaming Monitor,Electronics,Monitors,4,1486.0,5944.0,3809.77,2023-08-27 01:10:00,"115 Street, Jakarta",Jakarta,In-Store,Corporate,Asia,Card,5.0,Rep_C,
4369,T4369,Logitech Mouse,Electronics,Accessories,1,1254.0,1254.0,884.41,2023-09-13 16:46:00,"636 Street, Cairo",Cairo,In-Store,Consumer,Africa,Cash,5.0,Rep_B,
4372,T4372,Dell XPS 13,Electronics,Laptops,2,325.0,650.0,430.18,2023-11-17 23:31:00,"425 Street, São Paulo",São Paulo,In-Store,Consumer,South America,Cash,4.0,Rep_A,
4373,T4373,AirPods Pro,Electronics,Accessories,4,93.0,372.0,197.59,2023-07-30 23:08:00,"997 Street, Cairo",Cairo,Online,Consumer,Asia,Cash,3.0,Rep_C,
4374,T4374,iPhone 13,Electronics,Phones,3,437.0,1311.0,1075.15,2023-11-15 06:43:00,"660 Street, Lagos",Lagos,Wholesale,Consumer,Asia,Card,6.0,Rep_A,
4375,T4375,iPhone 13,Electronics,Phones,2,1321.0,2642.0,1324.26,2023-01-05 09:14:00,"419 Street, Mumbai",Mumbai,Wholesale,Small Business,South America,Transfer,8.0,Rep_B,
4376,T4376,Dell XPS 13,Electronics,Laptops,3,53.0,159.0,122.64,2023-11-20 21:18:00,"651 Street, Lagos",Lagos,In-Store,Corporate,Asia,Cash,8.0,Rep_A,
4377,T4377,Dell XPS 13,Electronics,Laptops,2,308.0,616.0,389.79,2023-01-14 22:58:00,"977 Street, Mumbai",Mumbai,In-Store,Corporate,Europe,Cash,8.0,Rep_B,
4378,T4378,Samsung Galaxy S21,Electronics,Phones,1,593.0,593.0,305.62,2023-12-14 01:28:00,"555 Street, Cairo",Cairo,Online,Small Business,South America,Card,2.0,Rep_C,
4379,T4379,AirPods Pro,Electronics,Accessories,3,529.0,1587.0,1364.36,2023-03-17 18:30:00,"306 Street, Cairo",Cairo,In-Store,Consumer,Africa,Card,,Rep_D,
4380,T4380,27in 4K Gaming Monitor,Electronics,Monitors,4,223.0,892.0,725.37,2023-08-18 21:52:00,"572 Street, Bangkok",Bangkok,Online,Consumer,Africa,Transfer,4.0,Rep_B,
4381,T4381,Logitech Mouse,Electronics,Accessories,1,1337.0,1337.0,1145.67,2023-04-09 22:46:00,"325 Street, Bangkok",Bangkok,Online,Corporate,Europe,Transfer,,Rep_A,
4382,T4382,MacBook Air,Electronics,Laptops,2,1373.0,2746.0,2152.37,2023-01-20 11:21:00,"669 Street, Mumbai",Mumbai,Online,Consumer,South America,Card,5.0,Rep_D,
4383,T4383,27in 4K Gaming Monitor,Electronics,Monitors,2,1364.0,2728.0,1456.83,2023-08-26 03:09:00,"720 Street, Mumbai",Mumbai,Wholesale,Small Business,Africa,Transfer,3.0,Rep_A,
4384,T4384,Logitech Mouse,Electronics,Accessories,2,1109.0,2218.0,1550.14,2023-03-11 06:27:00,"293 Street, Mumbai",Mumbai,Wholesale,Consumer,Asia,Transfer,8.0,Rep_B,
4385,T4385,27in 4K Gaming Monitor,Electronics,Monitors,1,673.0,673.0,549.36,2023-12-10 05:20:00,"762 Street, Cairo",Cairo,In-Store,Corporate,South America,Card,5.0,Rep_A,
4386,T4386,Logitech Mouse,Electronics,Accessories,2,1561.0,3122.0,1655.98,2023-05-13 16:12:00,"639 Street, Cairo",Cairo,Wholesale,Small Business,Asia,Card,2.0,Rep_A,
4387,T4387,MacBook Air,Electronics,Laptops,4,663.0,2652.0,1969.24,2023-09-09 10:50:00,"617 Street, Bangkok",Bangkok,In-Store,Small Business,Asia,Cash,8.0,Rep_D,
4388,T4388,AirPods Pro,Electronics,Accessories,1,886.0,886.0,511.03,2023-01-15 08:13:00,"150 Street, Cairo",Cairo,In-Store,Corporate,Asia,Card,1.0,Rep_C,
4389,T4389,iPhone 13,Electronics,Phones,4,1496.0,5984.0,4917.54,2023-10-10 23:44:00,"802 Street, Cairo",Cairo,In-Store,Corporate,Africa,Card,6.0,Rep_C,
4391,T4391,27in 4K Gaming Monitor,Electronics,Monitors,5,1709.0,8545.0,6297.4,2023-11-16 07:44:00,"635 Street, Lagos",Lagos,Wholesale,Consumer,Europe,Cash,4.0,Rep_B,
4392,T4392,Dell XPS 13,Electronics,Laptops,1,554.0,554.0,443.37,2023-01-09 11:12:00,"443 Street, Jakarta",Jakarta,Online,Small Business,Africa,Card,3.0,Rep_B,
4393,T4393,iPhone 13,Electronics,Phones,4,1764.0,7056.0,5121.89,2023-05-10 06:55:00,"964 Street, Jakarta",Jakarta,Wholesale,Corporate,Africa,Card,8.0,Rep_D,
4394,T4394,iPhone 13,Electronics,Phones,2,617.0,1234.0,1098.4,2023-09-10 07:36:00,"15 Street, Bangkok",Bangkok,Wholesale,Small Business,Europe,Transfer,4.0,Rep_D,
4395,T4395,Samsung Galaxy S21,Electronics,Phones,5,264.0,1320.0,694.54,2023-12-18 20:16:00,"669 Street, Mumbai",Mumbai,Online,Corporate,Europe,Transfer,1.0,Rep_B,
4396,T4396,MacBook Air,Electronics,Laptops,1,1587.0,1587.0,1417.89,2023-03-03 00:57:00,"610 Street, São Paulo",São Paulo,Online,Corporate,Europe,Transfer,4.0,Rep_B,
4397,T4397,AirPods Pro,Electronics,Accessories,5,1180.0,5900.0,5200.21,2023-03-25 01:41:00,"953 Street, São Paulo",São Paulo,Wholesale,Corporate,Asia,Cash,5.0,Rep_D,
4398,T4398,Dell XPS 13,Electronics,Laptops,4,1966.0,7864.0,4792.99,2023-04-03 03:24:00,"879 Street, Jakarta",Jakarta,Online,Corporate,South America,Card,9.0,Rep_B,
4399,T4399,MacBook Air,Electronics,Laptops,3,458.0,1374.0,1066.99,2023-03-24 02:11:00,"5 Street, Mumbai",Mumbai,Online,Small Business,Europe,Card,4.0,Rep_C,
4400,T4400,AirPods Pro,Electronics,Accessories,5,480.0,2400.0,1735.38,2023-02-04 17:15:00,"75 Street, Nairobi",Nairobi,Wholesale,Corporate,Europe,Cash,7.0,Rep_A,
4401,T4401,Samsung Galaxy S21,Electronics,Phones,1,1604.0,1604.0,1378.66,2023-02-24 18:35:00,"679 Street, Jakarta",Jakarta,In-Store,Consumer,Asia,Card,6.0,Rep_C,
4402,T4402,iPhone 13,Electronics,Phones,1,1497.0,1497.0,862.59,2023-10-29 03:18:00,"63 Street, Lagos",Lagos,In-Store,Small Business,Europe,Transfer,6.0,Rep_C,
4403,T4403,Dell XPS 13,Electronics,Laptops,3,1927.0,5781.0,3228.07,2023-10-13 03:47:00,"941 Street, São Paulo",São Paulo,In-Store,Corporate,Asia,Transfer,7.0,Rep_C,
4404,T4404,Samsung Galaxy S21,Electronics,Phones,5,1101.0,5505.0,2987.82,2023-08-10 23:08:00,"471 Street, Nairobi",Nairobi,In-Store,Small Business,Africa,Cash,2.0,Rep_A,
4405,T4405,27in 4K Gaming Monitor,Electronics,Monitors,2,1334.0,2668.0,1918.57,2023-07-05 16:49:00,"762 Street, Cairo",Cairo,Online,Small Business,Asia,Card,3.0,Rep_B,
4406,T4406,iPhone 13,Electronics,Phones,5,1015.0,5075.0,4265.51,2023-11-15 20:37:00,"137 Street, Jakarta",Jakarta,Wholesale,Corporate,Africa,Card,1.0,Rep_C,
4407,T4407,iPhone 13,Electronics,Phones,5,495.0,2475.0,1585.11,2023-03-25 12:44:00,"359 Street, Cairo",Cairo,Online,Consumer,Asia,Cash,3.0,Rep_D,
4408,T4408,27in 4K Gaming Monitor,Electronics,Monitors,3,598.0,1794.0,1270.28,2023-09-07 23:38:00,"210 Street, Lagos",Lagos,Wholesale,Consumer,Asia,Cash,4.0,Rep_B,
4409,T4409,Logitech Mouse,Electronics,Accessories,5,1352.0,6760.0,4689.02,2023-12-06 18:00:00,"105 Street, Lagos",Lagos,Wholesale,Consumer,Asia,Transfer,,Rep_C,
4410,T4410,Samsung Galaxy S21,Electronics,Phones,3,1112.0,3336.0,2968.97,2023-02-10 00:57:00,"144 Street, Mumbai",Mumbai,Wholesale,Small Business,Europe,Cash,3.0,Rep_D,
4411,T4411,27in 4K Gaming Monitor,Electronics,Monitors,5,413.0,2065.0,1425.37,2023-06-12 06:02:00,"270 Street, Lagos",Lagos,In-Store,Corporate,Europe,Transfer,3.0,Rep_A,
4412,T4412,iPhone 13,Electronics,Phones,3,1507.0,4521.0,2401.75,2023-08-05 12:15:00,"347 Street, Cairo",Cairo,Wholesale,Small Business,Africa,Card,8.0,Rep_A,
4413,T4413,Logitech Mouse,Electronics,Accessories,1,109.0,109.0,73.62,2023-10-12 22:36:00,"554 Street, Mumbai",Mumbai,In-Store,Consumer,South America,Cash,5.0,Rep_B,
4414,T4414,Samsung Galaxy S21,Electronics,Phones,3,880.0,2640.0,1447.08,2023-05-20 00:14:00,"225 Street, Nairobi",Nairobi,Online,Consumer,Africa,Transfer,5.0,Rep_A,
4415,T4415,MacBook Air,Electronics,Laptops,3,610.0,1830.0,1452.58,2023-04-25 19:47:00,"396 Street, São Paulo",São Paulo,Wholesale,Corporate,Africa,Transfer,,Rep_D,
4416,T4416,iPhone 13,Electronics,Phones,5,402.0,2010.0,1592.88,2023-06-10 09:29:00,"366 Street, São Paulo",São Paulo,Wholesale,Small Business,Europe,Card,3.0,Rep_A,
4417,T4417,Logitech Mouse,Electronics,Accessories,2,1616.0,3232.0,2850.87,2023-10-14 08:22:00,"702 Street, Nairobi",Nairobi,Online,Consumer,Africa,Cash,,Rep_D,
4418,T4418,Logitech Mouse,Electronics,Accessories,1,665.0,665.0,527.04,2023-10-10 14:30:00,"260 Street, São Paulo",São Paulo,Online,Corporate,Africa,Cash,2.0,Rep_A,
4419,T4419,iPhone 13,Electronics,Phones,2,224.0,448.0,322.34,2023-03-14 15:21:00,"901 Street, Nairobi",Nairobi,In-Store,Consumer,South America,Cash,,Rep_D,
4420,T4420,AirPods Pro,Electronics,Accessories,3,196.0,588.0,302.04,2023-11-01 06:13:00,"311 Street, Cairo",Cairo,Wholesale,Consumer,South America,Transfer,8.0,Rep_A,
4421,T4421,27in 4K Gaming Monitor,Electronics,Monitors,1,116.0,116.0,88.57,2023-01-22 20:37:00,"966 Street, Mumbai",Mumbai,Online,Consumer,Asia,Transfer,6.0,Rep_B,
4422,T4422,iPhone 13,Electronics,Phones,3,1546.0,4638.0,3012.12,2023-05-16 01:15:00,"652 Street, Lagos",Lagos,In-Store,Consumer,Africa,Cash,8.0,Rep_B,
4423,T4423,AirPods Pro,Electronics,Accessories,1,836.0,836.0,648.7,2023-08-08 22:03:00,"340 Street, Cairo",Cairo,Online,Consumer,Asia,Card,6.0,Rep_C,
4424,T4424,Samsung Galaxy S21,Electronics,Phones,5,1377.0,6885.0,4297.62,2023-07-22 11:30:00,"509 Street, Nairobi",Nairobi,Wholesale,Consumer,Asia,Card,6.0,Rep_C,
4425,T4425,iPhone 13,Electronics,Phones,3,1681.0,5043.0,3638.02,2023-04-15 06:34:00,"941 Street, Nairobi",Nairobi,Online,Consumer,Africa,Card,9.0,Rep_C,
4426,T4426,Samsung Galaxy S21,Electronics,Phones,1,410.0,410.0,226.82,2023-12-22 06:30:00,"952 Street, Lagos",Lagos,Online,Consumer,South America,Card,6.0,Rep_A,
4427,T4427,Logitech Mouse,Electronics,Accessories,5,508.0,2540.0,1915.87,2023-10-13 09:38:00,"640 Street, Mumbai",Mumbai,Wholesale,Small Business,Europe,Transfer,2.0,Rep_B,
4428,T4428,Dell XPS 13,Electronics,Laptops,5,1679.0,8395.0,6632.15,2023-06-06 23:03:00,"612 Street, Mumbai",Mumbai,Wholesale,Consumer,South America,Transfer,5.0,Rep_A,
4429,T4429,Logitech Mouse,Electronics,Accessories,1,592.0,592.0,429.35,2023-08-01 12:22:00,"927 Street, Lagos",Lagos,In-Store,Consumer,Africa,Cash,8.0,Rep_A,
4430,T4430,iPhone 13,Electronics,Phones,2,1340.0,2680.0,1868.91,2023-06-21 03:36:00,"93 Street, Jakarta",Jakarta,In-Store,Small Business,Europe,Card,3.0,Rep_D,
4431,T4431,Dell XPS 13,Electronics,Laptops,1,1404.0,1404.0,1018.07,2023-10-19 09:19:00,"302 Street, Bangkok",Bangkok,In-Store,Small Business,Asia,Transfer,4.0,Rep_C,
4432,T4432,MacBook Air,Electronics,Laptops,4,436.0,1744.0,1566.61,2023-03-03 17:27:00,"476 Street, Cairo",Cairo,Wholesale,Small Business,Asia,Transfer,6.0,Rep_C,
4433,T4433,Logitech Mouse,Electronics,Accessories,2,762.0,1524.0,1215.45,2023-01-05 20:44:00,"939 Street, Lagos",Lagos,Online,Corporate,Europe,Transfer,3.0,Rep_A,
4434,T4434,Logitech Mouse,Electronics,Accessories,1,117.0,117.0,101.23,2023-04-02 07:13:00,"614 Street, Mumbai",Mumbai,Online,Corporate,Asia,Cash,2.0,Rep_C,
4435,T4435,27in 4K Gaming Monitor,Electronics,Monitors,5,137.0,685.0,427.4,2023-09-06 13:24:00,"821 Street, São Paulo",São Paulo,Online,Small Business,Europe,Card,8.0,Rep_B,
4436,T4436,Samsung Galaxy S21,Electronics,Phones,3,560.0,1680.0,1389.9,2023-11-09 17:50:00,"504 Street, Nairobi",Nairobi,In-Store,Consumer,Europe,Card,5.0,Rep_D,
4438,T4438,MacBook Air,Electronics,Laptops,4,1936.0,7744.0,5434.98,2023-03-10 16:51:00,"815 Street, Lagos",Lagos,Online,Corporate,South America,Card,4.0,Rep_A,
4439,T4439,27in 4K Gaming Monitor,Electronics,Monitors,2,286.0,572.0,470.26,2023-03-19 21:02:00,"928 Street, Mumbai",Mumbai,Online,Corporate,Asia,Transfer,8.0,Rep_D,
4440,T4440,AirPods Pro,Electronics,Accessories,5,354.0,1770.0,1288.74,2023-04-10 09:36:00,"601 Street, Mumbai",Mumbai,Online,Consumer,Asia,Cash,9.0,Rep_D,
4441,T4441,Samsung Galaxy S21,Electronics,Phones,2,1958.0,3916.0,3008.56,2023-06-19 12:11:00,"923 Street, Jakarta",Jakarta,In-Store,Corporate,Europe,Transfer,5.0,Rep_A,
4442,T4442,Samsung Galaxy S21,Electronics,Phones,3,1442.0,4326.0,3847.12,2023-06-20 15:35:00,"736 Street, Lagos",Lagos,Wholesale,Consumer,Africa,Cash,7.0,Rep_A,
4443,T4443,iPhone 13,Electronics,Phones,5,1485.0,7425.0,5060.6,2023-09-09 04:36:00,"787 Street, Cairo",Cairo,Wholesale,Consumer,Africa,Transfer,6.0,Rep_C,
4444,T4444,iPhone 13,Electronics,Phones,2,879.0,1758.0,911.57,2023-05-28 21:11:00,"735 Street, Nairobi",Nairobi,Wholesale,Small Business,Asia,Card,9.0,Rep_A,
4445,T4445,Dell XPS 13,Electronics,Laptops,3,1575.0,4725.0,2478.69,2023-10-10 06:26:00,"204 Street, Mumbai",Mumbai,Wholesale,Corporate,Africa,Cash,1.0,Rep_C,
4446,T4446,Dell XPS 13,Electronics,Laptops,5,115.0,575.0,329.75,2023-04-02 12:45:00,"872 Street, Cairo",Cairo,In-Store,Small Business,Europe,Transfer,6.0,Rep_D,
4447,T4447,27in 4K Gaming Monitor,Electronics,Monitors,2,1218.0,2436.0,2059.34,2023-05-08 05:52:00,"659 Street, Lagos",Lagos,Wholesale,Consumer,Africa,Cash,3.0,Rep_B,
4448,T4448,27in 4K Gaming Monitor,Electronics,Monitors,3,1047.0,3141.0,1693.87,2023-05-17 12:13:00,"85 Street, Lagos",Lagos,Online,Corporate,Europe,Card,3.0,Rep_A,
4449,T4449,Logitech Mouse,Electronics,Accessories,3,1137.0,3411.0,2785.07,2023-02-18 04:16:00,"771 Street, Mumbai",Mumbai,Wholesale,Corporate,Europe,Transfer,1.0,Rep_C,
4451,T4451,iPhone 13,Electronics,Phones,3,1770.0,5310.0,3244.4,2023-08-12 07:19:00,"491 Street, Bangkok",Bangkok,Online,Corporate,Europe,Card,8.0,Rep_C,
4452,T4452,Dell XPS 13,Electronics,Laptops,5,491.0,2455.0,1826.77,2023-03-30 05:21:00,"132 Street, Jakarta",Jakarta,Online,Consumer,South America,Transfer,1.0,Rep_D,
4453,T4453,Dell XPS 13,Electronics,Laptops,4,1470.0,5880.0,3588.03,2023-08-06 21:45:00,"315 Street, Lagos",Lagos,In-Store,Corporate,Africa,Card,4.0,Rep_D,
4454,T4454,27in 4K Gaming Monitor,Electronics,Monitors,5,1705.0,8525.0,5616.55,2023-02-12 07:53:00,"506 Street, Bangkok",Bangkok,Wholesale,Small Business,South America,Card,7.0,Rep_A,
4455,T4455,iPhone 13,Electronics,Phones,5,1490.0,7450.0,5080.74,2023-02-13 20:13:00,"564 Street, Lagos",Lagos,Online,Corporate,South America,Card,9.0,Rep_B,
4456,T4456,27in 4K Gaming Monitor,Electronics,Monitors,4,511.0,2044.0,1445.42,2023-10-15 11:12:00,"368 Street, Nairobi",Nairobi,Online,Corporate,Europe,Cash,8.0,Rep_A,
4457,T4457,27in 4K Gaming Monitor,Electronics,Monitors,1,1572.0,1572.0,1114.17,2023-10-26 20:26:00,"238 Street, São Paulo",São Paulo,In-Store,Consumer,South America,Transfer,9.0,Rep_A,
4458,T4458,27in 4K Gaming Monitor,Electronics,Monitors,2,1058.0,2116.0,1660.94,2023-11-24 14:15:00,"74 Street, Jakarta",Jakarta,In-Store,Corporate,South America,Card,4.0,Rep_D,
4459,T4459,AirPods Pro,Electronics,Accessories,3,850.0,2550.0,1688.48,2023-03-18 10:18:00,"800 Street, Lagos",Lagos,In-Store,Consumer,Europe,Cash,6.0,Rep_D,
4460,T4460,AirPods Pro,Electronics,Accessories,4,102.0,408.0,291.07,2023-06-28 18:22:00,"497 Street, São Paulo",São Paulo,In-Store,Small Business,Europe,Cash,2.0,Rep_C,
4461,T4461,AirPods Pro,Electronics,Accessories,4,809.0,3236.0,2286.98,2023-02-25 17:36:00,"674 Street, Jakarta",Jakarta,Wholesale,Small Business,Africa,Transfer,2.0,Rep_B,
4462,T4462,27in 4K Gaming Monitor,Electronics,Monitors,3,523.0,1569.0,987.79,2023-11-05 10:31:00,"504 Street, São Paulo",São Paulo,Wholesale,Corporate,Africa,Card,3.0,Rep_D,
4463,T4463,Samsung Galaxy S21,Electronics,Phones,4,1638.0,6552.0,4658.86,2023-07-03 08:48:00,"852 Street, Cairo",Cairo,In-Store,Consumer,Europe,Card,1.0,Rep_B,
4464,T4464,Dell XPS 13,Electronics,Laptops,4,955.0,3820.0,2437.8,2023-10-14 19:30:00,"5 Street, São Paulo",São Paulo,Online,Consumer,South America,Transfer,1.0,Rep_D,
4465,T4465,iPhone 13,Electronics,Phones,3,779.0,2337.0,1452.72,2023-11-12 13:55:00,"287 Street, Jakarta",Jakarta,Wholesale,Corporate,Asia,Transfer,9.0,Rep_B,
4466,T4466,MacBook Air,Electronics,Laptops,2,400.0,800.0,466.6,2023-07-22 04:52:00,"379 Street, Bangkok",Bangkok,Wholesale,Consumer,Africa,Transfer,5.0,Rep_B,
4467,T4467,Dell XPS 13,Electronics,Laptops,1,730.0,730.0,396.69,2023-04-23 04:01:00,"969 Street, Mumbai",Mumbai,In-Store,Corporate,Europe,Cash,6.0,Rep_B,
4468,T4468,Dell XPS 13,Electronics,Laptops,5,1104.0,5520.0,3178.81,2023-02-16 04:14:00,"991 Street, Jakarta",Jakarta,Online,Corporate,South America,Transfer,7.0,Rep_B,
4469,T4469,Logitech Mouse,Electronics,Accessories,2,1753.0,3506.0,1903.66,2023-02-01 08:29:00,"332 Street, Lagos",Lagos,In-Store,Corporate,South America,Cash,8.0,Rep_C,
4470,T4470,AirPods Pro,Electronics,Accessories,4,429.0,1716.0,1064.39,2023-05-18 14:23:00,"18 Street, São Paulo",São Paulo,Wholesale,Small Business,Asia,Transfer,9.0,Rep_A,
4471,T4471,Dell XPS 13,Electronics,Laptops,5,288.0,1440.0,1078.18,2023-02-07 09:15:00,"466 Street, Cairo",Cairo,Wholesale,Small Business,Europe,Transfer,5.0,Rep_D,
4472,T4472,MacBook Air,Electronics,Laptops,4,792.0,3168.0,2205.33,2023-11-30 22:39:00,"242 Street, Jakarta",Jakarta,Wholesale,Small Business,South America,Cash,5.0,Rep_A,
4473,T4473,iPhone 13,Electronics,Phones,5,1314.0,6570.0,3339.33,2023-12-26 15:44:00,"237 Street, Nairobi",Nairobi,Online,Small Business,South America,Cash,,Rep_C,
4474,T4474,MacBook Air,Electronics,Laptops,3,556.0,1668.0,1221.07,2023-08-26 21:52:00,"498 Street, Cairo",Cairo,In-Store,Consumer,South America,Transfer,7.0,Rep_B,
4475,T4475,Dell XPS 13,Electronics,Laptops,4,970.0,3880.0,3336.47,2023-07-23 08:40:00,"645 Street, São Paulo",São Paulo,Wholesale,Consumer,Africa,Transfer,1.0,Rep_B,
4476,T4476,iPhone 13,Electronics,Phones,5,1269.0,6345.0,4749.43,2023-07-21 03:48:00,"470 Street, Nairobi",Nairobi,Online,Corporate,Asia,Transfer,2.0,Rep_D,
4477,T4477,Dell XPS 13,Electronics,Laptops,5,340.0,1700.0,1088.02,2023-01-22 05:56:00,"807 Street, Lagos",Lagos,In-Store,Small Business,Europe,Transfer,2.0,Rep_A,
4478,T4478,Logitech Mouse,Electronics,Accessories,3,1865.0,5595.0,4242.13,2023-03-28 00:28:00,"138 Street, Lagos",Lagos,Wholesale,Corporate,Africa,Cash,5.0,Rep_A,
4479,T4479,Logitech Mouse,Electronics,Accessories,2,947.0,1894.0,1158.7,2023-04-05 21:08:00,"89 Street, Jakarta",Jakarta,In-Store,Small Business,Africa,Transfer,4.0,Rep_C,
4480,T4480,Dell XPS 13,Electronics,Laptops,1,92.0,92.0,53.41,2023-06-08 03:46:00,"45 Street, Cairo",Cairo,Online,Consumer,Africa,Cash,2.0,Rep_A,
4482,T4482,Logitech Mouse,Electronics,Accessories,2,1522.0,3044.0,2001.12,2023-11-05 11:08:00,"440 Street, Bangkok",Bangkok,Online,Corporate,Europe,Transfer,8.0,Rep_C,
4483,T4483,Dell XPS 13,Electronics,Laptops,1,921.0,921.0,736.79,2023-02-08 22:19:00,"303 Street, Mumbai",Mumbai,In-Store,Small Business,South America,Card,,Rep_B,
4484,T4484,MacBook Air,Electronics,Laptops,1,200.0,200.0,140.57,2023-09-07 22:09:00,"637 Street, Lagos",Lagos,In-Store,Small Business,Asia,Cash,6.0,Rep_A,
4485,T4485,Samsung Galaxy S21,Electronics,Phones,2,340.0,680.0,572.16,2023-06-30 09:22:00,"203 Street, Bangkok",Bangkok,Wholesale,Corporate,Africa,Card,8.0,Rep_A,
4486,T4486,Logitech Mouse,Electronics,Accessories,2,213.0,426.0,324.98,2023-06-29 21:23:00,"45 Street, São Paulo",São Paulo,Online,Consumer,Asia,Cash,6.0,Rep_A,
4487,T4487,Logitech Mouse,Electronics,Accessories,3,1024.0,3072.0,2407.09,2023-07-08 07:35:00,"614 Street, Jakarta",Jakarta,Online,Corporate,Africa,Transfer,5.0,Rep_C,
4488,T4488,AirPods Pro,Electronics,Accessories,1,1992.0,1992.0,1094.79,2023-05-31 03:45:00,"752 Street, São Paulo",São Paulo,Wholesale,Small Business,Africa,Transfer,1.0,Rep_A,
4489,T4489,AirPods Pro,Electronics,Accessories,5,624.0,3120.0,1566.04,2023-11-22 22:35:00,"208 Street, Nairobi",Nairobi,Wholesale,Corporate,Asia,Transfer,1.0,Rep_A,
4491,T4491,AirPods Pro,Electronics,Accessories,5,1655.0,8275.0,5237.42,2023-01-10 12:03:00,"545 Street, Bangkok",Bangkok,In-Store,Corporate,Africa,Cash,4.0,Rep_A,
4492,T4492,Dell XPS 13,Electronics,Laptops,4,1990.0,7960.0,5657.98,2023-11-09 12:39:00,"192 Street, Mumbai",Mumbai,Wholesale,Small Business,Africa,Cash,2.0,Rep_A,
4493,T4493,Dell XPS 13,Electronics,Laptops,1,207.0,207.0,159.76,2023-11-05 06:47:00,"710 Street, Bangkok",Bangkok,Wholesale,Consumer,Asia,Transfer,3.0,Rep_C,
4495,T4495,Dell XPS 13,Electronics,Laptops,5,1406.0,7030.0,3599.16,2023-09-26 05:57:00,"35 Street, Cairo",Cairo,In-Store,Consumer,Asia,Transfer,5.0,Rep_B,
4496,T4496,Dell XPS 13,Electronics,Laptops,3,680.0,2040.0,1187.1,2023-02-07 08:54:00,"652 Street, Lagos",Lagos,Wholesale,Corporate,Asia,Card,2.0,Rep_C,
4497,T4497,Samsung Galaxy S21,Electronics,Phones,3,1362.0,4086.0,3497.88,2023-10-17 17:49:00,"905 Street, Cairo",Cairo,Wholesale,Small Business,South America,Card,2.0,Rep_A,
4498,T4498,Logitech Mouse,Electronics,Accessories,2,1189.0,2378.0,1414.09,2023-09-05 14:05:00,"271 Street, Nairobi",Nairobi,Wholesale,Corporate,Europe,Cash,1.0,Rep_B,
4499,T4499,iPhone 13,Electronics,Phones,4,289.0,1156.0,930.86,2023-11-25 11:33:00,"777 Street, Cairo",Cairo,In-Store,Consumer,Africa,Card,1.0,Rep_C,
4500,T4500,Samsung Galaxy S21,Electronics,Phones,4,729.0,2916.0,2099.91,2023-10-15 04:41:00,"788 Street, Bangkok",Bangkok,In-Store,Consumer,Asia,Transfer,1.0,Rep_B,
4501,T4501,MacBook Air,Electronics,Laptops,5,707.0,3535.0,2305.34,2023-06-03 09:38:00,"306 Street, Lagos",Lagos,Online,Consumer,South America,Transfer,,Rep_C,
4502,T4502,Dell XPS 13,Electronics,Laptops,3,1284.0,3852.0,3430.25,2023-06-04 21:16:00,"844 Street, Cairo",Cairo,Online,Small Business,Asia,Transfer,2.0,Rep_C,
4503,T4503,27in 4K Gaming Monitor,Electronics,Monitors,3,676.0,2028.0,1555.95,2023-04-20 01:29:00,"500 Street, Nairobi",Nairobi,In-Store,Consumer,South America,Cash,6.0,Rep_C,
4504,T4504,AirPods Pro,Electronics,Accessories,1,776.0,776.0,552.86,2023-07-18 18:25:00,"774 Street, Nairobi",Nairobi,Online,Consumer,South America,Card,,Rep_C,
4505,T4505,Samsung Galaxy S21,Electronics,Phones,3,1424.0,4272.0,2453.33,2023-05-13 20:53:00,"967 Street, Bangkok",Bangkok,In-Store,Consumer,Africa,Transfer,5.0,Rep_B,
4506,T4506,Logitech Mouse,Electronics,Accessories,2,1501.0,3002.0,1630.49,2023-07-20 22:27:00,"565 Street, Jakarta",Jakarta,Wholesale,Corporate,South America,Cash,9.0,Rep_D,
4507,T4507,27in 4K Gaming Monitor,Electronics,Monitors,1,1053.0,1053.0,938.41,2023-03-04 04:03:00,"649 Street, Nairobi",Nairobi,In-Store,Consumer,Europe,Transfer,2.0,Rep_D,
4508,T4508,Logitech Mouse,Electronics,Accessories,4,958.0,3832.0,2205.02,2023-02-17 10:05:00,"615 Street, Jakarta",Jakarta,In-Store,Small Business,Europe,Cash,1.0,Rep_A,
4509,T4509,Logitech Mouse,Electronics,Accessories,2,1734.0,3468.0,2959.47,2023-04-05 16:15:00,"413 Street, Jakarta",Jakarta,Wholesale,Small Business,Asia,Transfer,1.0,Rep_A,
4510,T4510,Logitech Mouse,Electronics,Accessories,4,468.0,1872.0,1409.1,2023-03-23 15:31:00,"160 Street, Lagos",Lagos,In-Store,Corporate,South America,Card,2.0,Rep_B,
4511,T4511,Samsung Galaxy S21,Electronics,Phones,5,1734.0,8670.0,5555.71,2023-07-27 16:32:00,"355 Street, Nairobi",Nairobi,In-Store,Small Business,Asia,Cash,,Rep_C,
4512,T4512,Dell XPS 13,Electronics,Laptops,5,1535.0,7675.0,5552.69,2023-10-15 20:59:00,"441 Street, Nairobi",Nairobi,Wholesale,Corporate,Africa,Cash,5.0,Rep_C,
4513,T4513,27in 4K Gaming Monitor,Electronics,Monitors,1,913.0,913.0,515.37,2023-07-18 16:23:00,"545 Street, Lagos",Lagos,Online,Small Business,South America,Cash,9.0,Rep_D,
4514,T4514,Logitech Mouse,Electronics,Accessories,3,1483.0,4449.0,2567.5,2023-12-12 09:41:00,"758 Street, São Paulo",São Paulo,Online,Small Business,Asia,Card,7.0,Rep_A,
4515,T4515,AirPods Pro,Electronics,Accessories,5,84.0,420.0,281.42,2023-11-11 03:09:00,"790 Street, São Paulo",São Paulo,Online,Corporate,Europe,Cash,8.0,Rep_D,
4516,T4516,Dell XPS 13,Electronics,Laptops,3,1372.0,4116.0,3481.42,2023-09-02 10:11:00,"696 Street, Nairobi",Nairobi,Wholesale,Small Business,Europe,Transfer,2.0,Rep_D,
4517,T4517,27in 4K Gaming Monitor,Electronics,Monitors,5,1967.0,9835.0,6195.43,2023-09-04 09:30:00,"295 Street, Nairobi",Nairobi,In-Store,Consumer,Africa,Cash,4.0,Rep_A,
4518,T4518,iPhone 13,Electronics,Phones,4,1176.0,4704.0,4209.96,2023-09-27 06:31:00,"620 Street, São Paulo",São Paulo,Online,Small Business,Europe,Card,1.0,Rep_C,
4519,T4519,Samsung Galaxy S21,Electronics,Phones,1,1192.0,1192.0,1003.53,2023-11-10 19:31:00,"567 Street, Jakarta",Jakarta,Online,Small Business,Europe,Transfer,9.0,Rep_A,
4520,T4520,27in 4K Gaming Monitor,Electronics,Monitors,2,1677.0,3354.0,2608.99,2023-09-05 08:32:00,"575 Street, Lagos",Lagos,In-Store,Small Business,South America,Card,1.0,Rep_B,
4521,T4521,Logitech Mouse,Electronics,Accessories,4,1705.0,6820.0,3942.02,2023-10-23 05:00:00,"68 Street, Jakarta",Jakarta,In-Store,Corporate,Asia,Card,5.0,Rep_D,
4522,T4522,AirPods Pro,Electronics,Accessories,2,808.0,1616.0,1367.13,2023-11-14 16:27:00,"249 Street, Nairobi",Nairobi,Wholesale,Consumer,Africa,Cash,7.0,Rep_A,
4523,T4523,iPhone 13,Electronics,Phones,2,894.0,1788.0,1254.63,2023-06-10 08:05:00,"359 Street, Bangkok",Bangkok,Online,Consumer,South America,Card,6.0,Rep_A,
4524,T4524,Dell XPS 13,Electronics,Laptops,4,575.0,2300.0,1423.06,2023-02-24 13:01:00,"573 Street, Mumbai",Mumbai,In-Store,Consumer,Africa,Card,6.0,Rep_C,
4525,T4525,Logitech Mouse,Electronics,Accessories,1,400.0,400.0,319.62,2023-07-13 14:42:00,"23 Street, Bangkok",Bangkok,Online,Corporate,Africa,Cash,,Rep_D,
4526,T4526,Logitech Mouse,Electronics,Accessories,5,84.0,420.0,302.08,2023-04-09 17:18:00,"414 Street, Mumbai",Mumbai,Wholesale,Corporate,Europe,Transfer,1.0,Rep_D,
4527,T4527,Dell XPS 13,Electronics,Laptops,1,1372.0,1372.0,819.04,2023-05-21 18:16:00,"639 Street, Mumbai",Mumbai,Wholesale,Corporate,Europe,Cash,1.0,Rep_A,
4528,T4528,iPhone 13,Electronics,Phones,5,1445.0,7225.0,4225.19,2023-08-10 13:18:00,"337 Street, Cairo",Cairo,Online,Corporate,Africa,Transfer,5.0,Rep_D,
4529,T4529,Logitech Mouse,Electronics,Accessories,2,244.0,488.0,304.81,2023-09-18 16:52:00,"830 Street, Bangkok",Bangkok,Online,Corporate,South America,Card,2.0,Rep_A,
4530,T4530,Logitech Mouse,Electronics,Accessories,5,142.0,710.0,551.79,2023-03-08 09:55:00,"774 Street, Mumbai",Mumbai,In-Store,Corporate,Europe,Transfer,1.0,Rep_D,
4531,T4531,AirPods Pro,Electronics,Accessories,2,588.0,1176.0,597.33,2023-12-29 15:51:00,"602 Street, Cairo",Cairo,Online,Consumer,Asia,Cash,9.0,Rep_C,
4532,T4532,AirPods Pro,Electronics,Accessories,3,1854.0,5562.0,2888.7,2023-09-27 09:33:00,"919 Street, Jakarta",Jakarta,In-Store,Small Business,Europe,Cash,6.0,Rep_B,
4533,T4533,iPhone 13,Electronics,Phones,4,1919.0,7676.0,4097.01,2023-09-03 15:13:00,"661 Street, Nairobi",Nairobi,Wholesale,Small Business,South America,Card,3.0,Rep_D,
4534,T4534,Dell XPS 13,Electronics,Laptops,3,221.0,663.0,546.93,2023-05-01 16:35:00,"315 Street, São Paulo",São Paulo,Wholesale,Consumer,Asia,Card,1.0,Rep_A,
4535,T4535,Logitech Mouse,Electronics,Accessories,5,1203.0,6015.0,4559.92,2023-11-16 01:48:00,"73 Street, Lagos",Lagos,In-Store,Consumer,South America,Cash,9.0,Rep_D,
4536,T4536,AirPods Pro,Electronics,Accessories,5,1425.0,7125.0,5192.95,2023-01-31 15:26:00,"285 Street, Jakarta",Jakarta,Online,Corporate,Africa,Transfer,,Rep_A,
4538,T4538,Samsung Galaxy S21,Electronics,Phones,4,1805.0,7220.0,4768.67,2023-10-20 13:47:00,"627 Street, Jakarta",Jakarta,Wholesale,Small Business,Africa,Transfer,6.0,Rep_B,
4539,T4539,iPhone 13,Electronics,Phones,1,240.0,240.0,208.21,2023-05-30 10:40:00,"218 Street, São Paulo",São Paulo,Wholesale,Corporate,Asia,Transfer,2.0,Rep_D,
4540,T4540,MacBook Air,Electronics,Laptops,3,1215.0,3645.0,2076.46,2023-08-17 16:00:00,"355 Street, Nairobi",Nairobi,Wholesale,Consumer,Europe,Cash,7.0,Rep_C,
4541,T4541,Dell XPS 13,Electronics,Laptops,2,308.0,616.0,415.36,2023-07-11 14:27:00,"678 Street, Lagos",Lagos,In-Store,Consumer,Europe,Transfer,5.0,Rep_A,
4543,T4543,27in 4K Gaming Monitor,Electronics,Monitors,5,710.0,3550.0,2717.29,2023-08-24 05:58:00,"445 Street, Bangkok",Bangkok,Online,Corporate,Asia,Transfer,5.0,Rep_D,
4544,T4544,AirPods Pro,Electronics,Accessories,5,1784.0,8920.0,5429.55,2023-10-27 02:49:00,"679 Street, Mumbai",Mumbai,Wholesale,Consumer,South America,Card,6.0,Rep_B,
4545,T4545,Logitech Mouse,Electronics,Accessories,2,1684.0,3368.0,1989.0,2023-10-16 18:37:00,"231 Street, Nairobi",Nairobi,In-Store,Corporate,South America,Cash,6.0,Rep_A,
4546,T4546,AirPods Pro,Electronics,Accessories,1,618.0,618.0,432.02,2023-04-29 22:15:00,"359 Street, Bangkok",Bangkok,In-Store,Small Business,Asia,Card,9.0,Rep_C,
4547,T4547,Samsung Galaxy S21,Electronics,Phones,5,1414.0,7070.0,3648.91,2023-11-17 08:56:00,"441 Street, Jakarta",Jakarta,In-Store,Small Business,Europe,Transfer,,Rep_B,
4548,T4548,Samsung Galaxy S21,Electronics,Phones,2,899.0,1798.0,1199.08,2023-10-27 15:29:00,"156 Street, Nairobi",Nairobi,Online,Consumer,Europe,Card,9.0,Rep_A,
4549,T4549,AirPods Pro,Electronics,Accessories,3,1139.0,3417.0,2437.78,2023-03-18 16:26:00,"865 Street, Jakarta",Jakarta,In-Store,Small Business,Europe,Card,9.0,Rep_B,
4550,T4550,Dell XPS 13,Electronics,Laptops,3,1940.0,5820.0,4304.94,2023-11-19 15:20:00,"816 Street, Cairo",Cairo,In-Store,Corporate,Africa,Card,4.0,Rep_C,
4551,T4551,AirPods Pro,Electronics,Accessories,4,1145.0,4580.0,3805.71,2023-04-01 13:59:00,"893 Street, Lagos",Lagos,In-Store,Small Business,Asia,Card,7.0,Rep_A,
4552,T4552,Dell XPS 13,Electronics,Laptops,4,888.0,3552.0,2008.83,2023-09-20 05:47:00,"86 Street, Bangkok",Bangkok,Online,Consumer,Europe,Transfer,,Rep_A,
4553,T4553,27in 4K Gaming Monitor,Electronics,Monitors,1,1075.0,1075.0,800.97,2023-09-19 10:04:00,"983 Street, Cairo",Cairo,In-Store,Consumer,South America,Transfer,4.0,Rep_D,
4554,T4554,MacBook Air,Electronics,Laptops,2,1218.0,2436.0,1405.67,2023-10-10 13:02:00,"840 Street, Nairobi",Nairobi,Online,Corporate,Africa,Card,2.0,Rep_C,
4555,T4555,Dell XPS 13,Electronics,Laptops,4,116.0,464.0,387.37,2023-04-08 04:48:00,"302 Street, São Paulo",São Paulo,Wholesale,Consumer,South America,Card,7.0,Rep_D,
4556,T4556,27in 4K Gaming Monitor,Electronics,Monitors,3,880.0,2640.0,2148.03,2023-08-07 15:28:00,"726 Street, Lagos",Lagos,Online,Small Business,South America,Cash,3.0,Rep_B,
4557,T4557,Logitech Mouse,Electronics,Accessories,5,1349.0,6745.0,5105.61,2023-08-12 09:08:00,"795 Street, Jakarta",Jakarta,In-Store,Small Business,South America,Card,8.0,Rep_B,
4558,T4558,Logitech Mouse,Electronics,Accessories,2,1463.0,2926.0,1815.45,2023-10-04 05:35:00,"13 Street, Bangkok",Bangkok,In-Store,Small Business,Africa,Cash,7.0,Rep_D,
4559,T4559,AirPods Pro,Electronics,Accessories,5,425.0,2125.0,1273.54,2023-06-20 00:34:00,"7 Street, São Paulo",São Paulo,Wholesale,Small Business,Africa,Transfer,2.0,Rep_A,
4560,T4560,MacBook Air,Electronics,Laptops,5,1187.0,5935.0,3435.68,2023-03-14 14:57:00,"273 Street, Mumbai",Mumbai,Wholesale,Consumer,South America,Cash,9.0,Rep_A,
4561,T4561,Samsung Galaxy S21,Electronics,Phones,2,717.0,1434.0,888.79,2023-07-13 21:37:00,"209 Street, São Paulo",São Paulo,In-Store,Corporate,Africa,Card,,Rep_D,
4562,T4562,27in 4K Gaming Monitor,Electronics,Monitors,2,1772.0,3544.0,2892.54,2023-12-17 17:01:00,"696 Street, Bangkok",Bangkok,In-Store,Small Business,Europe,Card,6.0,Rep_A,
4563,T4563,Dell XPS 13,Electronics,Laptops,2,640.0,1280.0,990.73,2023-01-23 14:01:00,"666 Street, Mumbai",Mumbai,Wholesale,Corporate,Europe,Transfer,6.0,Rep_D,
4564,T4564,MacBook Air,Electronics,Laptops,1,1564.0,1564.0,975.8,2023-12-10 02:13:00,"655 Street, Nairobi",Nairobi,In-Store,Corporate,Europe,Transfer,7.0,Rep_D,
4565,T4565,Logitech Mouse,Electronics,Accessories,3,1813.0,5439.0,3231.04,2023-05-19 03:57:00,"489 Street, Jakarta",Jakarta,In-Store,Corporate,South America,Card,8.0,Rep_B,
4566,T4566,MacBook Air,Electronics,Laptops,4,1140.0,4560.0,3660.81,2023-07-31 23:07:00,"619 Street, Nairobi",Nairobi,Online,Corporate,South America,Cash,1.0,Rep_A,
4567,T4567,Logitech Mouse,Electronics,Accessories,2,393.0,786.0,639.19,2023-01-03 16:44:00,"625 Street, Cairo",Cairo,In-Store,Consumer,Africa,Transfer,5.0,Rep_B,
4568,T4568,Samsung Galaxy S21,Electronics,Phones,2,810.0,1620.0,1195.14,2023-10-09 20:04:00,"792 Street, Bangkok",Bangkok,Wholesale,Small Business,Africa,Cash,,Rep_B,
4569,T4569,Dell XPS 13,Electronics,Laptops,5,618.0,3090.0,2500.98,2023-07-14 06:28:00,"461 Street, Nairobi",Nairobi,Wholesale,Corporate,Asia,Transfer,4.0,Rep_B,
4570,T4570,AirPods Pro,Electronics,Accessories,4,1676.0,6704.0,3357.68,2023-01-28 23:53:00,"978 Street, Mumbai",Mumbai,Wholesale,Consumer,Asia,Transfer,6.0,Rep_B,
4571,T4571,iPhone 13,Electronics,Phones,1,162.0,162.0,82.01,2023-01-30 19:03:00,"655 Street, Nairobi",Nairobi,In-Store,Small Business,Asia,Transfer,7.0,Rep_A,
4572,T4572,27in 4K Gaming Monitor,Electronics,Monitors,3,1788.0,5364.0,4147.47,2023-11-04 19:14:00,"479 Street, Mumbai",Mumbai,Online,Corporate,Africa,Transfer,7.0,Rep_D,
4573,T4573,iPhone 13,Electronics,Phones,5,1318.0,6590.0,5455.46,2023-02-07 23:01:00,"213 Street, Bangkok",Bangkok,In-Store,Small Business,Asia,Card,9.0,Rep_A,
4574,T4574,MacBook Air,Electronics,Laptops,3,122.0,366.0,328.61,2023-06-05 23:17:00,"292 Street, Cairo",Cairo,Online,Corporate,Europe,Transfer,5.0,Rep_D,
4575,T4575,iPhone 13,Electronics,Phones,5,451.0,2255.0,1329.17,2023-06-28 10:37:00,"195 Street, São Paulo",São Paulo,Online,Corporate,South America,Cash,2.0,Rep_A,
4576,T4576,Dell XPS 13,Electronics,Laptops,3,1576.0,4728.0,2506.51,2023-10-01 06:31:00,"323 Street, Cairo",Cairo,Wholesale,Consumer,Asia,Cash,,Rep_C,
4577,T4577,Dell XPS 13,Electronics,Laptops,4,1345.0,5380.0,4068.3,2023-05-01 03:25:00,"322 Street, São Paulo",São Paulo,Online,Corporate,Africa,Transfer,2.0,Rep_A,
4578,T4578,iPhone 13,Electronics,Phones,2,178.0,356.0,266.83,2023-06-13 02:37:00,"464 Street, São Paulo",São Paulo,Online,Consumer,Africa,Transfer,,Rep_A,
4579,T4579,AirPods Pro,Electronics,Accessories,3,999.0,2997.0,2177.96,2023-10-13 19:29:00,"822 Street, Cairo",Cairo,Online,Corporate,Africa,Transfer,3.0,Rep_B,
4580,T4580,Samsung Galaxy S21,Electronics,Phones,1,1418.0,1418.0,1070.14,2023-05-16 21:20:00,"554 Street, Lagos",Lagos,Wholesale,Small Business,Asia,Transfer,1.0,Rep_D,
4581,T4581,Logitech Mouse,Electronics,Accessories,3,1831.0,5493.0,3840.4,2023-02-04 05:37:00,"945 Street, Bangkok",Bangkok,In-Store,Small Business,Europe,Cash,4.0,Rep_D,
4582,T4582,27in 4K Gaming Monitor,Electronics,Monitors,4,1369.0,5476.0,3079.59,2023-03-22 11:43:00,"345 Street, Cairo",Cairo,In-Store,Corporate,Europe,Transfer,8.0,Rep_C,
4583,T4583,AirPods Pro,Electronics,Accessories,1,348.0,348.0,275.73,2023-01-17 23:23:00,"58 Street, Jakarta",Jakarta,In-Store,Small Business,Africa,Transfer,3.0,Rep_B,
4584,T4584,27in 4K Gaming Monitor,Electronics,Monitors,4,928.0,3712.0,2581.79,2023-07-21 07:12:00,"146 Street, Bangkok",Bangkok,Online,Corporate,Africa,Transfer,1.0,Rep_B,
4585,T4585,AirPods Pro,Electronics,Accessories,2,1655.0,3310.0,2840.66,2023-03-31 10:07:00,"642 Street, Cairo",Cairo,In-Store,Corporate,Europe,Cash,5.0,Rep_A,
4587,T4587,AirPods Pro,Electronics,Accessories,4,373.0,1492.0,1315.78,2023-04-14 17:59:00,"926 Street, Mumbai",Mumbai,Wholesale,Consumer,Europe,Cash,,Rep_D,
4588,T4588,iPhone 13,Electronics,Phones,3,1109.0,3327.0,2729.52,2023-08-15 18:11:00,"956 Street, Bangkok",Bangkok,In-Store,Small Business,Asia,Transfer,,Rep_D,
4589,T4589,MacBook Air,Electronics,Laptops,4,890.0,3560.0,2438.0,2023-11-26 08:24:00,"637 Street, Bangkok",Bangkok,Wholesale,Consumer,Europe,Transfer,6.0,Rep_C,
4590,T4590,Logitech Mouse,Electronics,Accessories,3,263.0,789.0,609.43,2023-04-15 08:33:00,"5 Street, Nairobi",Nairobi,In-Store,Small Business,Asia,Card,8.0,Rep_B,
4591,T4591,MacBook Air,Electronics,Laptops,2,392.0,784.0,470.32,2023-12-02 16:58:00,"874 Street, Lagos",Lagos,Wholesale,Consumer,Europe,Transfer,3.0,Rep_A,
4592,T4592,Samsung Galaxy S21,Electronics,Phones,3,1464.0,4392.0,3548.99,2023-05-14 04:37:00,"742 Street, Jakarta",Jakarta,Wholesale,Consumer,South America,Card,6.0,Rep_B,
4593,T4593,Samsung Galaxy S21,Electronics,Phones,3,1105.0,3315.0,1684.88,2023-12-02 09:14:00,"688 Street, Bangkok",Bangkok,Wholesale,Small Business,Africa,Card,9.0,Rep_B,
4594,T4594,Dell XPS 13,Electronics,Laptops,5,774.0,3870.0,3257.24,2023-07-19 05:02:00,"806 Street, Lagos",Lagos,Wholesale,Corporate,Europe,Transfer,4.0,Rep_B,
4595,T4595,MacBook Air,Electronics,Laptops,4,574.0,2296.0,2036.04,2023-12-06 05:10:00,"28 Street, Cairo",Cairo,In-Store,Small Business,South America,Cash,1.0,Rep_A,
4598,T4598,iPhone 13,Electronics,Phones,2,1852.0,3704.0,2238.81,2023-12-02 22:29:00,"601 Street, Bangkok",Bangkok,Wholesale,Small Business,Europe,Transfer,3.0,Rep_A,
4599,T4599,27in 4K Gaming Monitor,Electronics,Monitors,4,1612.0,6448.0,3623.24,2023-06-05 06:47:00,"386 Street, Jakarta",Jakarta,Wholesale,Small Business,South America,Card,,Rep_B,
4600,T4600,Samsung Galaxy S21,Electronics,Phones,1,1946.0,1946.0,1611.72,2023-09-15 08:42:00,"513 Street, Bangkok",Bangkok,Online,Consumer,Europe,Card,2.0,Rep_D,
4601,T4601,Logitech Mouse,Electronics,Accessories,2,1266.0,2532.0,1732.61,2023-04-21 00:00:00,"95 Street, Bangkok",Bangkok,Wholesale,Consumer,Europe,Transfer,3.0,Rep_C,
4602,T4602,Dell XPS 13,Electronics,Laptops,2,1112.0,2224.0,1720.84,2023-08-08 07:19:00,"238 Street, São Paulo",São Paulo,Wholesale,Small Business,Europe,Card,4.0,Rep_B,
4603,T4603,Dell XPS 13,Electronics,Laptops,5,229.0,1145.0,670.06,2023-05-29 08:18:00,"505 Street, Bangkok",Bangkok,Wholesale,Consumer,Europe,Cash,2.0,Rep_C,
4604,T4604,Dell XPS 13,Electronics,Laptops,3,547.0,1641.0,1393.68,2023-02-25 07:55:00,"373 Street, Mumbai",Mumbai,In-Store,Consumer,South America,Cash,2.0,Rep_A,
4606,T4606,MacBook Air,Electronics,Laptops,3,1023.0,3069.0,1607.45,2023-10-06 03:11:00,"672 Street, Mumbai",Mumbai,Wholesale,Consumer,South America,Cash,8.0,Rep_C,
4607,T4607,Samsung Galaxy S21,Electronics,Phones,1,1614.0,1614.0,1114.45,2023-03-06 10:52:00,"476 Street, Cairo",Cairo,Online,Consumer,Asia,Transfer,4.0,Rep_D,
4608,T4608,27in 4K Gaming Monitor,Electronics,Monitors,3,1628.0,4884.0,3496.86,2023-07-14 02:42:00,"435 Street, Bangkok",Bangkok,Wholesale,Small Business,Europe,Cash,6.0,Rep_D,
4609,T4609,iPhone 13,Electronics,Phones,1,871.0,871.0,562.45,2023-07-05 21:18:00,"34 Street, Cairo",Cairo,Online,Corporate,South America,Cash,5.0,Rep_A,
4610,T4610,MacBook Air,Electronics,Laptops,5,1327.0,6635.0,4103.46,2023-10-05 12:28:00,"318 Street, Nairobi",Nairobi,Wholesale,Consumer,South America,Cash,3.0,Rep_A,
4611,T4611,AirPods Pro,Electronics,Accessories,1,392.0,392.0,215.56,2023-01-07 16:31:00,"717 Street, Mumbai",Mumbai,Online,Consumer,South America,Card,3.0,Rep_D,
4612,T4612,27in 4K Gaming Monitor,Electronics,Monitors,1,553.0,553.0,363.77,2023-08-02 03:55:00,"961 Street, Mumbai",Mumbai,In-Store,Consumer,South America,Cash,2.0,Rep_D,
4613,T4613,MacBook Air,Electronics,Laptops,3,248.0,744.0,618.94,2023-05-04 07:10:00,"134 Street, São Paulo",São Paulo,Online,Small Business,Africa,Card,,Rep_B,
4614,T4614,Dell XPS 13,Electronics,Laptops,4,1981.0,7924.0,7126.32,2023-06-30 03:57:00,"853 Street, Jakarta",Jakarta,In-Store,Small Business,Africa,Transfer,9.0,Rep_B,
4615,T4615,27in 4K Gaming Monitor,Electronics,Monitors,3,214.0,642.0,355.93,2023-12-21 04:44:00,"654 Street, Nairobi",Nairobi,In-Store,Corporate,Europe,Cash,2.0,Rep_A,
4616,T4616,Dell XPS 13,Electronics,Laptops,3,1329.0,3987.0,2684.67,2023-11-18 05:49:00,"834 Street, São Paulo",São Paulo,In-Store,Small Business,Asia,Card,4.0,Rep_D,
4617,T4617,Dell XPS 13,Electronics,Laptops,4,1353.0,5412.0,4804.2,2023-09-12 08:12:00,"558 Street, São Paulo",São Paulo,Wholesale,Small Business,Europe,Card,7.0,Rep_D,
4618,T4618,Logitech Mouse,Electronics,Accessories,4,1055.0,4220.0,2874.37,2023-08-12 09:10:00,"989 Street, Cairo",Cairo,In-Store,Small Business,Europe,Card,9.0,Rep_D,
4619,T4619,iPhone 13,Electronics,Phones,4,350.0,1400.0,1077.1,2023-07-13 08:37:00,"445 Street, São Paulo",São Paulo,Wholesale,Consumer,Europe,Card,1.0,Rep_A,
4620,T4620,Logitech Mouse,Electronics,Accessories,3,1406.0,4218.0,3484.22,2023-10-20 11:35:00,"162 Street, Mumbai",Mumbai,Online,Consumer,Europe,Cash,9.0,Rep_B,
4621,T4621,Logitech Mouse,Electronics,Accessories,1,123.0,123.0,89.9,2023-10-30 17:51:00,"92 Street, Cairo",Cairo,Online,Small Business,Europe,Transfer,3.0,Rep_D,
4622,T4622,Dell XPS 13,Electronics,Laptops,5,1245.0,6225.0,3685.83,2023-02-11 20:31:00,"687 Street, São Paulo",São Paulo,Online,Corporate,Africa,Cash,8.0,Rep_A,
4623,T4623,AirPods Pro,Electronics,Accessories,5,97.0,485.0,425.85,2023-03-09 16:38:00,"119 Street, Cairo",Cairo,Online,Corporate,Africa,Transfer,,Rep_B,
4624,T4624,Samsung Galaxy S21,Electronics,Phones,5,185.0,925.0,805.9,2023-02-05 04:39:00,"68 Street, Jakarta",Jakarta,In-Store,Corporate,Africa,Transfer,,Rep_C,
4625,T4625,MacBook Air,Electronics,Laptops,1,270.0,270.0,184.24,2023-06-14 23:21:00,"868 Street, Bangkok",Bangkok,In-Store,Consumer,Asia,Transfer,2.0,Rep_B,
4626,T4626,27in 4K Gaming Monitor,Electronics,Monitors,1,715.0,715.0,413.95,2023-10-12 05:59:00,"523 Street, Jakarta",Jakarta,In-Store,Consumer,Europe,Transfer,7.0,Rep_C,
4627,T4627,iPhone 13,Electronics,Phones,1,1521.0,1521.0,993.58,2023-12-22 02:39:00,"190 Street, Bangkok",Bangkok,Online,Small Business,Africa,Transfer,7.0,Rep_B,
4628,T4628,iPhone 13,Electronics,Phones,2,273.0,546.0,439.35,2023-09-16 22:41:00,"604 Street, Lagos",Lagos,Online,Consumer,Africa,Card,9.0,Rep_D,
4629,T4629,27in 4K Gaming Monitor,Electronics,Monitors,4,165.0,660.0,350.57,2023-06-30 06:54:00,"327 Street, Nairobi",Nairobi,Online,Small Business,South America,Transfer,8.0,Rep_C,
4630,T4630,Samsung Galaxy S21,Electronics,Phones,3,146.0,438.0,392.68,2023-07-24 20:32:00,"961 Street, Cairo",Cairo,Online,Corporate,Africa,Cash,8.0,Rep_B,
4631,T4631,MacBook Air,Electronics,Laptops,5,404.0,2020.0,1111.23,2023-03-01 03:37:00,"157 Street, Cairo",Cairo,Wholesale,Corporate,South America,Cash,4.0,Rep_B,
4632,T4632,MacBook Air,Electronics,Laptops,3,1241.0,3723.0,2543.84,2023-05-16 09:48:00,"108 Street, Jakarta",Jakarta,Online,Corporate,Europe,Transfer,6.0,Rep_B,
4633,T4633,Logitech Mouse,Electronics,Accessories,3,1860.0,5580.0,3811.69,2023-08-29 03:48:00,"515 Street, Bangkok",Bangkok,In-Store,Consumer,Africa,Transfer,4.0,Rep_A,
4634,T4634,Logitech Mouse,Electronics,Accessories,3,664.0,1992.0,1653.1,2023-02-15 03:54:00,"216 Street, Nairobi",Nairobi,In-Store,Consumer,Africa,Cash,6.0,Rep_B,
4635,T4635,MacBook Air,Electronics,Laptops,1,1058.0,1058.0,648.29,2023-11-17 15:48:00,"263 Street, Mumbai",Mumbai,Online,Consumer,Europe,Card,9.0,Rep_A,
4636,T4636,Dell XPS 13,Electronics,Laptops,4,606.0,2424.0,2052.52,2023-07-29 13:54:00,"302 Street, Lagos",Lagos,Wholesale,Consumer,Africa,Transfer,6.0,Rep_D,
4637,T4637,27in 4K Gaming Monitor,Electronics,Monitors,3,1695.0,5085.0,2846.88,2023-06-30 18:21:00,"319 Street, São Paulo",São Paulo,Wholesale,Consumer,South America,Cash,9.0,Rep_A,
4638,T4638,AirPods Pro,Electronics,Accessories,1,1615.0,1615.0,1144.22,2023-02-09 15:11:00,"385 Street, Bangkok",Bangkok,Wholesale,Small Business,South America,Transfer,1.0,Rep_D,
4639,T4639,Dell XPS 13,Electronics,Laptops,2,1433.0,2866.0,1485.65,2023-12-01 05:05:00,"795 Street, Mumbai",Mumbai,Online,Small Business,Africa,Card,6.0,Rep_D,
4640,T4640,Dell XPS 13,Electronics,Laptops,1,776.0,776.0,536.76,2023-10-22 00:01:00,"168 Street, Bangkok",Bangkok,Online,Corporate,Africa,Cash,,Rep_C,
4641,T4641,AirPods Pro,Electronics,Accessories,4,1607.0,6428.0,5399.87,2023-03-20 09:38:00,"465 Street, São Paulo",São Paulo,Online,Consumer,Europe,Transfer,9.0,Rep_A,
4642,T4642,27in 4K Gaming Monitor,Electronics,Monitors,3,851.0,2553.0,2058.36,2023-08-07 12:01:00,"307 Street, Jakarta",Jakarta,Online,Small Business,Asia,Card,5.0,Rep_D,
4643,T4643,Logitech Mouse,Electronics,Accessories,1,798.0,798.0,543.3,2023-12-30 04:57:00,"149 Street, Cairo",Cairo,Online,Corporate,Africa,Cash,5.0,Rep_D,
4644,T4644,27in 4K Gaming Monitor,Electronics,Monitors,2,779.0,1558.0,1197.49,2023-08-07 16:09:00,"344 Street, Lagos",Lagos,Wholesale,Small Business,Asia,Card,7.0,Rep_D,
4645,T4645,Dell XPS 13,Electronics,Laptops,4,295.0,1180.0,852.79,2023-10-08 02:12:00,"175 Street, Nairobi",Nairobi,Online,Small Business,Africa,Transfer,1.0,Rep_C,
4646,T4646,Logitech Mouse,Electronics,Accessories,3,381.0,1143.0,580.33,2023-06-06 04:38:00,"337 Street, Cairo",Cairo,Online,Consumer,Asia,Cash,2.0,Rep_D,
4647,T4647,MacBook Air,Electronics,Laptops,2,75.0,150.0,129.22,2023-08-04 06:09:00,"110 Street, Lagos",Lagos,In-Store,Small Business,Europe,Cash,7.0,Rep_B,
4648,T4648,27in 4K Gaming Monitor,Electronics,Monitors,2,808.0,1616.0,1240.53,2023-02-02 10:18:00,"726 Street, São Paulo",São Paulo,In-Store,Consumer,Europe,Transfer,,Rep_D,
4649,T4649,Dell XPS 13,Electronics,Laptops,1,1959.0,1959.0,1310.63,2023-09-22 17:37:00,"19 Street, Nairobi",Nairobi,Wholesale,Corporate,Asia,Transfer,9.0,Rep_D,
4650,T4650,27in 4K Gaming Monitor,Electronics,Monitors,3,1726.0,5178.0,3633.68,2023-03-16 17:57:00,"612 Street, São Paulo",São Paulo,In-Store,Consumer,Africa,Cash,1.0,Rep_A,
4651,T4651,iPhone 13,Electronics,Phones,3,536.0,1608.0,933.27,2023-01-29 16:38:00,"200 Street, Bangkok",Bangkok,Online,Consumer,Asia,Card,6.0,Rep_A,
4652,T4652,27in 4K Gaming Monitor,Electronics,Monitors,4,1381.0,5524.0,3060.34,2023-06-12 10:35:00,"109 Street, Jakarta",Jakarta,In-Store,Corporate,South America,Cash,5.0,Rep_C,
4653,T4653,AirPods Pro,Electronics,Accessories,5,882.0,4410.0,2819.14,2023-06-15 10:28:00,"202 Street, Mumbai",Mumbai,Online,Consumer,South America,Transfer,5.0,Rep_A,
4654,T4654,Dell XPS 13,Electronics,Laptops,1,876.0,876.0,601.39,2023-02-18 23:11:00,"830 Street, Jakarta",Jakarta,Online,Small Business,Europe,Cash,3.0,Rep_B,
4655,T4655,Samsung Galaxy S21,Electronics,Phones,3,290.0,870.0,677.38,2023-03-17 10:57:00,"971 Street, Cairo",Cairo,Online,Small Business,Europe,Transfer,2.0,Rep_D,
4656,T4656,Dell XPS 13,Electronics,Laptops,5,1056.0,5280.0,3356.33,2023-06-24 18:27:00,"542 Street, Mumbai",Mumbai,Wholesale,Consumer,South America,Cash,4.0,Rep_A,
4657,T4657,Logitech Mouse,Electronics,Accessories,4,920.0,3680.0,3106.16,2023-06-17 17:12:00,"678 Street, Mumbai",Mumbai,Online,Corporate,South America,Cash,4.0,Rep_B,
4658,T4658,Samsung Galaxy S21,Electronics,Phones,5,1733.0,8665.0,6513.8,2023-06-18 17:29:00,"56 Street, Cairo",Cairo,In-Store,Corporate,Africa,Cash,8.0,Rep_D,
4659,T4659,iPhone 13,Electronics,Phones,3,243.0,729.0,438.51,2023-08-17 03:34:00,"266 Street, Mumbai",Mumbai,Wholesale,Consumer,Asia,Cash,,Rep_D,
4660,T4660,Samsung Galaxy S21,Electronics,Phones,4,1689.0,6756.0,4910.57,2023-10-24 03:01:00,"634 Street, Jakarta",Jakarta,Online,Consumer,South America,Transfer,1.0,Rep_A,
4661,T4661,Logitech Mouse,Electronics,Accessories,2,1334.0,2668.0,1760.65,2023-01-29 05:14:00,"883 Street, Mumbai",Mumbai,Wholesale,Corporate,Asia,Cash,1.0,Rep_D,
4662,T4662,Logitech Mouse,Electronics,Accessories,3,725.0,2175.0,1311.05,2023-03-02 07:23:00,"273 Street, Jakarta",Jakarta,Wholesale,Small Business,Asia,Transfer,1.0,Rep_D,
4663,T4663,MacBook Air,Electronics,Laptops,4,950.0,3800.0,3041.47,2023-10-25 23:39:00,"212 Street, São Paulo",São Paulo,In-Store,Corporate,South America,Cash,3.0,Rep_C,
4664,T4664,iPhone 13,Electronics,Phones,2,714.0,1428.0,1095.9,2023-01-01 19:46:00,"880 Street, Jakarta",Jakarta,Online,Small Business,South America,Cash,9.0,Rep_B,
4665,T4665,MacBook Air,Electronics,Laptops,1,458.0,458.0,319.57,2023-08-08 01:24:00,"82 Street, São Paulo",São Paulo,In-Store,Small Business,Africa,Transfer,8.0,Rep_B,
4666,T4666,MacBook Air,Electronics,Laptops,1,705.0,705.0,413.33,2023-05-19 14:59:00,"61 Street, Jakarta",Jakarta,Wholesale,Corporate,Europe,Card,8.0,Rep_B,
4667,T4667,AirPods Pro,Electronics,Accessories,2,1400.0,2800.0,2201.14,2023-08-20 18:37:00,"211 Street, São Paulo",São Paulo,Online,Consumer,Europe,Transfer,6.0,Rep_A,
4668,T4668,Dell XPS 13,Electronics,Laptops,1,1987.0,1987.0,1584.99,2023-10-24 07:57:00,"631 Street, Jakarta",Jakarta,In-Store,Small Business,South America,Cash,6.0,Rep_B,
4669,T4669,Samsung Galaxy S21,Electronics,Phones,3,1472.0,4416.0,3434.65,2023-05-14 01:05:00,"157 Street, Nairobi",Nairobi,In-Store,Consumer,Europe,Cash,5.0,Rep_B,
4670,T4670,Dell XPS 13,Electronics,Laptops,1,448.0,448.0,355.4,2023-06-23 11:11:00,"563 Street, São Paulo",São Paulo,Online,Consumer,Europe,Transfer,5.0,Rep_C,
4671,T4671,Logitech Mouse,Electronics,Accessories,3,1215.0,3645.0,2774.14,2023-06-29 08:49:00,"571 Street, Cairo",Cairo,Online,Corporate,Europe,Cash,,Rep_D,
4672,T4672,Logitech Mouse,Electronics,Accessories,4,570.0,2280.0,2050.04,2023-03-26 08:47:00,"301 Street, Jakarta",Jakarta,In-Store,Consumer,Europe,Cash,9.0,Rep_B,
4673,T4673,AirPods Pro,Electronics,Accessories,5,1140.0,5700.0,3315.31,2023-12-18 16:29:00,"461 Street, São Paulo",São Paulo,Wholesale,Small Business,Africa,Card,4.0,Rep_B,
4674,T4674,MacBook Air,Electronics,Laptops,3,1922.0,5766.0,4531.51,2023-03-22 03:50:00,"953 Street, Mumbai",Mumbai,Online,Corporate,Africa,Transfer,9.0,Rep_D,
4675,T4675,AirPods Pro,Electronics,Accessories,3,1199.0,3597.0,2804.44,2023-12-08 06:55:00,"656 Street, Lagos",Lagos,In-Store,Corporate,Asia,Cash,1.0,Rep_B,
4676,T4676,MacBook Air,Electronics,Laptops,4,449.0,1796.0,1270.48,2023-12-12 14:35:00,"630 Street, São Paulo",São Paulo,Online,Small Business,South America,Cash,1.0,Rep_B,
4677,T4677,Logitech Mouse,Electronics,Accessories,3,1383.0,4149.0,3638.61,2023-06-22 02:03:00,"964 Street, Mumbai",Mumbai,In-Store,Small Business,Asia,Cash,6.0,Rep_A,
4678,T4678,27in 4K Gaming Monitor,Electronics,Monitors,5,1266.0,6330.0,3246.66,2023-12-15 03:14:00,"194 Street, São Paulo",São Paulo,Online,Corporate,Europe,Transfer,,Rep_B,
4679,T4679,Dell XPS 13,Electronics,Laptops,3,1115.0,3345.0,1798.45,2023-07-20 00:17:00,"598 Street, São Paulo",São Paulo,In-Store,Consumer,Africa,Transfer,6.0,Rep_C,
4680,T4680,27in 4K Gaming Monitor,Electronics,Monitors,3,1399.0,4197.0,2951.65,2023-07-10 08:15:00,"697 Street, Lagos",Lagos,Online,Small Business,Asia,Transfer,7.0,Rep_B,
4681,T4681,Samsung Galaxy S21,Electronics,Phones,3,370.0,1110.0,794.82,2023-02-25 21:15:00,"103 Street, Bangkok",Bangkok,In-Store,Small Business,Asia,Transfer,2.0,Rep_C,
4682,T4682,Logitech Mouse,Electronics,Accessories,4,1662.0,6648.0,3526.57,2023-06-11 17:23:00,"915 Street, São Paulo",São Paulo,Wholesale,Consumer,Europe,Card,5.0,Rep_C,
4683,T4683,Samsung Galaxy S21,Electronics,Phones,2,724.0,1448.0,791.79,2023-01-03 04:42:00,"275 Street, Jakarta",Jakarta,Online,Corporate,Europe,Card,2.0,Rep_C,
4684,T4684,Dell XPS 13,Electronics,Laptops,1,1780.0,1780.0,1391.08,2023-01-04 21:06:00,"907 Street, Bangkok",Bangkok,Wholesale,Small Business,Africa,Transfer,4.0,Rep_A,
4685,T4685,MacBook Air,Electronics,Laptops,4,1500.0,6000.0,3671.25,2023-04-13 11:53:00,"742 Street, Mumbai",Mumbai,Online,Small Business,Africa,Cash,9.0,Rep_C,
4686,T4686,Dell XPS 13,Electronics,Laptops,5,1141.0,5705.0,2946.23,2023-08-12 15:27:00,"41 Street, São Paulo",São Paulo,In-Store,Small Business,Africa,Card,5.0,Rep_C,
4687,T4687,iPhone 13,Electronics,Phones,2,1970.0,3940.0,2386.15,2023-02-15 08:36:00,"719 Street, Lagos",Lagos,Wholesale,Corporate,Africa,Cash,8.0,Rep_A,
4688,T4688,Dell XPS 13,Electronics,Laptops,3,292.0,876.0,785.17,2023-08-07 08:09:00,"269 Street, Nairobi",Nairobi,Online,Consumer,Africa,Transfer,9.0,Rep_A,
4689,T4689,Dell XPS 13,Electronics,Laptops,1,449.0,449.0,358.43,2023-08-24 12:13:00,"150 Street, Bangkok",Bangkok,In-Store,Corporate,South America,Cash,2.0,Rep_B,
4690,T4690,iPhone 13,Electronics,Phones,3,199.0,597.0,484.69,2023-06-30 21:02:00,"390 Street, Jakarta",Jakarta,Wholesale,Consumer,Asia,Card,2.0,Rep_C,
4691,T4691,27in 4K Gaming Monitor,Electronics,Monitors,4,462.0,1848.0,1064.96,2023-12-11 05:10:00,"382 Street, Jakarta",Jakarta,In-Store,Corporate,Asia,Transfer,5.0,Rep_A,
4692,T4692,27in 4K Gaming Monitor,Electronics,Monitors,1,565.0,565.0,365.56,2023-07-26 21:31:00,"151 Street, São Paulo",São Paulo,Online,Consumer,Europe,Card,8.0,Rep_D,
4693,T4693,Logitech Mouse,Electronics,Accessories,2,1824.0,3648.0,2562.94,2023-07-14 03:46:00,"633 Street, Bangkok",Bangkok,In-Store,Consumer,Asia,Cash,4.0,Rep_C,
4694,T4694,iPhone 13,Electronics,Phones,2,978.0,1956.0,1510.32,2023-03-28 15:13:00,"247 Street, Nairobi",Nairobi,Online,Small Business,Africa,Cash,2.0,Rep_C,
4695,T4695,Logitech Mouse,Electronics,Accessories,5,1035.0,5175.0,3750.67,2023-06-04 07:03:00,"987 Street, Mumbai",Mumbai,Online,Consumer,Africa,Cash,9.0,Rep_C,
4696,T4696,27in 4K Gaming Monitor,Electronics,Monitors,5,1807.0,9035.0,7221.11,2023-07-28 14:24:00,"723 Street, Bangkok",Bangkok,In-Store,Small Business,Asia,Transfer,5.0,Rep_C,
4697,T4697,Logitech Mouse,Electronics,Accessories,3,914.0,2742.0,2144.01,2023-09-12 10:15:00,"808 Street, Cairo",Cairo,Online,Consumer,Africa,Cash,5.0,Rep_D,
4698,T4698,AirPods Pro,Electronics,Accessories,4,152.0,608.0,325.82,2023-07-06 04:17:00,"503 Street, Cairo",Cairo,Wholesale,Small Business,Africa,Cash,9.0,Rep_D,
4699,T4699,27in 4K Gaming Monitor,Electronics,Monitors,3,942.0,2826.0,2278.13,2023-03-07 06:50:00,"843 Street, São Paulo",São Paulo,In-Store,Corporate,Africa,Transfer,1.0,Rep_B,
4700,T4700,AirPods Pro,Electronics,Accessories,4,262.0,1048.0,618.43,2023-09-19 07:52:00,"106 Street, Lagos",Lagos,In-Store,Small Business,Asia,Cash,4.0,Rep_A,
4701,T4701,MacBook Air,Electronics,Laptops,5,1880.0,9400.0,7356.6,2023-09-25 05:54:00,"597 Street, Nairobi",Nairobi,In-Store,Small Business,Africa,Card,1.0,Rep_C,
4702,T4702,Samsung Galaxy S21,Electronics,Phones,5,1671.0,8355.0,5527.3,2023-04-27 06:49:00,"342 Street, Jakarta",Jakarta,In-Store,Small Business,Europe,Card,6.0,Rep_D,
4703,T4703,iPhone 13,Electronics,Phones,5,261.0,1305.0,794.95,2023-03-18 22:36:00,"537 Street, Cairo",Cairo,Online,Small Business,Africa,Cash,7.0,Rep_A,
4704,T4704,iPhone 13,Electronics,Phones,4,792.0,3168.0,2261.28,2023-03-13 15:56:00,"577 Street, Cairo",Cairo,Wholesale,Corporate,Asia,Transfer,4.0,Rep_A,
4706,T4706,MacBook Air,Electronics,Laptops,5,1321.0,6605.0,3768.99,2023-03-19 07:40:00,"290 Street, Bangkok",Bangkok,In-Store,Consumer,Europe,Card,4.0,Rep_B,
4707,T4707,27in 4K Gaming Monitor,Electronics,Monitors,2,601.0,1202.0,795.2,2023-03-15 18:04:00,"744 Street, São Paulo",São Paulo,Wholesale,Small Business,Asia,Transfer,9.0,Rep_A,
4708,T4708,27in 4K Gaming Monitor,Electronics,Monitors,5,479.0,2395.0,1995.64,2023-06-18 12:35:00,"661 Street, Nairobi",Nairobi,Wholesale,Small Business,South America,Card,3.0,Rep_C,
4709,T4709,Logitech Mouse,Electronics,Accessories,3,665.0,1995.0,1579.49,2023-09-07 18:06:00,"153 Street, Mumbai",Mumbai,In-Store,Corporate,Africa,Card,7.0,Rep_C,
4710,T4710,iPhone 13,Electronics,Phones,4,918.0,3672.0,2348.56,2023-08-22 06:51:00,"510 Street, Lagos",Lagos,In-Store,Small Business,South America,Transfer,9.0,Rep_C,
4711,T4711,27in 4K Gaming Monitor,Electronics,Monitors,1,1158.0,1158.0,649.91,2023-01-20 17:03:00,"960 Street, Cairo",Cairo,Wholesale,Small Business,South America,Transfer,,Rep_B,
4712,T4712,iPhone 13,Electronics,Phones,2,461.0,922.0,713.02,2023-05-31 12:54:00,"595 Street, Mumbai",Mumbai,Wholesale,Corporate,Europe,Transfer,5.0,Rep_D,
4713,T4713,iPhone 13,Electronics,Phones,5,201.0,1005.0,758.5,2023-10-17 11:21:00,"881 Street, Lagos",Lagos,In-Store,Consumer,South America,Cash,7.0,Rep_C,
4715,T4715,AirPods Pro,Electronics,Accessories,1,1284.0,1284.0,965.37,2023-01-09 03:41:00,"96 Street, Mumbai",Mumbai,Online,Corporate,Europe,Cash,3.0,Rep_C,
4716,T4716,Logitech Mouse,Electronics,Accessories,3,1578.0,4734.0,2766.17,2023-08-13 04:51:00,"738 Street, Nairobi",Nairobi,Online,Small Business,South America,Card,3.0,Rep_B,
4717,T4717,iPhone 13,Electronics,Phones,2,1153.0,2306.0,1285.56,2023-09-17 23:15:00,"448 Street, Lagos",Lagos,Wholesale,Corporate,Europe,Card,4.0,Rep_A,
4718,T4718,AirPods Pro,Electronics,Accessories,3,398.0,1194.0,993.73,2023-08-02 22:51:00,"385 Street, Nairobi",Nairobi,Wholesale,Consumer,Asia,Card,3.0,Rep_D,
4719,T4719,iPhone 13,Electronics,Phones,5,1667.0,8335.0,6569.09,2023-06-08 14:57:00,"451 Street, São Paulo",São Paulo,Wholesale,Corporate,Asia,Card,1.0,Rep_A,
4720,T4720,MacBook Air,Electronics,Laptops,3,1353.0,4059.0,2316.6,2023-10-08 05:32:00,"49 Street, São Paulo",São Paulo,In-Store,Corporate,Asia,Transfer,4.0,Rep_B,
4721,T4721,Dell XPS 13,Electronics,Laptops,5,899.0,4495.0,3806.71,2023-07-28 06:31:00,"44 Street, Lagos",Lagos,Wholesale,Corporate,Europe,Cash,3.0,Rep_D,
4722,T4722,Samsung Galaxy S21,Electronics,Phones,4,405.0,1620.0,1378.28,2023-02-22 20:48:00,"478 Street, Lagos",Lagos,In-Store,Small Business,South America,Card,1.0,Rep_B,
4723,T4723,27in 4K Gaming Monitor,Electronics,Monitors,2,1327.0,2654.0,2219.18,2023-08-23 18:14:00,"200 Street, São Paulo",São Paulo,In-Store,Consumer,Asia,Cash,5.0,Rep_D,
4724,T4724,27in 4K Gaming Monitor,Electronics,Monitors,4,198.0,792.0,702.15,2023-01-19 19:51:00,"408 Street, Mumbai",Mumbai,Online,Corporate,South America,Transfer,9.0,Rep_C,
4725,T4725,AirPods Pro,Electronics,Accessories,5,345.0,1725.0,879.84,2023-01-21 07:55:00,"385 Street, Jakarta",Jakarta,In-Store,Consumer,Africa,Transfer,4.0,Rep_A,
4726,T4726,Dell XPS 13,Electronics,Laptops,4,606.0,2424.0,1734.07,2023-12-20 02:19:00,"961 Street, Nairobi",Nairobi,Wholesale,Small Business,Africa,Transfer,4.0,Rep_A,
4727,T4727,Samsung Galaxy S21,Electronics,Phones,2,103.0,206.0,156.57,2023-02-14 21:24:00,"107 Street, Jakarta",Jakarta,In-Store,Small Business,Asia,Cash,8.0,Rep_C,
4728,T4728,27in 4K Gaming Monitor,Electronics,Monitors,3,86.0,258.0,184.61,2023-01-10 05:44:00,"729 Street, Mumbai",Mumbai,In-Store,Consumer,Asia,Transfer,8.0,Rep_B,
4729,T4729,AirPods Pro,Electronics,Accessories,1,1964.0,1964.0,1286.75,2023-07-08 13:35:00,"223 Street, Jakarta",Jakarta,Online,Consumer,Africa,Cash,1.0,Rep_B,
4730,T4730,AirPods Pro,Electronics,Accessories,5,1280.0,6400.0,5093.55,2023-12-26 05:04:00,"604 Street, Bangkok",Bangkok,Online,Small Business,Europe,Transfer,3.0,Rep_B,
4731,T4731,Dell XPS 13,Electronics,Laptops,1,384.0,384.0,327.51,2023-01-31 04:25:00,"553 Street, Jakarta",Jakarta,Online,Consumer,Africa,Card,6.0,Rep_C,
4732,T4732,Dell XPS 13,Electronics,Laptops,1,1529.0,1529.0,1084.8,2023-12-18 01:47:00,"26 Street, Lagos",Lagos,Online,Consumer,South America,Cash,3.0,Rep_C,
4733,T4733,Dell XPS 13,Electronics,Laptops,3,1544.0,4632.0,4088.32,2023-01-22 02:33:00,"420 Street, Nairobi",Nairobi,In-Store,Small Business,Africa,Transfer,,Rep_C,
4734,T4734,MacBook Air,Electronics,Laptops,4,922.0,3688.0,2052.49,2023-06-01 01:55:00,"749 Street, São Paulo",São Paulo,Wholesale,Small Business,Europe,Card,7.0,Rep_A,
4735,T4735,iPhone 13,Electronics,Phones,3,1025.0,3075.0,1828.42,2023-03-23 08:17:00,"356 Street, São Paulo",São Paulo,In-Store,Consumer,Europe,Cash,,Rep_D,
4736,T4736,Samsung Galaxy S21,Electronics,Phones,1,1712.0,1712.0,919.09,2023-03-23 05:05:00,"46 Street, Cairo",Cairo,Wholesale,Corporate,Europe,Card,4.0,Rep_B,
4737,T4737,AirPods Pro,Electronics,Accessories,1,1804.0,1804.0,1379.15,2023-06-02 22:06:00,"948 Street, Nairobi",Nairobi,In-Store,Consumer,South America,Transfer,7.0,Rep_D,
4738,T4738,AirPods Pro,Electronics,Accessories,4,745.0,2980.0,2657.9,2023-09-07 23:01:00,"88 Street, Mumbai",Mumbai,Wholesale,Small Business,South America,Cash,9.0,Rep_D,
4739,T4739,Logitech Mouse,Electronics,Accessories,4,686.0,2744.0,2230.05,2023-07-19 23:30:00,"455 Street, Cairo",Cairo,Wholesale,Corporate,Asia,Cash,,Rep_C,
4740,T4740,MacBook Air,Electronics,Laptops,1,1674.0,1674.0,1349.99,2023-06-05 10:30:00,"714 Street, Lagos",Lagos,Online,Corporate,Africa,Cash,4.0,Rep_B,
4741,T4741,AirPods Pro,Electronics,Accessories,4,205.0,820.0,615.14,2023-04-05 09:22:00,"819 Street, Cairo",Cairo,In-Store,Corporate,Africa,Cash,9.0,Rep_D,
4742,T4742,Logitech Mouse,Electronics,Accessories,4,289.0,1156.0,648.27,2023-08-28 22:53:00,"431 Street, Nairobi",Nairobi,Wholesale,Corporate,South America,Card,9.0,Rep_C,
4744,T4744,AirPods Pro,Electronics,Accessories,4,1180.0,4720.0,3403.05,2023-08-25 20:26:00,"844 Street, Nairobi",Nairobi,Online,Consumer,Asia,Card,1.0,Rep_B,
4745,T4745,AirPods Pro,Electronics,Accessories,5,1831.0,9155.0,5403.53,2023-09-19 18:02:00,"184 Street, Lagos",Lagos,Online,Consumer,Europe,Card,8.0,Rep_D,
4746,T4746,Dell XPS 13,Electronics,Laptops,5,1368.0,6840.0,5589.61,2023-05-26 13:54:00,"659 Street, Cairo",Cairo,In-Store,Consumer,Asia,Cash,9.0,Rep_A,
4747,T4747,iPhone 13,Electronics,Phones,2,942.0,1884.0,1128.49,2023-02-10 08:42:00,"456 Street, Mumbai",Mumbai,Wholesale,Consumer,South America,Cash,6.0,Rep_A,
4748,T4748,AirPods Pro,Electronics,Accessories,2,197.0,394.0,324.89,2023-05-26 11:59:00,"130 Street, São Paulo",São Paulo,In-Store,Corporate,South America,Transfer,3.0,Rep_B,
4749,T4749,iPhone 13,Electronics,Phones,1,1560.0,1560.0,1247.8,2023-04-18 06:07:00,"76 Street, Jakarta",Jakarta,Online,Small Business,Europe,Cash,,Rep_D,
4750,T4750,Dell XPS 13,Electronics,Laptops,1,1749.0,1749.0,1145.41,2023-02-07 04:57:00,"175 Street, Jakarta",Jakarta,Wholesale,Corporate,Europe,Cash,9.0,Rep_C,
4751,T4751,iPhone 13,Electronics,Phones,3,1028.0,3084.0,2549.66,2023-03-07 10:48:00,"570 Street, Cairo",Cairo,Wholesale,Corporate,Asia,Transfer,3.0,Rep_C,
4752,T4752,iPhone 13,Electronics,Phones,1,1206.0,1206.0,902.2,2023-10-02 23:39:00,"607 Street, Cairo",Cairo,Online,Consumer,Africa,Cash,8.0,Rep_B,
4753,T4753,iPhone 13,Electronics,Phones,2,1070.0,2140.0,1127.45,2023-07-18 23:23:00,"798 Street, Lagos",Lagos,In-Store,Consumer,Europe,Transfer,4.0,Rep_B,
4755,T4755,iPhone 13,Electronics,Phones,3,821.0,2463.0,2106.81,2023-12-18 15:22:00,"660 Street, Lagos",Lagos,Wholesale,Small Business,Europe,Card,7.0,Rep_B,
4756,T4756,AirPods Pro,Electronics,Accessories,2,1086.0,2172.0,1286.66,2023-04-02 13:55:00,"276 Street, São Paulo",São Paulo,Wholesale,Consumer,Africa,Card,,Rep_D,
4757,T4757,Samsung Galaxy S21,Electronics,Phones,2,1346.0,2692.0,2389.56,2023-12-04 05:51:00,"513 Street, Nairobi",Nairobi,In-Store,Corporate,Africa,Transfer,2.0,Rep_C,
4758,T4758,MacBook Air,Electronics,Laptops,3,944.0,2832.0,1606.06,2023-02-15 19:58:00,"840 Street, Jakarta",Jakarta,In-Store,Consumer,Africa,Card,7.0,Rep_D,
4759,T4759,Dell XPS 13,Electronics,Laptops,1,366.0,366.0,194.87,2023-10-12 13:31:00,"243 Street, Nairobi",Nairobi,Online,Small Business,South America,Card,5.0,Rep_C,
4760,T4760,Dell XPS 13,Electronics,Laptops,3,883.0,2649.0,1853.19,2023-09-01 07:36:00,"765 Street, Nairobi",Nairobi,In-Store,Consumer,Europe,Transfer,9.0,Rep_D,
4761,T4761,AirPods Pro,Electronics,Accessories,3,994.0,2982.0,2226.96,2023-10-31 00:49:00,"946 Street, Lagos",Lagos,In-Store,Consumer,South America,Cash,,Rep_B,
4762,T4762,AirPods Pro,Electronics,Accessories,3,1625.0,4875.0,3943.59,2023-07-02 12:18:00,"367 Street, Cairo",Cairo,In-Store,Small Business,Africa,Card,9.0,Rep_D,
4763,T4763,iPhone 13,Electronics,Phones,1,1649.0,1649.0,1317.36,2023-08-21 05:28:00,"715 Street, São Paulo",São Paulo,Wholesale,Small Business,South America,Cash,6.0,Rep_D,
4764,T4764,Dell XPS 13,Electronics,Laptops,3,829.0,2487.0,1355.46,2023-10-28 04:31:00,"131 Street, Mumbai",Mumbai,In-Store,Consumer,South America,Card,4.0,Rep_D,
4765,T4765,Logitech Mouse,Electronics,Accessories,4,1518.0,6072.0,3477.39,2023-09-10 11:10:00,"883 Street, Bangkok",Bangkok,Wholesale,Small Business,Asia,Card,6.0,Rep_A,
4766,T4766,Logitech Mouse,Electronics,Accessories,4,1542.0,6168.0,4130.85,2023-10-06 05:13:00,"369 Street, Bangkok",Bangkok,Online,Consumer,Asia,Card,3.0,Rep_D,
4767,T4767,Dell XPS 13,Electronics,Laptops,2,1039.0,2078.0,1301.37,2023-08-09 21:24:00,"53 Street, Nairobi",Nairobi,Online,Consumer,Africa,Cash,1.0,Rep_C,
4768,T4768,MacBook Air,Electronics,Laptops,5,204.0,1020.0,534.31,2023-10-13 13:45:00,"32 Street, Nairobi",Nairobi,Online,Corporate,Europe,Transfer,4.0,Rep_B,
4769,T4769,AirPods Pro,Electronics,Accessories,5,1340.0,6700.0,5553.14,2023-06-09 05:51:00,"14 Street, Mumbai",Mumbai,Wholesale,Corporate,Africa,Cash,1.0,Rep_A,
4770,T4770,Logitech Mouse,Electronics,Accessories,4,1759.0,7036.0,5554.63,2023-12-27 10:14:00,"812 Street, Jakarta",Jakarta,Online,Corporate,Europe,Cash,2.0,Rep_D,
4771,T4771,Samsung Galaxy S21,Electronics,Phones,2,156.0,312.0,261.99,2023-05-04 01:48:00,"855 Street, Mumbai",Mumbai,Wholesale,Corporate,Europe,Cash,9.0,Rep_C,
4772,T4772,Logitech Mouse,Electronics,Accessories,4,790.0,3160.0,2807.24,2023-07-03 04:59:00,"502 Street, São Paulo",São Paulo,Wholesale,Consumer,Africa,Cash,3.0,Rep_C,
4773,T4773,Dell XPS 13,Electronics,Laptops,1,135.0,135.0,74.44,2023-12-22 11:22:00,"8 Street, Mumbai",Mumbai,Wholesale,Corporate,South America,Transfer,7.0,Rep_A,
4774,T4774,Samsung Galaxy S21,Electronics,Phones,5,657.0,3285.0,2349.75,2023-08-28 16:19:00,"969 Street, Jakarta",Jakarta,Online,Corporate,Europe,Transfer,8.0,Rep_C,
4775,T4775,MacBook Air,Electronics,Laptops,5,982.0,4910.0,3534.85,2023-02-09 04:55:00,"311 Street, Bangkok",Bangkok,Wholesale,Corporate,Asia,Card,5.0,Rep_C,
4776,T4776,Dell XPS 13,Electronics,Laptops,1,1673.0,1673.0,1368.2,2023-01-22 17:46:00,"560 Street, Cairo",Cairo,Online,Corporate,Europe,Card,2.0,Rep_A,
4777,T4777,AirPods Pro,Electronics,Accessories,3,1824.0,5472.0,3562.48,2023-01-21 16:14:00,"149 Street, Lagos",Lagos,In-Store,Small Business,Africa,Transfer,3.0,Rep_C,
4778,T4778,Dell XPS 13,Electronics,Laptops,1,567.0,567.0,438.63,2023-08-17 22:25:00,"93 Street, São Paulo",São Paulo,Wholesale,Small Business,South America,Card,9.0,Rep_A,
4779,T4779,Logitech Mouse,Electronics,Accessories,5,966.0,4830.0,3927.37,2023-12-31 23:39:00,"249 Street, Lagos",Lagos,In-Store,Corporate,Asia,Transfer,4.0,Rep_D,
4780,T4780,iPhone 13,Electronics,Phones,5,358.0,1790.0,1238.19,2023-11-07 20:07:00,"353 Street, São Paulo",São Paulo,In-Store,Corporate,Europe,Card,4.0,Rep_C,
4781,T4781,MacBook Air,Electronics,Laptops,4,247.0,988.0,738.67,2023-02-02 06:31:00,"296 Street, Mumbai",Mumbai,Wholesale,Small Business,Asia,Card,3.0,Rep_A,
4782,T4782,Dell XPS 13,Electronics,Laptops,3,1034.0,3102.0,2285.11,2023-07-29 21:49:00,"362 Street, Bangkok",Bangkok,Wholesale,Corporate,Africa,Cash,9.0,Rep_B,
4783,T4783,iPhone 13,Electronics,Phones,2,222.0,444.0,335.41,2023-11-18 10:25:00,"783 Street, Bangkok",Bangkok,In-Store,Small Business,Africa,Cash,6.0,Rep_A,
4784,T4784,AirPods Pro,Electronics,Accessories,2,1182.0,2364.0,1787.84,2023-01-14 06:53:00,"625 Street, São Paulo",São Paulo,Online,Small Business,Europe,Transfer,,Rep_A,
4785,T4785,iPhone 13,Electronics,Phones,2,763.0,1526.0,1153.91,2023-08-07 08:59:00,"823 Street, Jakarta",Jakarta,Wholesale,Corporate,Europe,Cash,2.0,Rep_B,
4786,T4786,Logitech Mouse,Electronics,Accessories,5,1325.0,6625.0,5864.5,2023-08-05 12:37:00,"166 Street, Bangkok",Bangkok,Online,Consumer,South America,Transfer,1.0,Rep_D,
4787,T4787,27in 4K Gaming Monitor,Electronics,Monitors,5,1170.0,5850.0,4356.95,2023-09-26 16:20:00,"305 Street, Mumbai",Mumbai,In-Store,Consumer,South America,Card,8.0,Rep_A,
4788,T4788,AirPods Pro,Electronics,Accessories,3,973.0,2919.0,1677.84,2023-01-10 00:04:00,"916 Street, Nairobi",Nairobi,Online,Consumer,Europe,Transfer,3.0,Rep_C,
4789,T4789,27in 4K Gaming Monitor,Electronics,Monitors,2,1954.0,3908.0,3076.65,2023-04-29 23:33:00,"628 Street, Jakarta",Jakarta,Wholesale,Small Business,Asia,Transfer,6.0,Rep_D,
4790,T4790,iPhone 13,Electronics,Phones,4,1540.0,6160.0,5429.93,2023-12-20 12:44:00,"508 Street, Mumbai",Mumbai,Online,Consumer,South America,Card,1.0,Rep_A,
4791,T4791,iPhone 13,Electronics,Phones,2,1455.0,2910.0,2018.93,2023-03-14 17:00:00,"982 Street, São Paulo",São Paulo,Online,Small Business,Africa,Transfer,1.0,Rep_B,
4792,T4792,27in 4K Gaming Monitor,Electronics,Monitors,4,1999.0,7996.0,5557.15,2023-05-29 05:37:00,"442 Street, Nairobi",Nairobi,In-Store,Corporate,Europe,Card,6.0,Rep_A,
4793,T4793,iPhone 13,Electronics,Phones,1,89.0,89.0,60.95,2023-10-15 07:54:00,"689 Street, Jakarta",Jakarta,In-Store,Corporate,South America,Cash,6.0,Rep_A,
4794,T4794,AirPods Pro,Electronics,Accessories,5,593.0,2965.0,1752.24,2023-08-01 03:53:00,"832 Street, Nairobi",Nairobi,In-Store,Corporate,Europe,Card,5.0,Rep_D,
4795,T4795,AirPods Pro,Electronics,Accessories,2,774.0,1548.0,1032.3,2023-04-27 18:43:00,"309 Street, Jakarta",Jakarta,Online,Corporate,South America,Card,5.0,Rep_D,
4796,T4796,27in 4K Gaming Monitor,Electronics,Monitors,1,1384.0,1384.0,913.88,2023-07-24 02:58:00,"703 Street, Cairo",Cairo,Wholesale,Small Business,Europe,Transfer,5.0,Rep_C,
4797,T4797,Dell XPS 13,Electronics,Laptops,1,1223.0,1223.0,1005.45,2023-04-29 22:33:00,"426 Street, Cairo",Cairo,Online,Small Business,Africa,Transfer,8.0,Rep_A,
4798,T4798,AirPods Pro,Electronics,Accessories,5,1388.0,6940.0,3515.63,2023-07-08 12:28:00,"830 Street, Lagos",Lagos,Wholesale,Consumer,Africa,Transfer,2.0,Rep_D,
4799,T4799,iPhone 13,Electronics,Phones,1,1438.0,1438.0,1144.48,2023-06-04 11:04:00,"141 Street, Jakarta",Jakarta,Online,Consumer,Europe,Card,3.0,Rep_B,
4800,T4800,Dell XPS 13,Electronics,Laptops,3,1109.0,3327.0,2918.03,2023-09-07 23:05:00,"224 Street, Nairobi",Nairobi,In-Store,Small Business,Europe,Cash,4.0,Rep_C,
4801,T4801,AirPods Pro,Electronics,Accessories,5,1787.0,8935.0,5887.53,2023-11-11 14:51:00,"667 Street, São Paulo",São Paulo,Wholesale,Consumer,Africa,Transfer,,Rep_C,
4802,T4802,Dell XPS 13,Electronics,Laptops,2,1352.0,2704.0,1713.68,2023-03-03 12:43:00,"128 Street, Lagos",Lagos,Wholesale,Small Business,Asia,Cash,3.0,Rep_B,
4803,T4803,Samsung Galaxy S21,Electronics,Phones,4,916.0,3664.0,2277.49,2023-05-23 04:12:00,"652 Street, Jakarta",Jakarta,Online,Corporate,Europe,Cash,8.0,Rep_C,
4804,T4804,Dell XPS 13,Electronics,Laptops,2,1725.0,3450.0,2576.41,2023-01-19 04:15:00,"458 Street, Bangkok",Bangkok,In-Store,Consumer,Europe,Card,1.0,Rep_B,
4805,T4805,AirPods Pro,Electronics,Accessories,3,728.0,2184.0,1166.95,2023-03-14 18:10:00,"168 Street, Lagos",Lagos,Online,Small Business,South America,Card,1.0,Rep_C,
4806,T4806,Samsung Galaxy S21,Electronics,Phones,1,747.0,747.0,628.94,2023-03-08 01:48:00,"442 Street, Jakarta",Jakarta,In-Store,Corporate,South America,Cash,3.0,Rep_A,
4807,T4807,27in 4K Gaming Monitor,Electronics,Monitors,1,77.0,77.0,46.72,2023-11-28 17:37:00,"422 Street, Lagos",Lagos,Wholesale,Consumer,South America,Cash,9.0,Rep_A,
4808,T4808,27in 4K Gaming Monitor,Electronics,Monitors,1,655.0,655.0,432.0,2023-10-05 09:25:00,"28 Street, Jakarta",Jakarta,In-Store,Corporate,South America,Cash,,Rep_D,
4809,T4809,27in 4K Gaming Monitor,Electronics,Monitors,1,1384.0,1384.0,693.22,2023-03-07 13:42:00,"747 Street, Cairo",Cairo,Online,Consumer,Africa,Cash,6.0,Rep_C,
4810,T4810,27in 4K Gaming Monitor,Electronics,Monitors,3,148.0,444.0,384.44,2023-02-04 18:14:00,"305 Street, São Paulo",São Paulo,In-Store,Corporate,South America,Card,9.0,Rep_A,
4811,T4811,iPhone 13,Electronics,Phones,1,1972.0,1972.0,1642.62,2023-05-25 08:23:00,"521 Street, Cairo",Cairo,In-Store,Consumer,Asia,Cash,8.0,Rep_C,
4812,T4812,Dell XPS 13,Electronics,Laptops,4,1084.0,4336.0,3756.2,2023-09-03 12:29:00,"240 Street, Lagos",Lagos,Online,Consumer,South America,Transfer,8.0,Rep_A,
4813,T4813,AirPods Pro,Electronics,Accessories,4,1366.0,5464.0,4446.25,2023-02-14 09:34:00,"284 Street, Jakarta",Jakarta,Wholesale,Consumer,Asia,Transfer,8.0,Rep_B,
4814,T4814,Samsung Galaxy S21,Electronics,Phones,4,721.0,2884.0,2185.09,2023-11-24 10:13:00,"756 Street, Lagos",Lagos,Wholesale,Corporate,Africa,Card,4.0,Rep_C,
4815,T4815,Logitech Mouse,Electronics,Accessories,5,319.0,1595.0,851.27,2023-08-01 11:54:00,"75 Street, Cairo",Cairo,In-Store,Corporate,Africa,Card,3.0,Rep_C,
4816,T4816,Logitech Mouse,Electronics,Accessories,2,181.0,362.0,253.96,2023-04-15 05:21:00,"672 Street, Lagos",Lagos,Wholesale,Consumer,Europe,Cash,,Rep_D,
4817,T4817,AirPods Pro,Electronics,Accessories,2,1868.0,3736.0,3316.13,2023-12-21 22:12:00,"543 Street, Mumbai",Mumbai,In-Store,Small Business,Asia,Transfer,,Rep_C,
4818,T4818,iPhone 13,Electronics,Phones,2,1205.0,2410.0,1925.23,2023-06-21 01:29:00,"6 Street, Jakarta",Jakarta,Online,Small Business,South America,Card,1.0,Rep_A,
4819,T4819,Samsung Galaxy S21,Electronics,Phones,4,980.0,3920.0,3198.6,2023-11-09 21:29:00,"413 Street, Lagos",Lagos,Online,Small Business,Europe,Cash,8.0,Rep_D,
4820,T4820,Logitech Mouse,Electronics,Accessories,5,837.0,4185.0,3665.89,2023-03-19 17:32:00,"997 Street, Mumbai",Mumbai,Online,Small Business,Asia,Card,9.0,Rep_C,
4821,T4821,iPhone 13,Electronics,Phones,4,1330.0,5320.0,2791.56,2023-05-09 04:09:00,"910 Street, São Paulo",São Paulo,In-Store,Corporate,South America,Cash,2.0,Rep_D,
4822,T4822,iPhone 13,Electronics,Phones,3,1098.0,3294.0,2068.48,2023-09-10 22:21:00,"264 Street, Nairobi",Nairobi,In-Store,Corporate,Asia,Transfer,7.0,Rep_B,
4823,T4823,MacBook Air,Electronics,Laptops,4,1289.0,5156.0,3421.79,2023-02-07 23:24:00,"342 Street, Lagos",Lagos,In-Store,Corporate,Asia,Transfer,8.0,Rep_C,
4824,T4824,27in 4K Gaming Monitor,Electronics,Monitors,3,1834.0,5502.0,4337.96,2023-11-23 08:44:00,"375 Street, Lagos",Lagos,Wholesale,Consumer,Africa,Card,5.0,Rep_A,
4825,T4825,Logitech Mouse,Electronics,Accessories,4,361.0,1444.0,724.03,2023-01-17 03:28:00,"907 Street, Jakarta",Jakarta,Wholesale,Consumer,South America,Card,6.0,Rep_D,
4826,T4826,AirPods Pro,Electronics,Accessories,2,1389.0,2778.0,2114.06,2023-01-20 16:03:00,"700 Street, Nairobi",Nairobi,Wholesale,Small Business,Africa,Transfer,2.0,Rep_A,
4828,T4828,Dell XPS 13,Electronics,Laptops,1,193.0,193.0,139.35,2023-03-17 21:33:00,"454 Street, Mumbai",Mumbai,Online,Small Business,Europe,Transfer,6.0,Rep_C,
4829,T4829,MacBook Air,Electronics,Laptops,1,1128.0,1128.0,578.21,2023-04-04 01:31:00,"561 Street, Bangkok",Bangkok,Wholesale,Corporate,Africa,Transfer,8.0,Rep_C,
4830,T4830,Samsung Galaxy S21,Electronics,Phones,4,1366.0,5464.0,4671.8,2023-08-15 17:53:00,"101 Street, São Paulo",São Paulo,Wholesale,Small Business,Africa,Cash,6.0,Rep_A,
4831,T4831,Dell XPS 13,Electronics,Laptops,4,1504.0,6016.0,4171.45,2023-05-08 07:25:00,"644 Street, São Paulo",São Paulo,Online,Consumer,Africa,Card,5.0,Rep_D,
4832,T4832,iPhone 13,Electronics,Phones,2,1928.0,3856.0,2364.08,2023-03-20 04:34:00,"303 Street, Nairobi",Nairobi,Wholesale,Corporate,Asia,Card,7.0,Rep_B,
4833,T4833,27in 4K Gaming Monitor,Electronics,Monitors,1,1888.0,1888.0,1695.95,2023-12-21 04:59:00,"87 Street, Jakarta",Jakarta,Online,Corporate,South America,Card,9.0,Rep_B,
4834,T4834,Logitech Mouse,Electronics,Accessories,4,1502.0,6008.0,3696.16,2023-02-07 07:14:00,"908 Street, Cairo",Cairo,Wholesale,Small Business,Asia,Card,9.0,Rep_D,
4835,T4835,Logitech Mouse,Electronics,Accessories,2,1359.0,2718.0,1773.29,2023-09-01 06:59:00,"116 Street, Cairo",Cairo,Online,Corporate,Asia,Transfer,9.0,Rep_C,
4836,T4836,AirPods Pro,Electronics,Accessories,3,344.0,1032.0,679.92,2023-09-05 10:32:00,"704 Street, Nairobi",Nairobi,Wholesale,Small Business,South America,Cash,3.0,Rep_C,
4837,T4837,iPhone 13,Electronics,Phones,4,463.0,1852.0,1623.1,2023-09-07 03:24:00,"230 Street, Cairo",Cairo,In-Store,Corporate,Asia,Cash,2.0,Rep_B,
4838,T4838,27in 4K Gaming Monitor,Electronics,Monitors,1,607.0,607.0,446.41,2023-12-25 09:33:00,"284 Street, Mumbai",Mumbai,Wholesale,Consumer,Africa,Card,8.0,Rep_D,
4840,T4840,Logitech Mouse,Electronics,Accessories,1,811.0,811.0,666.11,2023-09-01 07:53:00,"392 Street, Jakarta",Jakarta,In-Store,Small Business,Africa,Transfer,5.0,Rep_D,
4841,T4841,AirPods Pro,Electronics,Accessories,4,1662.0,6648.0,4420.49,2023-11-20 09:37:00,"290 Street, São Paulo",São Paulo,Wholesale,Small Business,Africa,Card,4.0,Rep_A,
4842,T4842,AirPods Pro,Electronics,Accessories,2,1227.0,2454.0,2014.15,2023-09-22 13:01:00,"258 Street, São Paulo",São Paulo,In-Store,Corporate,Asia,Cash,1.0,Rep_A,
4843,T4843,Logitech Mouse,Electronics,Accessories,5,477.0,2385.0,1948.3,2023-03-24 21:19:00,"366 Street, Lagos",Lagos,In-Store,Corporate,South America,Transfer,8.0,Rep_C,
4844,T4844,MacBook Air,Electronics,Laptops,3,295.0,885.0,482.51,2023-02-12 08:34:00,"147 Street, Jakarta",Jakarta,In-Store,Consumer,Africa,Cash,3.0,Rep_A,
4845,T4845,iPhone 13,Electronics,Phones,5,1484.0,7420.0,5493.27,2023-02-26 23:28:00,"563 Street, Jakarta",Jakarta,In-Store,Small Business,Europe,Card,8.0,Rep_B,
4846,T4846,Logitech Mouse,Electronics,Accessories,4,1239.0,4956.0,2956.35,2023-10-06 03:11:00,"37 Street, Bangkok",Bangkok,Wholesale,Corporate,Africa,Card,8.0,Rep_D,
4847,T4847,Logitech Mouse,Electronics,Accessories,5,1325.0,6625.0,4566.03,2023-11-14 12:46:00,"309 Street, São Paulo",São Paulo,Online,Consumer,Asia,Cash,2.0,Rep_A,
4848,T4848,Logitech Mouse,Electronics,Accessories,1,1496.0,1496.0,973.7,2023-01-31 09:12:00,"630 Street, Nairobi",Nairobi,Wholesale,Small Business,Africa,Transfer,,Rep_A,
4849,T4849,Dell XPS 13,Electronics,Laptops,4,1971.0,7884.0,6432.48,2023-07-25 07:34:00,"391 Street, Nairobi",Nairobi,Wholesale,Consumer,South America,Transfer,,Rep_D,
4850,T4850,MacBook Air,Electronics,Laptops,2,1429.0,2858.0,1779.94,2023-03-15 07:28:00,"29 Street, Jakarta",Jakarta,Wholesale,Small Business,Africa,Cash,4.0,Rep_B,
4851,T4851,MacBook Air,Electronics,Laptops,4,560.0,2240.0,1223.17,2023-01-25 08:56:00,"602 Street, Mumbai",Mumbai,Online,Corporate,Africa,Transfer,1.0,Rep_A,
4852,T4852,27in 4K Gaming Monitor,Electronics,Monitors,2,1204.0,2408.0,1425.18,2023-10-03 20:39:00,"409 Street, São Paulo",São Paulo,In-Store,Consumer,Africa,Cash,7.0,Rep_A,
4853,T4853,27in 4K Gaming Monitor,Electronics,Monitors,3,651.0,1953.0,1512.6,2023-12-01 19:18:00,"568 Street, Bangkok",Bangkok,In-Store,Small Business,South America,Transfer,7.0,Rep_B,
4854,T4854,Samsung Galaxy S21,Electronics,Phones,2,183.0,366.0,211.06,2023-08-06 07:08:00,"963 Street, Jakarta",Jakarta,Wholesale,Consumer,South America,Card,5.0,Rep_C,
4857,T4857,AirPods Pro,Electronics,Accessories,5,169.0,845.0,535.12,2023-10-14 01:10:00,"657 Street, Nairobi",Nairobi,Wholesale,Corporate,South America,Card,7.0,Rep_A,
4858,T4858,Logitech Mouse,Electronics,Accessories,5,1561.0,7805.0,6422.34,2023-09-13 18:20:00,"612 Street, Lagos",Lagos,In-Store,Consumer,Europe,Transfer,5.0,Rep_A,
4859,T4859,Samsung Galaxy S21,Electronics,Phones,3,1163.0,3489.0,2329.13,2023-04-21 15:27:00,"390 Street, Bangkok",Bangkok,In-Store,Consumer,Africa,Cash,6.0,Rep_D,
4860,T4860,Dell XPS 13,Electronics,Laptops,3,1952.0,5856.0,3861.21,2023-06-06 16:53:00,"763 Street, Nairobi",Nairobi,In-Store,Small Business,Europe,Transfer,5.0,Rep_A,
4861,T4861,Dell XPS 13,Electronics,Laptops,2,774.0,1548.0,1069.79,2023-08-29 22:18:00,"399 Street, Nairobi",Nairobi,In-Store,Small Business,Europe,Card,8.0,Rep_A,
4862,T4862,27in 4K Gaming Monitor,Electronics,Monitors,3,413.0,1239.0,910.67,2023-10-15 11:35:00,"219 Street, Nairobi",Nairobi,Online,Small Business,South America,Transfer,5.0,Rep_D,
4863,T4863,Logitech Mouse,Electronics,Accessories,4,1315.0,5260.0,3557.65,2023-05-18 15:11:00,"321 Street, Lagos",Lagos,Wholesale,Corporate,Asia,Transfer,1.0,Rep_A,
4864,T4864,MacBook Air,Electronics,Laptops,3,1024.0,3072.0,2177.03,2023-12-13 08:43:00,"761 Street, São Paulo",São Paulo,Wholesale,Small Business,South America,Transfer,5.0,Rep_B,
4866,T4866,27in 4K Gaming Monitor,Electronics,Monitors,3,1349.0,4047.0,3254.47,2023-01-25 18:31:00,"254 Street, Mumbai",Mumbai,In-Store,Consumer,Asia,Cash,8.0,Rep_B,
4867,T4867,iPhone 13,Electronics,Phones,4,1500.0,6000.0,3150.0,2023-09-05 01:07:00,"219 Street, Nairobi",Nairobi,Online,Corporate,Asia,Cash,3.0,Rep_C,
4868,T4868,Logitech Mouse,Electronics,Accessories,3,1336.0,4008.0,2899.07,2023-11-02 10:57:00,"518 Street, Bangkok",Bangkok,Wholesale,Consumer,Europe,Cash,2.0,Rep_C,
4869,T4869,Dell XPS 13,Electronics,Laptops,4,1321.0,5284.0,3210.36,2023-12-09 01:02:00,"753 Street, Cairo",Cairo,Online,Corporate,Africa,Cash,2.0,Rep_B,
4870,T4870,Samsung Galaxy S21,Electronics,Phones,5,1502.0,7510.0,5280.62,2023-10-15 10:04:00,"742 Street, Lagos",Lagos,Online,Corporate,Asia,Card,3.0,Rep_B,
4871,T4871,Dell XPS 13,Electronics,Laptops,4,1718.0,6872.0,3898.21,2023-12-13 21:58:00,"138 Street, Jakarta",Jakarta,Wholesale,Consumer,South America,Card,5.0,Rep_C,
4872,T4872,Samsung Galaxy S21,Electronics,Phones,4,1828.0,7312.0,5189.79,2023-06-11 02:27:00,"116 Street, São Paulo",São Paulo,Wholesale,Small Business,South America,Card,4.0,Rep_C,
4873,T4873,AirPods Pro,Electronics,Accessories,3,1403.0,4209.0,2418.05,2023-10-02 04:58:00,"68 Street, Cairo",Cairo,Wholesale,Consumer,Europe,Transfer,8.0,Rep_B,
4874,T4874,27in 4K Gaming Monitor,Electronics,Monitors,5,997.0,4985.0,4187.18,2023-03-31 19:07:00,"290 Street, Jakarta",Jakarta,In-Store,Corporate,Europe,Card,4.0,Rep_A,
4875,T4875,AirPods Pro,Electronics,Accessories,5,1827.0,9135.0,6052.71,2023-03-20 17:48:00,"602 Street, São Paulo",São Paulo,Wholesale,Consumer,South America,Cash,,Rep_D,
4876,T4876,AirPods Pro,Electronics,Accessories,3,1786.0,5358.0,4677.74,2023-01-13 22:02:00,"246 Street, Lagos",Lagos,Wholesale,Consumer,South America,Cash,5.0,Rep_B,
4877,T4877,iPhone 13,Electronics,Phones,4,1731.0,6924.0,5577.19,2023-07-23 01:47:00,"898 Street, São Paulo",São Paulo,In-Store,Corporate,Africa,Transfer,1.0,Rep_C,
4878,T4878,iPhone 13,Electronics,Phones,5,158.0,790.0,527.68,2023-03-29 00:04:00,"710 Street, Cairo",Cairo,Wholesale,Corporate,Europe,Card,2.0,Rep_B,
4879,T4879,Dell XPS 13,Electronics,Laptops,5,203.0,1015.0,578.98,2023-06-21 00:31:00,"630 Street, Jakarta",Jakarta,Online,Small Business,South America,Card,5.0,Rep_D,
4880,T4880,Dell XPS 13,Electronics,Laptops,5,1925.0,9625.0,5660.95,2023-09-28 16:33:00,"259 Street, Nairobi",Nairobi,Online,Small Business,Asia,Card,9.0,Rep_C,
4881,T4881,MacBook Air,Electronics,Laptops,3,1972.0,5916.0,4492.73,2023-02-08 03:29:00,"462 Street, Cairo",Cairo,Wholesale,Corporate,Europe,Cash,3.0,Rep_A,
4882,T4882,iPhone 13,Electronics,Phones,5,1389.0,6945.0,5829.24,2023-07-20 19:27:00,"466 Street, Bangkok",Bangkok,In-Store,Corporate,South America,Card,4.0,Rep_C,
4883,T4883,Samsung Galaxy S21,Electronics,Phones,1,886.0,886.0,537.89,2023-08-01 09:25:00,"67 Street, Cairo",Cairo,In-Store,Corporate,Europe,Cash,5.0,Rep_C,
4884,T4884,MacBook Air,Electronics,Laptops,1,359.0,359.0,222.53,2023-11-19 20:04:00,"644 Street, Jakarta",Jakarta,Online,Consumer,Asia,Card,,Rep_B,
4885,T4885,iPhone 13,Electronics,Phones,5,201.0,1005.0,765.75,2023-11-06 08:44:00,"456 Street, Cairo",Cairo,Online,Small Business,Asia,Transfer,3.0,Rep_C,
4886,T4886,AirPods Pro,Electronics,Accessories,2,1224.0,2448.0,1838.34,2023-03-21 15:13:00,"277 Street, Lagos",Lagos,In-Store,Corporate,South America,Cash,8.0,Rep_B,
4887,T4887,MacBook Air,Electronics,Laptops,4,653.0,2612.0,1380.85,2023-05-12 00:20:00,"92 Street, Cairo",Cairo,Online,Consumer,Europe,Transfer,4.0,Rep_B,
4888,T4888,AirPods Pro,Electronics,Accessories,5,1926.0,9630.0,5744.27,2023-12-09 01:02:00,"472 Street, São Paulo",São Paulo,Wholesale,Consumer,Africa,Transfer,5.0,Rep_B,
4889,T4889,27in 4K Gaming Monitor,Electronics,Monitors,2,1334.0,2668.0,2270.52,2023-03-24 08:02:00,"762 Street, Lagos",Lagos,Online,Small Business,South America,Cash,8.0,Rep_A,
4890,T4890,27in 4K Gaming Monitor,Electronics,Monitors,1,700.0,700.0,425.29,2023-10-18 22:34:00,"280 Street, Bangkok",Bangkok,Wholesale,Small Business,South America,Transfer,1.0,Rep_B,
4891,T4891,iPhone 13,Electronics,Phones,5,617.0,3085.0,1578.07,2023-06-20 18:57:00,"649 Street, Nairobi",Nairobi,In-Store,Consumer,Europe,Transfer,,Rep_C,
4892,T4892,AirPods Pro,Electronics,Accessories,1,1524.0,1524.0,1263.85,2023-08-15 22:56:00,"195 Street, Lagos",Lagos,Wholesale,Consumer,Europe,Cash,2.0,Rep_A,
4893,T4893,MacBook Air,Electronics,Laptops,4,1775.0,7100.0,4446.88,2023-09-10 16:59:00,"877 Street, Nairobi",Nairobi,In-Store,Small Business,Europe,Transfer,,Rep_C,
4894,T4894,Samsung Galaxy S21,Electronics,Phones,5,316.0,1580.0,1401.03,2023-06-30 11:20:00,"525 Street, São Paulo",São Paulo,In-Store,Small Business,South America,Card,,Rep_A,
4895,T4895,Dell XPS 13,Electronics,Laptops,4,847.0,3388.0,2878.11,2023-05-04 05:17:00,"440 Street, Mumbai",Mumbai,In-Store,Consumer,Asia,Transfer,5.0,Rep_C,
4896,T4896,iPhone 13,Electronics,Phones,4,1195.0,4780.0,4280.97,2023-09-09 06:01:00,"593 Street, Jakarta",Jakarta,Online,Small Business,Africa,Card,1.0,Rep_B,
4897,T4897,27in 4K Gaming Monitor,Electronics,Monitors,1,688.0,688.0,566.85,2023-09-06 08:55:00,"734 Street, Nairobi",Nairobi,Online,Corporate,South America,Transfer,8.0,Rep_C,
4898,T4898,Samsung Galaxy S21,Electronics,Phones,4,782.0,3128.0,2336.27,2023-09-06 16:11:00,"398 Street, São Paulo",São Paulo,Wholesale,Corporate,South America,Card,2.0,Rep_C,
4899,T4899,Samsung Galaxy S21,Electronics,Phones,2,959.0,1918.0,1519.54,2023-12-30 16:48:00,"981 Street, Cairo",Cairo,Wholesale,Consumer,Europe,Card,9.0,Rep_B,
4900,T4900,AirPods Pro,Electronics,Accessories,1,1406.0,1406.0,1246.38,2023-06-17 06:54:00,"332 Street, Jakarta",Jakarta,Wholesale,Consumer,Asia,Cash,1.0,Rep_B,
4901,T4901,MacBook Air,Electronics,Laptops,1,1696.0,1696.0,881.91,2023-06-23 12:33:00,"585 Street, Nairobi",Nairobi,In-Store,Corporate,Asia,Card,7.0,Rep_B,
4902,T4902,MacBook Air,Electronics,Laptops,4,143.0,572.0,367.77,2023-07-23 10:48:00,"54 Street, Bangkok",Bangkok,In-Store,Small Business,South America,Transfer,8.0,Rep_D,
4904,T4904,Samsung Galaxy S21,Electronics,Phones,1,1780.0,1780.0,891.82,2023-06-17 14:53:00,"726 Street, Mumbai",Mumbai,Wholesale,Small Business,Europe,Transfer,2.0,Rep_B,
4905,T4905,27in 4K Gaming Monitor,Electronics,Monitors,1,232.0,232.0,153.66,2023-06-05 19:32:00,"789 Street, Cairo",Cairo,In-Store,Consumer,South America,Card,6.0,Rep_D,
4906,T4906,27in 4K Gaming Monitor,Electronics,Monitors,3,1464.0,4392.0,2243.59,2023-03-12 22:19:00,"604 Street, Jakarta",Jakarta,Wholesale,Corporate,South America,Card,4.0,Rep_A,
4907,T4907,27in 4K Gaming Monitor,Electronics,Monitors,3,1618.0,4854.0,3902.53,2023-09-18 21:30:00,"425 Street, Lagos",Lagos,Wholesale,Small Business,Asia,Card,6.0,Rep_B,
4908,T4908,Samsung Galaxy S21,Electronics,Phones,4,1581.0,6324.0,4460.13,2023-09-21 01:22:00,"629 Street, Bangkok",Bangkok,Online,Corporate,Europe,Cash,9.0,Rep_B,
4909,T4909,MacBook Air,Electronics,Laptops,5,348.0,1740.0,1020.88,2023-06-25 18:20:00,"360 Street, Lagos",Lagos,Wholesale,Corporate,South America,Card,1.0,Rep_B,
4910,T4910,AirPods Pro,Electronics,Accessories,4,556.0,2224.0,1972.52,2023-10-29 01:23:00,"437 Street, São Paulo",São Paulo,In-Store,Small Business,Asia,Cash,3.0,Rep_B,
4911,T4911,AirPods Pro,Electronics,Accessories,2,1632.0,3264.0,2784.26,2023-06-26 00:51:00,"254 Street, Nairobi",Nairobi,Wholesale,Consumer,South America,Card,1.0,Rep_B,
4912,T4912,Dell XPS 13,Electronics,Laptops,5,1616.0,8080.0,6904.08,2023-06-30 12:52:00,"224 Street, Mumbai",Mumbai,Wholesale,Small Business,Africa,Transfer,7.0,Rep_B,
4913,T4913,iPhone 13,Electronics,Phones,2,241.0,482.0,382.85,2023-03-08 05:12:00,"27 Street, São Paulo",São Paulo,In-Store,Corporate,South America,Transfer,7.0,Rep_D,
4914,T4914,Dell XPS 13,Electronics,Laptops,4,1150.0,4600.0,3231.19,2023-03-28 22:00:00,"78 Street, Nairobi",Nairobi,In-Store,Corporate,South America,Cash,1.0,Rep_D,
4915,T4915,Dell XPS 13,Electronics,Laptops,2,410.0,820.0,433.58,2023-12-04 15:09:00,"836 Street, Bangkok",Bangkok,Wholesale,Corporate,Europe,Cash,3.0,Rep_A,
4916,T4916,Samsung Galaxy S21,Electronics,Phones,5,1576.0,7880.0,6268.21,2023-12-19 02:47:00,"569 Street, Cairo",Cairo,Wholesale,Corporate,South America,Card,5.0,Rep_B,
4917,T4917,AirPods Pro,Electronics,Accessories,3,1007.0,3021.0,2065.35,2023-11-12 06:14:00,"467 Street, Lagos",Lagos,Wholesale,Consumer,Africa,Transfer,5.0,Rep_C,
4918,T4918,AirPods Pro,Electronics,Accessories,3,1810.0,5430.0,4227.24,2023-05-11 13:04:00,"385 Street, Lagos",Lagos,Online,Small Business,Asia,Transfer,6.0,Rep_C,
4919,T4919,AirPods Pro,Electronics,Accessories,1,1856.0,1856.0,1617.86,2023-09-20 14:58:00,"974 Street, Mumbai",Mumbai,In-Store,Corporate,South America,Card,5.0,Rep_B,
4920,T4920,MacBook Air,Electronics,Laptops,2,111.0,222.0,196.41,2023-10-19 02:42:00,"325 Street, Bangkok",Bangkok,Wholesale,Small Business,Asia,Cash,9.0,Rep_B,
4921,T4921,AirPods Pro,Electronics,Accessories,3,1722.0,5166.0,3926.78,2023-08-17 15:37:00,"758 Street, Mumbai",Mumbai,Online,Small Business,Asia,Transfer,3.0,Rep_C,
4922,T4922,Dell XPS 13,Electronics,Laptops,5,1313.0,6565.0,5648.31,2023-09-27 02:15:00,"931 Street, Jakarta",Jakarta,Online,Small Business,South America,Card,1.0,Rep_B,
4923,T4923,MacBook Air,Electronics,Laptops,3,1909.0,5727.0,3019.63,2023-11-13 11:57:00,"611 Street, Jakarta",Jakarta,Online,Consumer,Europe,Transfer,2.0,Rep_D,
4924,T4924,AirPods Pro,Electronics,Accessories,1,65.0,65.0,52.35,2023-02-24 15:03:00,"796 Street, Bangkok",Bangkok,Wholesale,Small Business,South America,Card,2.0,Rep_B,
4925,T4925,Logitech Mouse,Electronics,Accessories,5,1012.0,5060.0,2598.43,2023-02-23 12:55:00,"80 Street, Jakarta",Jakarta,In-Store,Consumer,South America,Card,5.0,Rep_C,
4926,T4926,MacBook Air,Electronics,Laptops,1,993.0,993.0,875.36,2023-06-20 16:52:00,"524 Street, Mumbai",Mumbai,Wholesale,Small Business,South America,Card,9.0,Rep_B,
4927,T4927,Samsung Galaxy S21,Electronics,Phones,1,1797.0,1797.0,1369.52,2023-05-12 18:24:00,"796 Street, Lagos",Lagos,In-Store,Small Business,Africa,Card,8.0,Rep_C,
4928,T4928,iPhone 13,Electronics,Phones,2,436.0,872.0,649.62,2023-08-02 12:43:00,"792 Street, Cairo",Cairo,Wholesale,Consumer,South America,Cash,5.0,Rep_B,
4929,T4929,iPhone 13,Electronics,Phones,2,1996.0,3992.0,2730.22,2023-03-12 03:54:00,"347 Street, Nairobi",Nairobi,Wholesale,Corporate,Africa,Transfer,8.0,Rep_A,
4930,T4930,Dell XPS 13,Electronics,Laptops,5,1259.0,6295.0,3296.05,2023-08-07 01:20:00,"138 Street, São Paulo",São Paulo,Wholesale,Consumer,Africa,Cash,9.0,Rep_B,
4931,T4931,Samsung Galaxy S21,Electronics,Phones,3,251.0,753.0,397.38,2023-03-05 06:57:00,"415 Street, Bangkok",Bangkok,In-Store,Consumer,South America,Transfer,4.0,Rep_A,
4932,T4932,Logitech Mouse,Electronics,Accessories,4,1055.0,4220.0,2934.88,2023-10-08 18:45:00,"492 Street, São Paulo",São Paulo,Wholesale,Small Business,Europe,Transfer,3.0,Rep_A,
4933,T4933,27in 4K Gaming Monitor,Electronics,Monitors,5,162.0,810.0,680.9,2023-07-27 17:59:00,"781 Street, Bangkok",Bangkok,Wholesale,Small Business,Europe,Cash,3.0,Rep_C,
4934,T4934,AirPods Pro,Electronics,Accessories,1,402.0,402.0,230.33,2023-09-16 17:01:00,"457 Street, Lagos",Lagos,In-Store,Small Business,Africa,Transfer,4.0,Rep_B,
4935,T4935,iPhone 13,Electronics,Phones,3,577.0,1731.0,1164.82,2023-06-05 14:18:00,"149 Street, Bangkok",Bangkok,In-Store,Corporate,Africa,Cash,7.0,Rep_B,
4936,T4936,27in 4K Gaming Monitor,Electronics,Monitors,2,214.0,428.0,361.49,2023-08-02 23:09:00,"760 Street, Bangkok",Bangkok,Online,Corporate,Africa,Card,3.0,Rep_A,
4937,T4937,Logitech Mouse,Electronics,Accessories,5,1110.0,5550.0,4807.82,2023-06-02 02:53:00,"944 Street, Mumbai",Mumbai,In-Store,Corporate,Asia,Cash,2.0,Rep_C,
4938,T4938,Dell XPS 13,Electronics,Laptops,3,1733.0,5199.0,2976.59,2023-10-18 11:54:00,"948 Street, Bangkok",Bangkok,Online,Consumer,South America,Transfer,9.0,Rep_A,
4939,T4939,27in 4K Gaming Monitor,Electronics,Monitors,1,306.0,306.0,262.5,2023-12-16 15:12:00,"465 Street, Nairobi",Nairobi,Wholesale,Small Business,Asia,Cash,8.0,Rep_C,
4940,T4940,Logitech Mouse,Electronics,Accessories,5,156.0,780.0,641.97,2023-02-09 00:08:00,"67 Street, Bangkok",Bangkok,Online,Consumer,Africa,Transfer,6.0,Rep_C,
4941,T4941,27in 4K Gaming Monitor,Electronics,Monitors,4,1919.0,7676.0,5805.96,2023-12-31 05:35:00,"290 Street, São Paulo",São Paulo,In-Store,Corporate,Africa,Cash,3.0,Rep_D,
4942,T4942,Logitech Mouse,Electronics,Accessories,5,465.0,2325.0,1577.4,2023-07-04 00:47:00,"807 Street, Lagos",Lagos,Online,Small Business,Africa,Transfer,9.0,Rep_B,
4943,T4943,27in 4K Gaming Monitor,Electronics,Monitors,5,1942.0,9710.0,7594.66,2023-03-23 11:47:00,"954 Street, São Paulo",São Paulo,Wholesale,Corporate,Asia,Transfer,,Rep_D,
4945,T4945,iPhone 13,Electronics,Phones,1,170.0,170.0,147.67,2023-05-11 19:50:00,"499 Street, Bangkok",Bangkok,Wholesale,Corporate,South America,Cash,8.0,Rep_C,
4946,T4946,iPhone 13,Electronics,Phones,3,441.0,1323.0,887.78,2023-07-02 02:08:00,"8 Street, São Paulo",São Paulo,Wholesale,Small Business,Africa,Cash,,Rep_B,
4948,T4948,AirPods Pro,Electronics,Accessories,5,85.0,425.0,256.65,2023-02-25 04:36:00,"510 Street, Nairobi",Nairobi,In-Store,Consumer,Asia,Cash,6.0,Rep_B,
4949,T4949,27in 4K Gaming Monitor,Electronics,Monitors,2,1451.0,2902.0,2134.87,2023-12-18 17:51:00,"514 Street, São Paulo",São Paulo,Wholesale,Small Business,South America,Cash,,Rep_B,
4950,T4950,27in 4K Gaming Monitor,Electronics,Monitors,2,197.0,394.0,234.08,2023-10-20 01:45:00,"316 Street, Lagos",Lagos,Wholesale,Consumer,Europe,Cash,8.0,Rep_A,
4951,T4951,AirPods Pro,Electronics,Accessories,4,1105.0,4420.0,3920.54,2023-09-11 08:38:00,"696 Street, Lagos",Lagos,In-Store,Small Business,Africa,Cash,7.0,Rep_B,
4952,T4952,AirPods Pro,Electronics,Accessories,5,1149.0,5745.0,3756.86,2023-08-17 04:06:00,"513 Street, Lagos",Lagos,Wholesale,Corporate,Europe,Transfer,7.0,Rep_C,
4953,T4953,iPhone 13,Electronics,Phones,1,1208.0,1208.0,614.42,2023-05-22 21:14:00,"483 Street, Lagos",Lagos,Online,Small Business,Africa,Card,1.0,Rep_D,
4954,T4954,AirPods Pro,Electronics,Accessories,2,481.0,962.0,524.5,2023-03-16 03:29:00,"160 Street, Nairobi",Nairobi,Wholesale,Small Business,South America,Cash,,Rep_C,
4956,T4956,AirPods Pro,Electronics,Accessories,1,270.0,270.0,227.55,2023-06-29 08:28:00,"81 Street, Cairo",Cairo,Online,Consumer,South America,Transfer,2.0,Rep_B,
4957,T4957,27in 4K Gaming Monitor,Electronics,Monitors,1,789.0,789.0,524.07,2023-03-25 18:54:00,"174 Street, Nairobi",Nairobi,Online,Small Business,South America,Cash,7.0,Rep_A,
4958,T4958,Logitech Mouse,Electronics,Accessories,4,1754.0,7016.0,4039.51,2023-10-10 08:03:00,"477 Street, Mumbai",Mumbai,Wholesale,Corporate,Europe,Cash,9.0,Rep_D,
4959,T4959,Logitech Mouse,Electronics,Accessories,2,1421.0,2842.0,1574.91,2023-05-05 02:58:00,"250 Street, Bangkok",Bangkok,In-Store,Consumer,Africa,Transfer,4.0,Rep_C,
4960,T4960,Samsung Galaxy S21,Electronics,Phones,5,1931.0,9655.0,7610.74,2023-10-05 08:02:00,"484 Street, Jakarta",Jakarta,In-Store,Consumer,Asia,Card,,Rep_B,
4961,T4961,Samsung Galaxy S21,Electronics,Phones,2,533.0,1066.0,715.03,2023-12-16 14:33:00,"470 Street, Mumbai",Mumbai,Online,Small Business,Africa,Transfer,7.0,Rep_B,
4962,T4962,MacBook Air,Electronics,Laptops,2,1451.0,2902.0,1499.61,2023-09-19 22:53:00,"213 Street, Jakarta",Jakarta,Online,Small Business,Europe,Card,,Rep_B,
4963,T4963,AirPods Pro,Electronics,Accessories,4,1619.0,6476.0,5343.62,2023-04-07 23:20:00,"793 Street, Bangkok",Bangkok,In-Store,Consumer,South America,Card,3.0,Rep_C,
4965,T4965,Dell XPS 13,Electronics,Laptops,5,1952.0,9760.0,5396.65,2023-12-09 11:37:00,"678 Street, Lagos",Lagos,Wholesale,Corporate,Asia,Cash,8.0,Rep_D,
4966,T4966,Samsung Galaxy S21,Electronics,Phones,1,917.0,917.0,498.96,2023-08-10 08:24:00,"716 Street, Jakarta",Jakarta,Online,Consumer,Europe,Transfer,5.0,Rep_B,
4967,T4967,Samsung Galaxy S21,Electronics,Phones,4,306.0,1224.0,785.2,2023-06-08 22:02:00,"688 Street, Jakarta",Jakarta,Wholesale,Corporate,South America,Cash,9.0,Rep_B,
4968,T4968,Samsung Galaxy S21,Electronics,Phones,1,1010.0,1010.0,727.99,2023-05-29 05:20:00,"148 Street, Jakarta",Jakarta,In-Store,Small Business,Asia,Transfer,5.0,Rep_A,
4969,T4969,Samsung Galaxy S21,Electronics,Phones,4,714.0,2856.0,2160.23,2023-05-28 12:46:00,"306 Street, Bangkok",Bangkok,Wholesale,Consumer,South America,Card,,Rep_C,
4970,T4970,Samsung Galaxy S21,Electronics,Phones,1,659.0,659.0,374.07,2023-07-14 15:22:00,"262 Street, Bangkok",Bangkok,Wholesale,Corporate,Europe,Transfer,5.0,Rep_A,
4971,T4971,MacBook Air,Electronics,Laptops,4,496.0,1984.0,1692.31,2023-02-26 02:41:00,"200 Street, São Paulo",São Paulo,Online,Small Business,Africa,Cash,6.0,Rep_A,
4972,T4972,iPhone 13,Electronics,Phones,5,926.0,4630.0,2832.2,2023-05-18 19:25:00,"92 Street, Lagos",Lagos,In-Store,Consumer,Africa,Transfer,3.0,Rep_A,
4973,T4973,AirPods Pro,Electronics,Accessories,5,756.0,3780.0,2702.73,2023-10-02 03:47:00,"828 Street, Cairo",Cairo,Online,Small Business,Africa,Cash,6.0,Rep_A,
4974,T4974,AirPods Pro,Electronics,Accessories,2,1115.0,2230.0,1254.99,2023-10-05 22:40:00,"416 Street, Jakarta",Jakarta,In-Store,Corporate,Asia,Card,1.0,Rep_B,
4975,T4975,MacBook Air,Electronics,Laptops,2,896.0,1792.0,968.23,2023-01-18 20:18:00,"857 Street, Lagos",Lagos,Wholesale,Corporate,Europe,Transfer,1.0,Rep_A,
4976,T4976,Logitech Mouse,Electronics,Accessories,3,226.0,678.0,363.6,2023-10-12 01:42:00,"268 Street, Lagos",Lagos,In-Store,Consumer,Europe,Transfer,7.0,Rep_D,
4977,T4977,Dell XPS 13,Electronics,Laptops,5,695.0,3475.0,1926.15,2023-07-30 07:10:00,"922 Street, Cairo",Cairo,Online,Consumer,Africa,Transfer,1.0,Rep_A,
4978,T4978,MacBook Air,Electronics,Laptops,5,738.0,3690.0,2927.7,2023-04-22 04:17:00,"668 Street, Cairo",Cairo,Online,Consumer,Asia,Transfer,6.0,Rep_B,
4980,T4980,Samsung Galaxy S21,Electronics,Phones,1,1864.0,1864.0,1177.58,2023-05-21 06:47:00,"526 Street, Bangkok",Bangkok,In-Store,Consumer,Europe,Transfer,6.0,Rep_A,
4981,T4981,Dell XPS 13,Electronics,Laptops,1,681.0,681.0,596.81,2023-10-06 19:26:00,"822 Street, Jakarta",Jakarta,Online,Corporate,South America,Card,4.0,Rep_B,
4982,T4982,MacBook Air,Electronics,Laptops,3,1704.0,5112.0,3056.91,2023-04-24 12:30:00,"529 Street, São Paulo",São Paulo,Online,Small Business,Europe,Card,3.0,Rep_B,
4983,T4983,Logitech Mouse,Electronics,Accessories,3,1538.0,4614.0,4103.11,2023-02-20 21:10:00,"858 Street, São Paulo",São Paulo,Online,Small Business,South America,Cash,2.0,Rep_B,
4984,T4984,Logitech Mouse,Electronics,Accessories,1,1819.0,1819.0,1081.63,2023-07-29 00:35:00,"828 Street, Lagos",Lagos,Online,Consumer,Europe,Transfer,,Rep_A,
4985,T4985,Logitech Mouse,Electronics,Accessories,3,877.0,2631.0,2106.32,2023-02-22 23:54:00,"334 Street, São Paulo",São Paulo,Wholesale,Consumer,Africa,Transfer,8.0,Rep_A,
4986,T4986,iPhone 13,Electronics,Phones,3,1410.0,4230.0,2611.63,2023-01-27 12:58:00,"416 Street, Lagos",Lagos,Wholesale,Consumer,Europe,Cash,4.0,Rep_B,
4987,T4987,Samsung Galaxy S21,Electronics,Phones,2,439.0,878.0,540.02,2023-06-16 13:06:00,"226 Street, Nairobi",Nairobi,Wholesale,Corporate,South America,Card,2.0,Rep_C,
4989,T4989,AirPods Pro,Electronics,Accessories,3,446.0,1338.0,1144.91,2023-03-07 10:45:00,"263 Street, Mumbai",Mumbai,In-Store,Corporate,Asia,Cash,4.0,Rep_A,
4990,T4990,27in 4K Gaming Monitor,Electronics,Monitors,4,1134.0,4536.0,4004.94,2023-06-07 00:14:00,"313 Street, Bangkok",Bangkok,In-Store,Consumer,Africa,Cash,6.0,Rep_C,
4991,T4991,Dell XPS 13,Electronics,Laptops,5,1749.0,8745.0,5043.12,2023-04-29 12:26:00,"784 Street, Nairobi",Nairobi,In-Store,Small Business,South America,Cash,5.0,Rep_D,
4992,T4992,Samsung Galaxy S21,Electronics,Phones,2,1424.0,2848.0,1751.59,2023-05-07 20:25:00,"927 Street, Mumbai",Mumbai,Wholesale,Consumer,Africa,Transfer,9.0,Rep_D,
4993,T4993,Logitech Mouse,Electronics,Accessories,3,1704.0,5112.0,2950.55,2023-04-22 14:40:00,"117 Street, Mumbai",Mumbai,In-Store,Small Business,Asia,Transfer,7.0,Rep_A,
4995,T4995,Dell XPS 13,Electronics,Laptops,5,1793.0,8965.0,7679.44,2023-01-21 08:38:00,"821 Street, Mumbai",Mumbai,In-Store,Consumer,Africa,Transfer,9.0,Rep_B,
4996,T4996,Dell XPS 13,Electronics,Laptops,1,408.0,408.0,294.57,2023-09-04 14:07:00,"315 Street, Cairo",Cairo,Online,Small Business,Africa,Transfer,1.0,Rep_C,
4997,T4997,AirPods Pro,Electronics,Accessories,5,897.0,4485.0,4006.68,2023-11-23 07:16:00,"177 Street, Mumbai",Mumbai,Online,Consumer,South America,Card,,Rep_C,
4998,T4998,AirPods Pro,Electronics,Accessories,2,796.0,1592.0,1057.03,2023-08-13 01:38:00,"908 Street, São Paulo",São Paulo,Wholesale,Small Business,Africa,Transfer,3.0,Rep_D,
4999,T4999,Samsung Galaxy S21,Electronics,Phones,4,536.0,2144.0,1648.05,2023-03-11 07:30:00,"698 Street, São Paulo",São Paulo,In-Store,Corporate,Africa,Transfer,1.0,Rep_B,
5000,T5000,Samsung Galaxy S21,Electronics,Phones,2,194.0,388.0,330.28,2023-11-16 12:56:00,"537 Street, Lagos",Lagos,Wholesale,Corporate,Asia,Card,3.0,Rep_D,
6,T6,AirPods Pro,Electronics,Accessories,4,,0.0,0.0,2023-02-13 01:09:00,"270 Street, Jakarta",Jakarta,Wholesale,Corporate,South America,Card,8.0,Rep_C,missing_pricing_data
8,T8,Dell XPS 13,Electronics,Laptops,5,,0.0,0.0,2023-05-09 11:07:00,"139 Street, São Paulo",São Paulo,Wholesale,Consumer,South America,Cash,8.0,Rep_D,missing_pricing_data
39,T39,iPhone 13,Electronics,Phones,2,,0.0,0.0,2023-04-15 06:03:00,"626 Street, Lagos",Lagos,Wholesale,Small Business,Asia,Card,8.0,Rep_C,missing_pricing_data
52,T52,Samsung Galaxy S21,Electronics,Phones,3,,0.0,0.0,2023-07-31 12:27:00,"909 Street, Jakarta",Jakarta,In-Store,Consumer,Asia,Card,6.0,Rep_D,missing_pricing_data
63,T63,Samsung Galaxy S21,Electronics,Phones,5,,0.0,0.0,2023-05-01 21:46:00,"107 Street, Lagos",Lagos,Online,Small Business,South America,Card,1.0,Rep_C,missing_pricing_data
70,T70,27in 4K Gaming Monitor,Electronics,Monitors,3,,0.0,0.0,2023-08-11 05:01:00,"75 Street, São Paulo",São Paulo,Online,Consumer,Africa,Transfer,6.0,Rep_B,missing_pricing_data
83,T83,27in 4K Gaming Monitor,Electronics,Monitors,5,,0.0,0.0,2023-04-02 08:53:00,"462 Street, Bangkok",Bangkok,In-Store,Small Business,South America,Cash,6.0,Rep_D,missing_pricing_data
111,T111,AirPods Pro,Electronics,Accessories,1,,0.0,0.0,2023-03-14 14:48:00,"964 Street, Lagos",Lagos,Online,Corporate,South America,Transfer,5.0,Rep_A,missing_pricing_data
117,T117,AirPods Pro,Electronics,Accessories,3,,0.0,0.0,2023-02-06 15:12:00,"973 Street, Mumbai",Mumbai,Wholesale,Consumer,Europe,Card,8.0,Rep_D,missing_pricing_data
122,T122,iPhone 13,Electronics,Phones,2,,0.0,0.0,2023-11-22 18:29:00,"233 Street, Cairo",Cairo,In-Store,Consumer,Asia,Cash,5.0,Rep_D,missing_pricing_data
128,T128,Dell XPS 13,Electronics,Laptops,2,,0.0,0.0,2023-01-12 17:14:00,"539 Street, Mumbai",Mumbai,In-Store,Consumer,South America,Card,9.0,Rep_A,missing_pricing_data
183,T183,iPhone 13,Electronics,Phones,3,,0.0,0.0,2023-05-18 22:57:00,"901 Street, Lagos",Lagos,Wholesale,Small Business,South America,Cash,5.0,Rep_B,missing_pricing_data
189,T189,27in 4K Gaming Monitor,Electronics,Monitors,3,,0.0,0.0,2023-08-20 13:35:00,"399 Street, Lagos",Lagos,Wholesale,Corporate,Africa,Cash,3.0,Rep_A,missing_pricing_data
194,T194,AirPods Pro,Electronics,Accessories,3,,0.0,0.0,2023-05-02 22:38:00,"233 Street, Mumbai",Mumbai,In-Store,Small Business,South America,Transfer,5.0,Rep_B,missing_pricing_data
198,T198,MacBook Air,Electronics,Laptops,2,,0.0,0.0,2023-09-18 02:00:00,"483 Street, Nairobi",Nairobi,Wholesale,Small Business,South America,Card,2.0,Rep_A,missing_pricing_data
259,T259,Logitech Mouse,Electronics,Accessories,5,,0.0,0.0,2023-06-13 21:18:00,"91 Street, Nairobi",Nairobi,Wholesale,Corporate,Asia,Card,6.0,Rep_A,missing_pricing_data
316,T316,AirPods Pro,Electronics,Accessories,3,,0.0,0.0,2023-05-04 00:48:00,"565 Street, São Paulo",São Paulo,Wholesale,Consumer,Europe,Transfer,1.0,Rep_B,missing_pricing_data
346,T346,iPhone 13,Electronics,Phones,2,,0.0,0.0,2023-08-27 07:35:00,"116 Street, Lagos",Lagos,In-Store,Small Business,South America,Transfer,2.0,Rep_D,missing_pricing_data
358,T358,27in 4K Gaming Monitor,Electronics,Monitors,3,,0.0,0.0,2023-10-18 19:10:00,"499 Street, Lagos",Lagos,Wholesale,Corporate,South America,Cash,5.0,Rep_D,missing_pricing_data
381,T381,Logitech Mouse,Electronics,Accessories,2,,0.0,0.0,2023-09-21 14:58:00,"229 Street, Bangkok",Bangkok,Wholesale,Consumer,Asia,Card,9.0,Rep_A,missing_pricing_data
386,T386,iPhone 13,Electronics,Phones,2,,0.0,0.0,2023-11-06 07:40:00,"371 Street, Nairobi",Nairobi,Wholesale,Consumer,Africa,Cash,1.0,Rep_A,missing_pricing_data
387,T387,27in 4K Gaming Monitor,Electronics,Monitors,2,,0.0,0.0,2023-09-30 05:18:00,"28 Street, Jakarta",Jakarta,Wholesale,Small Business,South America,Card,7.0,Rep_B,missing_pricing_data
405,T405,Logitech Mouse,Electronics,Accessories,4,,0.0,0.0,2023-10-11 12:01:00,"758 Street, Bangkok",Bangkok,Wholesale,Consumer,Asia,Card,9.0,Rep_B,missing_pricing_data
424,T424,MacBook Air,Electronics,Laptops,2,,0.0,0.0,2023-12-14 00:46:00,"618 Street, Bangkok",Bangkok,Online,Small Business,South America,Cash,8.0,Rep_B,missing_pricing_data
426,T426,MacBook Air,Electronics,Laptops,2,,0.0,0.0,2023-10-11 09:59:00,"737 Street, Mumbai",Mumbai,Online,Consumer,Asia,Transfer,9.0,Rep_B,missing_pricing_data
428,T428,MacBook Air,Electronics,Laptops,1,,0.0,0.0,2023-08-14 15:19:00,"578 Street, São Paulo",São Paulo,Wholesale,Consumer,Asia,Cash,4.0,Rep_D,missing_pricing_data
484,T484,iPhone 13,Electronics,Phones,3,,0.0,0.0,2023-06-25 20:53:00,"222 Street, Jakarta",Jakarta,Online,Small Business,South America,Transfer,3.0,Rep_D,missing_pricing_data
495,T495,27in 4K Gaming Monitor,Electronics,Monitors,1,,0.0,0.0,2023-10-17 22:49:00,"56 Street, Nairobi",Nairobi,In-Store,Consumer,Asia,Cash,8.0,Rep_A,missing_pricing_data
505,T505,Samsung Galaxy S21,Electronics,Phones,5,,0.0,0.0,2023-12-01 11:26:00,"975 Street, Jakarta",Jakarta,Wholesale,Corporate,South America,Transfer,7.0,Rep_B,missing_pricing_data
514,T514,iPhone 13,Electronics,Phones,3,,0.0,0.0,2023-09-28 04:54:00,"948 Street, Mumbai",Mumbai,Wholesale,Consumer,Africa,Transfer,1.0,Rep_D,missing_pricing_data
552,T552,27in 4K Gaming Monitor,Electronics,Monitors,1,,0.0,0.0,2023-03-03 19:39:00,"575 Street, São Paulo",São Paulo,Online,Small Business,South America,Transfer,2.0,Rep_B,missing_pricing_data
584,T584,Samsung Galaxy S21,Electronics,Phones,3,,0.0,0.0,2023-02-16 12:55:00,"747 Street, Lagos",Lagos,Wholesale,Consumer,South America,Cash,,Rep_B,missing_pricing_data
619,T619,Dell XPS 13,Electronics,Laptops,1,,0.0,0.0,2023-01-24 02:21:00,"503 Street, Lagos",Lagos,Online,Consumer,Africa,Transfer,3.0,Rep_D,missing_pricing_data
625,T625,Samsung Galaxy S21,Electronics,Phones,2,,0.0,0.0,2023-04-11 20:57:00,"941 Street, Nairobi",Nairobi,In-Store,Small Business,Asia,Card,4.0,Rep_B,missing_pricing_data
657,T657,Dell XPS 13,Electronics,Laptops,2,,0.0,0.0,2023-10-22 10:34:00,"38 Street, São Paulo",São Paulo,Online,Consumer,South America,Card,5.0,Rep_C,missing_pricing_data
665,T665,Dell XPS 13,Electronics,Laptops,3,,0.0,0.0,2023-01-31 04:47:00,"822 Street, Lagos",Lagos,In-Store,Corporate,Africa,Cash,9.0,Rep_B,missing_pricing_data
721,T721,MacBook Air,Electronics,Laptops,4,,0.0,0.0,2023-12-06 03:10:00,"73 Street, Jakarta",Jakarta,Online,Consumer,Europe,Card,9.0,Rep_A,missing_pricing_data
758,T758,MacBook Air,Electronics,Laptops,2,,0.0,0.0,2023-12-03 20:59:00,"577 Street, Mumbai",Mumbai,Online,Small Business,South America,Card,6.0,Rep_A,missing_pricing_data
779,T779,27in 4K Gaming Monitor,Electronics,Monitors,2,,0.0,0.0,2023-07-06 17:51:00,"412 Street, Bangkok",Bangkok,Online,Small Business,Europe,Cash,,Rep_D,missing_pricing_data
803,T803,27in 4K Gaming Monitor,Electronics,Monitors,4,,0.0,0.0,2023-07-30 08:52:00,"503 Street, Bangkok",Bangkok,Online,Corporate,Asia,Transfer,6.0,Rep_A,missing_pricing_data
824,T824,Samsung Galaxy S21,Electronics,Phones,3,,0.0,0.0,2023-04-06 08:28:00,"429 Street, Bangkok",Bangkok,Wholesale,Small Business,South America,Card,4.0,Rep_C,missing_pricing_data
830,T830,MacBook Air,Electronics,Laptops,3,,0.0,0.0,2023-09-20 16:56:00,"297 Street, Jakarta",Jakarta,In-Store,Small Business,Asia,Cash,6.0,Rep_B,missing_pricing_data
869,T869,27in 4K Gaming Monitor,Electronics,Monitors,1,,0.0,0.0,2023-03-13 06:33:00,"398 Street, Mumbai",Mumbai,In-Store,Small Business,Europe,Cash,4.0,Rep_B,missing_pricing_data
886,T886,Dell XPS 13,Electronics,Laptops,3,,0.0,0.0,2023-05-05 16:20:00,"651 Street, Bangkok",Bangkok,Online,Consumer,Asia,Card,7.0,Rep_B,missing_pricing_data
888,T888,Logitech Mouse,Electronics,Accessories,2,,0.0,0.0,2023-01-04 20:30:00,"25 Street, Cairo",Cairo,Wholesale,Corporate,South America,Transfer,5.0,Rep_A,missing_pricing_data
915,T915,27in 4K Gaming Monitor,Electronics,Monitors,3,,0.0,0.0,2023-01-06 20:15:00,"585 Street, Lagos",Lagos,Online,Small Business,Europe,Card,4.0,Rep_D,missing_pricing_data
956,T956,MacBook Air,Electronics,Laptops,5,,0.0,0.0,2023-08-17 19:02:00,"911 Street, Cairo",Cairo,Online,Small Business,Africa,Transfer,8.0,Rep_B,missing_pricing_data
1039,T1039,27in 4K Gaming Monitor,Electronics,Monitors,2,,0.0,0.0,2023-04-27 12:49:00,"317 Street, São Paulo",São Paulo,Wholesale,Consumer,Africa,Card,2.0,Rep_C,missing_pricing_data
1045,T1045,AirPods Pro,Electronics,Accessories,4,,0.0,0.0,2023-12-27 12:22:00,"406 Street, Cairo",Cairo,Wholesale,Corporate,South America,Cash,1.0,Rep_B,missing_pricing_data
1063,T1063,Dell XPS 13,Electronics,Laptops,5,,0.0,0.0,2023-08-30 07:51:00,"555 Street, São Paulo",São Paulo,In-Store,Corporate,South America,Cash,5.0,Rep_A,missing_pricing_data
1091,T1091,iPhone 13,Electronics,Phones,5,,0.0,0.0,2023-05-22 04:08:00,"168 Street, Mumbai",Mumbai,Online,Small Business,Africa,Transfer,7.0,Rep_B,missing_pricing_data
1094,T1094,AirPods Pro,Electronics,Accessories,3,,0.0,0.0,2023-02-11 12:25:00,"51 Street, Nairobi",Nairobi,Wholesale,Consumer,Africa,Transfer,,Rep_B,missing_pricing_data
1122,T1122,Samsung Galaxy S21,Electronics,Phones,1,,0.0,0.0,2023-07-21 09:51:00,"449 Street, Bangkok",Bangkok,Online,Corporate,Asia,Cash,5.0,Rep_D,missing_pricing_data
1123,T1123,Dell XPS 13,Electronics,Laptops,3,,0.0,0.0,2023-08-01 20:40:00,"941 Street, Lagos",Lagos,In-Store,Corporate,Africa,Card,7.0,Rep_C,missing_pricing_data
1180,T1180,MacBook Air,Electronics,Laptops,2,,0.0,0.0,2023-02-18 07:27:00,"149 Street, Nairobi",Nairobi,Wholesale,Small Business,South America,Cash,8.0,Rep_B,missing_pricing_data
1182,T1182,Dell XPS 13,Electronics,Laptops,5,,0.0,0.0,2023-02-03 18:54:00,"529 Street, Jakarta",Jakarta,Wholesale,Consumer,South America,Cash,6.0,Rep_D,missing_pricing_data
1217,T1217,iPhone 13,Electronics,Phones,2,,0.0,0.0,2023-02-21 16:50:00,"782 Street, São Paulo",São Paulo,Wholesale,Small Business,South America,Transfer,9.0,Rep_A,missing_pricing_data
1222,T1222,27in 4K Gaming Monitor,Electronics,Monitors,2,,0.0,0.0,2023-06-11 15:10:00,"97 Street, Bangkok",Bangkok,Online,Small Business,South America,Cash,2.0,Rep_B,missing_pricing_data
1247,T1247,Samsung Galaxy S21,Electronics,Phones,5,,0.0,0.0,2023-01-03 03:53:00,"308 Street, Jakarta",Jakarta,Online,Consumer,Asia,Cash,2.0,Rep_D,missing_pricing_data
1256,T1256,Logitech Mouse,Electronics,Accessories,5,,0.0,0.0,2023-01-12 02:29:00,"194 Street, Nairobi",Nairobi,Wholesale,Corporate,Europe,Card,5.0,Rep_A,missing_pricing_data
1257,T1257,Dell XPS 13,Electronics,Laptops,3,,0.0,0.0,2023-02-12 03:16:00,"249 Street, São Paulo",São Paulo,Wholesale,Corporate,Europe,Card,8.0,Rep_A,missing_pricing_data
1369,T1369,Dell XPS 13,Electronics,Laptops,5,,0.0,0.0,2023-05-11 13:23:00,"138 Street, São Paulo",São Paulo,In-Store,Consumer,Africa,Transfer,9.0,Rep_A,missing_pricing_data
1395,T1395,Dell XPS 13,Electronics,Laptops,1,,0.0,0.0,2023-02-25 10:31:00,"986 Street, Bangkok",Bangkok,Wholesale,Corporate,South America,Cash,2.0,Rep_C,missing_pricing_data
1420,T1420,Dell XPS 13,Electronics,Laptops,1,,0.0,0.0,2023-06-21 02:11:00,"855 Street, Jakarta",Jakarta,In-Store,Consumer,South America,Cash,4.0,Rep_A,missing_pricing_data
1424,T1424,MacBook Air,Electronics,Laptops,2,,0.0,0.0,2023-05-16 21:08:00,"533 Street, Mumbai",Mumbai,Online,Corporate,Africa,Card,8.0,Rep_C,missing_pricing_data
1452,T1452,27in 4K Gaming Monitor,Electronics,Monitors,1,,0.0,0.0,2023-09-27 16:26:00,"420 Street, São Paulo",São Paulo,Wholesale,Small Business,Asia,Transfer,1.0,Rep_C,missing_pricing_data
1486,T1486,MacBook Air,Electronics,Laptops,2,,0.0,0.0,2023-05-27 13:46:00,"238 Street, Jakarta",Jakarta,In-Store,Consumer,South America,Transfer,4.0,Rep_B,missing_pricing_data
1513,T1513,27in 4K Gaming Monitor,Electronics,Monitors,3,,0.0,0.0,2023-07-07 02:33:00,"2 Street, Cairo",Cairo,Online,Consumer,South America,Cash,5.0,Rep_D,missing_pricing_data
1514,T1514,Samsung Galaxy S21,Electronics,Phones,2,,0.0,0.0,2023-12-21 04:42:00,"825 Street, Bangkok",Bangkok,In-Store,Small Business,Asia,Transfer,5.0,Rep_C,missing_pricing_data
1516,T1516,iPhone 13,Electronics,Phones,2,,0.0,0.0,2023-10-08 20:07:00,"391 Street, Bangkok",Bangkok,Wholesale,Consumer,Europe,Cash,3.0,Rep_A,missing_pricing_data
1560,T1560,iPhone 13,Electronics,Phones,4,,0.0,0.0,2023-04-04 15:10:00,"665 Street, Cairo",Cairo,Wholesale,Consumer,South America,Cash,2.0,Rep_A,missing_pricing_data
1583,T1583,AirPods Pro,Electronics,Accessories,5,,0.0,0.0,2023-01-14 10:01:00,"364 Street, Cairo",Cairo,Online,Consumer,Asia,Card,9.0,Rep_B,missing_pricing_data
1584,T1584,AirPods Pro,Electronics,Accessories,1,,0.0,0.0,2023-10-09 04:05:00,"170 Street, Lagos",Lagos,Wholesale,Consumer,Asia,Card,3.0,Rep_C,missing_pricing_data
1586,T1586,Logitech Mouse,Electronics,Accessories,3,,0.0,0.0,2023-02-19 05:50:00,"164 Street, Jakarta",Jakarta,Online,Consumer,Europe,Transfer,7.0,Rep_A,missing_pricing_data
1606,T1606,AirPods Pro,Electronics,Accessories,4,,0.0,0.0,2023-09-11 00:07:00,"465 Street, Nairobi",Nairobi,Online,Consumer,Africa,Card,6.0,Rep_A,missing_pricing_data
1625,T1625,Samsung Galaxy S21,Electronics,Phones,5,,0.0,0.0,2023-10-18 00:28:00,"22 Street, Mumbai",Mumbai,Online,Consumer,Asia,Card,2.0,Rep_C,missing_pricing_data
1629,T1629,AirPods Pro,Electronics,Accessories,3,,0.0,0.0,2023-05-26 09:40:00,"741 Street, Nairobi",Nairobi,In-Store,Consumer,Europe,Cash,6.0,Rep_B,missing_pricing_data
1646,T1646,Logitech Mouse,Electronics,Accessories,5,,0.0,0.0,2023-09-15 12:30:00,"842 Street, Bangkok",Bangkok,Wholesale,Small Business,Africa,Cash,8.0,Rep_B,missing_pricing_data
1707,T1707,Samsung Galaxy S21,Electronics,Phones,4,,0.0,0.0,2023-03-03 20:23:00,"435 Street, Mumbai",Mumbai,Wholesale,Small Business,Europe,Cash,3.0,Rep_D,missing_pricing_data
1712,T1712,Logitech Mouse,Electronics,Accessories,4,,0.0,0.0,2023-12-04 13:42:00,"353 Street, Mumbai",Mumbai,In-Store,Corporate,Asia,Transfer,6.0,Rep_D,missing_pricing_data
1715,T1715,iPhone 13,Electronics,Phones,1,,0.0,0.0,2023-01-31 21:52:00,"925 Street, Cairo",Cairo,Online,Consumer,Asia,Transfer,6.0,Rep_B,missing_pricing_data
1716,T1716,Samsung Galaxy S21,Electronics,Phones,5,,0.0,0.0,2023-03-27 13:19:00,"244 Street, Cairo",Cairo,In-Store,Corporate,Asia,Transfer,3.0,Rep_C,missing_pricing_data
1725,T1725,Samsung Galaxy S21,Electronics,Phones,3,,0.0,0.0,2023-01-10 15:26:00,"612 Street, Bangkok",Bangkok,In-Store,Consumer,Europe,Cash,4.0,Rep_C,missing_pricing_data
1766,T1766,iPhone 13,Electronics,Phones,2,,0.0,0.0,2023-05-31 06:47:00,"207 Street, Lagos",Lagos,Wholesale,Consumer,Asia,Transfer,3.0,Rep_C,missing_pricing_data
1771,T1771,Samsung Galaxy S21,Electronics,Phones,3,,0.0,0.0,2023-03-23 06:04:00,"246 Street, São Paulo",São Paulo,In-Store,Consumer,Africa,Transfer,7.0,Rep_B,missing_pricing_data
1773,T1773,iPhone 13,Electronics,Phones,4,,0.0,0.0,2023-05-04 08:45:00,"642 Street, Bangkok",Bangkok,Wholesale,Consumer,Europe,Card,5.0,Rep_B,missing_pricing_data
1830,T1830,27in 4K Gaming Monitor,Electronics,Monitors,4,,0.0,0.0,2023-06-13 02:14:00,"255 Street, Cairo",Cairo,Online,Small Business,Europe,Card,7.0,Rep_B,missing_pricing_data
1861,T1861,Logitech Mouse,Electronics,Accessories,2,,0.0,0.0,2023-07-01 11:39:00,"43 Street, Jakarta",Jakarta,Wholesale,Consumer,Europe,Transfer,7.0,Rep_C,missing_pricing_data
1923,T1923,27in 4K Gaming Monitor,Electronics,Monitors,2,,0.0,0.0,2023-12-22 12:50:00,"59 Street, Bangkok",Bangkok,Online,Small Business,Africa,Cash,1.0,Rep_C,missing_pricing_data
1948,T1948,Logitech Mouse,Electronics,Accessories,4,,0.0,0.0,2023-09-06 11:02:00,"288 Street, Mumbai",Mumbai,Online,Small Business,Europe,Cash,6.0,Rep_A,missing_pricing_data
1955,T1955,27in 4K Gaming Monitor,Electronics,Monitors,3,,0.0,0.0,2023-01-22 13:06:00,"365 Street, Bangkok",Bangkok,Wholesale,Corporate,Africa,Card,,Rep_D,missing_pricing_data
1958,T1958,Dell XPS 13,Electronics,Laptops,5,,0.0,0.0,2023-07-18 07:07:00,"878 Street, Nairobi",Nairobi,In-Store,Consumer,Asia,Cash,2.0,Rep_A,missing_pricing_data
1986,T1986,MacBook Air,Electronics,Laptops,1,,0.0,0.0,2023-08-14 15:28:00,"294 Street, Mumbai",Mumbai,Online,Small Business,Europe,Transfer,5.0,Rep_D,missing_pricing_data
2008,T2008,27in 4K Gaming Monitor,Electronics,Monitors,2,,0.0,0.0,2023-07-15 14:05:00,"798 Street, Lagos",Lagos,In-Store,Consumer,Asia,Card,,Rep_A,missing_pricing_data
2014,T2014,Dell XPS 13,Electronics,Laptops,1,,0.0,0.0,2023-08-10 08:51:00,"893 Street, Lagos",Lagos,Online,Corporate,Africa,Card,7.0,Rep_D,missing_pricing_data
2015,T2015,iPhone 13,Electronics,Phones,4,,0.0,0.0,2023-06-14 15:02:00,"860 Street, São Paulo",São Paulo,In-Store,Consumer,Asia,Transfer,3.0,Rep_C,missing_pricing_data
2035,T2035,AirPods Pro,Electronics,Accessories,1,,0.0,0.0,2023-11-23 15:39:00,"179 Street, São Paulo",São Paulo,Wholesale,Consumer,Europe,Card,4.0,Rep_D,missing_pricing_data
2041,T2041,Samsung Galaxy S21,Electronics,Phones,2,,0.0,0.0,2023-06-30 16:03:00,"355 Street, Lagos",Lagos,Online,Consumer,Africa,Cash,,Rep_D,missing_pricing_data
2058,T2058,iPhone 13,Electronics,Phones,5,,0.0,0.0,2023-02-21 00:29:00,"993 Street, Cairo",Cairo,In-Store,Small Business,Africa,Transfer,1.0,Rep_C,missing_pricing_data
2081,T2081,iPhone 13,Electronics,Phones,5,,0.0,0.0,2023-05-13 13:24:00,"295 Street, Nairobi",Nairobi,Online,Corporate,Africa,Card,5.0,Rep_D,missing_pricing_data
2101,T2101,iPhone 13,Electronics,Phones,2,,0.0,0.0,2023-01-10 14:54:00,"810 Street, Nairobi",Nairobi,In-Store,Corporate,Europe,Transfer,4.0,Rep_A,missing_pricing_data
2123,T2123,MacBook Air,Electronics,Laptops,1,,0.0,0.0,2023-01-21 14:39:00,"860 Street, Nairobi",Nairobi,Wholesale,Consumer,South America,Cash,4.0,Rep_C,missing_pricing_data
2148,T2148,MacBook Air,Electronics,Laptops,1,,0.0,0.0,2023-09-07 10:58:00,"619 Street, Mumbai",Mumbai,Online,Corporate,South America,Cash,1.0,Rep_B,missing_pricing_data
2151,T2151,Dell XPS 13,Electronics,Laptops,1,,0.0,0.0,2023-04-05 08:35:00,"150 Street, Cairo",Cairo,Wholesale,Small Business,South America,Transfer,4.0,Rep_A,missing_pricing_data
2167,T2167,iPhone 13,Electronics,Phones,2,,0.0,0.0,2023-08-02 01:28:00,"572 Street, Lagos",Lagos,In-Store,Corporate,South America,Cash,7.0,Rep_C,missing_pricing_data
2170,T2170,iPhone 13,Electronics,Phones,5,,0.0,0.0,2023-03-06 00:36:00,"676 Street, Jakarta",Jakarta,Wholesale,Corporate,Africa,Card,1.0,Rep_D,missing_pricing_data
2186,T2186,iPhone 13,Electronics,Phones,1,,0.0,0.0,2023-04-01 12:15:00,"672 Street, São Paulo",São Paulo,Wholesale,Consumer,Europe,Cash,,Rep_A,missing_pricing_data
2214,T2214,Samsung Galaxy S21,Electronics,Phones,5,,0.0,0.0,2023-08-16 18:01:00,"209 Street, Lagos",Lagos,In-Store,Consumer,Africa,Card,6.0,Rep_B,missing_pricing_data
2227,T2227,AirPods Pro,Electronics,Accessories,5,,0.0,0.0,2023-05-02 10:10:00,"339 Street, Mumbai",Mumbai,Online,Corporate,Asia,Transfer,5.0,Rep_A,missing_pricing_data
2335,T2335,Dell XPS 13,Electronics,Laptops,3,,0.0,0.0,2023-09-02 12:41:00,"294 Street, Cairo",Cairo,In-Store,Small Business,Africa,Cash,8.0,Rep_D,missing_pricing_data
2342,T2342,Dell XPS 13,Electronics,Laptops,5,,0.0,0.0,2023-03-11 10:05:00,"712 Street, Jakarta",Jakarta,Wholesale,Corporate,Asia,Transfer,5.0,Rep_D,missing_pricing_data
2395,T2395,Samsung Galaxy S21,Electronics,Phones,3,,0.0,0.0,2023-01-02 21:36:00,"871 Street, Mumbai",Mumbai,Online,Corporate,South America,Cash,1.0,Rep_B,missing_pricing_data
2408,T2408,Logitech Mouse,Electronics,Accessories,1,,0.0,0.0,2023-10-10 05:18:00,"772 Street, Jakarta",Jakarta,Wholesale,Consumer,South America,Transfer,9.0,Rep_C,missing_pricing_data
2428,T2428,MacBook Air,Electronics,Laptops,3,,0.0,0.0,2023-02-25 07:23:00,"370 Street, Lagos",Lagos,In-Store,Small Business,Africa,Transfer,6.0,Rep_A,missing_pricing_data
2473,T2473,Logitech Mouse,Electronics,Accessories,5,,0.0,0.0,2023-10-19 21:36:00,"717 Street, Mumbai",Mumbai,In-Store,Consumer,South America,Card,5.0,Rep_C,missing_pricing_data
2497,T2497,27in 4K Gaming Monitor,Electronics,Monitors,3,,0.0,0.0,2023-03-16 17:10:00,"449 Street, Mumbai",Mumbai,Wholesale,Small Business,Europe,Cash,9.0,Rep_A,missing_pricing_data
2526,T2526,MacBook Air,Electronics,Laptops,3,,0.0,0.0,2023-06-03 09:15:00,"151 Street, Lagos",Lagos,In-Store,Corporate,Asia,Card,,Rep_C,missing_pricing_data
2540,T2540,iPhone 13,Electronics,Phones,1,,0.0,0.0,2023-02-02 12:44:00,"266 Street, Bangkok",Bangkok,Wholesale,Corporate,Europe,Cash,7.0,Rep_D,missing_pricing_data
2559,T2559,27in 4K Gaming Monitor,Electronics,Monitors,1,,0.0,0.0,2023-12-24 10:07:00,"526 Street, Nairobi",Nairobi,Wholesale,Consumer,South America,Card,5.0,Rep_B,missing_pricing_data
2563,T2563,27in 4K Gaming Monitor,Electronics,Monitors,5,,0.0,0.0,2023-02-01 10:53:00,"322 Street, Lagos",Lagos,In-Store,Corporate,Europe,Cash,3.0,Rep_A,missing_pricing_data
2564,T2564,MacBook Air,Electronics,Laptops,2,,0.0,0.0,2023-04-30 21:08:00,"726 Street, Jakarta",Jakarta,Wholesale,Small Business,Africa,Transfer,5.0,Rep_A,missing_pricing_data
2589,T2589,Logitech Mouse,Electronics,Accessories,1,,0.0,0.0,2023-03-23 17:53:00,"156 Street, São Paulo",São Paulo,Wholesale,Consumer,South America,Transfer,5.0,Rep_C,missing_pricing_data
2636,T2636,AirPods Pro,Electronics,Accessories,4,,0.0,0.0,2023-03-31 13:26:00,"584 Street, Jakarta",Jakarta,Online,Small Business,Europe,Card,4.0,Rep_A,missing_pricing_data
2662,T2662,AirPods Pro,Electronics,Accessories,4,,0.0,0.0,2023-06-17 16:41:00,"595 Street, Mumbai",Mumbai,Online,Corporate,Europe,Card,3.0,Rep_C,missing_pricing_data
2674,T2674,AirPods Pro,Electronics,Accessories,3,,0.0,0.0,2023-01-31 08:44:00,"879 Street, Bangkok",Bangkok,In-Store,Small Business,Africa,Cash,7.0,Rep_A,missing_pricing_data
2741,T2741,MacBook Air,Electronics,Laptops,3,,0.0,0.0,2023-06-03 23:38:00,"806 Street, Nairobi",Nairobi,Online,Corporate,South America,Cash,3.0,Rep_A,missing_pricing_data
2754,T2754,AirPods Pro,Electronics,Accessories,1,,0.0,0.0,2023-10-20 04:25:00,"385 Street, Bangkok",Bangkok,In-Store,Corporate,Asia,Card,7.0,Rep_C,missing_pricing_data
2766,T2766,Logitech Mouse,Electronics,Accessories,5,,0.0,0.0,2023-04-23 18:56:00,"512 Street, Lagos",Lagos,Wholesale,Small Business,Europe,Cash,2.0,Rep_B,missing_pricing_data
2779,T2779,27in 4K Gaming Monitor,Electronics,Monitors,3,,0.0,0.0,2023-07-02 09:18:00,"576 Street, Bangkok",Bangkok,Wholesale,Consumer,Africa,Cash,1.0,Rep_C,missing_pricing_data
2781,T2781,Logitech Mouse,Electronics,Accessories,4,,0.0,0.0,2023-04-17 08:52:00,"272 Street, São Paulo",São Paulo,Wholesale,Small Business,South America,Card,9.0,Rep_B,missing_pricing_data
2786,T2786,iPhone 13,Electronics,Phones,2,,0.0,0.0,2023-08-09 21:19:00,"214 Street, Jakarta",Jakarta,In-Store,Consumer,Asia,Card,8.0,Rep_C,missing_pricing_data
2806,T2806,27in 4K Gaming Monitor,Electronics,Monitors,5,,0.0,0.0,2023-11-25 15:03:00,"564 Street, Cairo",Cairo,Wholesale,Small Business,Europe,Card,1.0,Rep_A,missing_pricing_data
2851,T2851,AirPods Pro,Electronics,Accessories,5,,0.0,0.0,2023-09-24 12:43:00,"742 Street, Cairo",Cairo,In-Store,Consumer,Europe,Card,4.0,Rep_C,missing_pricing_data
2879,T2879,iPhone 13,Electronics,Phones,5,,0.0,0.0,2023-12-02 21:04:00,"567 Street, Nairobi",Nairobi,Wholesale,Corporate,South America,Card,8.0,Rep_A,missing_pricing_data
2903,T2903,27in 4K Gaming Monitor,Electronics,Monitors,3,,0.0,0.0,2023-05-16 05:14:00,"948 Street, Cairo",Cairo,In-Store,Consumer,South America,Transfer,3.0,Rep_C,missing_pricing_data
2974,T2974,Logitech Mouse,Electronics,Accessories,5,,0.0,0.0,2023-06-30 06:54:00,"246 Street, Bangkok",Bangkok,In-Store,Corporate,Africa,Cash,6.0,Rep_A,missing_pricing_data
3004,T3004,AirPods Pro,Electronics,Accessories,5,,0.0,0.0,2023-01-14 13:55:00,"590 Street, Mumbai",Mumbai,Wholesale,Small Business,Asia,Transfer,8.0,Rep_B,missing_pricing_data
3038,T3038,Logitech Mouse,Electronics,Accessories,3,,0.0,0.0,2023-11-23 23:42:00,"24 Street, Bangkok",Bangkok,Online,Small Business,Europe,Card,1.0,Rep_D,missing_pricing_data
3064,T3064,AirPods Pro,Electronics,Accessories,2,,0.0,0.0,2023-04-05 08:02:00,"753 Street, Cairo",Cairo,Online,Small Business,Asia,Transfer,7.0,Rep_C,missing_pricing_data
3066,T3066,Samsung Galaxy S21,Electronics,Phones,3,,0.0,0.0,2023-06-29 21:52:00,"379 Street, Bangkok",Bangkok,Wholesale,Corporate,Europe,Cash,6.0,Rep_D,missing_pricing_data
3145,T3145,Dell XPS 13,Electronics,Laptops,3,,0.0,0.0,2023-11-26 08:44:00,"24 Street, São Paulo",São Paulo,In-Store,Small Business,South America,Card,4.0,Rep_D,missing_pricing_data
3152,T3152,iPhone 13,Electronics,Phones,3,,0.0,0.0,2023-11-11 13:29:00,"781 Street, Jakarta",Jakarta,Online,Small Business,Asia,Transfer,1.0,Rep_A,missing_pricing_data
3156,T3156,Logitech Mouse,Electronics,Accessories,5,,0.0,0.0,2023-12-12 00:51:00,"377 Street, Cairo",Cairo,Online,Small Business,Europe,Card,6.0,Rep_B,missing_pricing_data
3166,T3166,Logitech Mouse,Electronics,Accessories,2,,0.0,0.0,2023-10-22 06:32:00,"778 Street, Jakarta",Jakarta,Wholesale,Corporate,Europe,Cash,3.0,Rep_C,missing_pricing_data
3183,T3183,AirPods Pro,Electronics,Accessories,1,,0.0,0.0,2023-11-03 06:18:00,"338 Street, Lagos",Lagos,In-Store,Small Business,South America,Transfer,6.0,Rep_A,missing_pricing_data
3205,T3205,Samsung Galaxy S21,Electronics,Phones,3,,0.0,0.0,2023-08-02 09:29:00,"250 Street, Lagos",Lagos,In-Store,Consumer,Asia,Cash,2.0,Rep_A,missing_pricing_data
3231,T3231,Logitech Mouse,Electronics,Accessories,2,,0.0,0.0,2023-10-18 08:47:00,"839 Street, Mumbai",Mumbai,In-Store,Consumer,Europe,Cash,3.0,Rep_B,missing_pricing_data
3239,T3239,AirPods Pro,Electronics,Accessories,5,,0.0,0.0,2023-02-06 03:20:00,"187 Street, Nairobi",Nairobi,In-Store,Small Business,Europe,Card,6.0,Rep_D,missing_pricing_data
3263,T3263,MacBook Air,Electronics,Laptops,1,,0.0,0.0,2023-08-24 09:03:00,"394 Street, Lagos",Lagos,Online,Consumer,Europe,Cash,2.0,Rep_A,missing_pricing_data
3277,T3277,27in 4K Gaming Monitor,Electronics,Monitors,1,,0.0,0.0,2023-08-22 12:07:00,"348 Street, Jakarta",Jakarta,Wholesale,Corporate,Asia,Card,,Rep_B,missing_pricing_data
3290,T3290,27in 4K Gaming Monitor,Electronics,Monitors,3,,0.0,0.0,2023-05-21 20:59:00,"810 Street, Bangkok",Bangkok,Online,Corporate,South America,Cash,5.0,Rep_C,missing_pricing_data
3293,T3293,27in 4K Gaming Monitor,Electronics,Monitors,5,,0.0,0.0,2023-02-26 23:39:00,"578 Street, Lagos",Lagos,In-Store,Corporate,South America,Transfer,3.0,Rep_A,missing_pricing_data
3295,T3295,iPhone 13,Electronics,Phones,5,,0.0,0.0,2023-04-11 06:41:00,"719 Street, Cairo",Cairo,In-Store,Consumer,Asia,Card,4.0,Rep_B,missing_pricing_data
3303,T3303,AirPods Pro,Electronics,Accessories,4,,0.0,0.0,2023-05-14 19:36:00,"492 Street, Mumbai",Mumbai,Online,Corporate,Europe,Card,2.0,Rep_C,missing_pricing_data
3306,T3306,27in 4K Gaming Monitor,Electronics,Monitors,2,,0.0,0.0,2023-10-10 23:13:00,"886 Street, Mumbai",Mumbai,In-Store,Consumer,Asia,Cash,9.0,Rep_B,missing_pricing_data
3360,T3360,Logitech Mouse,Electronics,Accessories,4,,0.0,0.0,2023-09-28 01:19:00,"186 Street, São Paulo",São Paulo,Online,Corporate,Africa,Transfer,3.0,Rep_C,missing_pricing_data
3361,T3361,iPhone 13,Electronics,Phones,5,,0.0,0.0,2023-08-19 11:28:00,"539 Street, Cairo",Cairo,Online,Small Business,Africa,Transfer,7.0,Rep_C,missing_pricing_data
3377,T3377,AirPods Pro,Electronics,Accessories,5,,0.0,0.0,2023-11-11 15:16:00,"208 Street, Lagos",Lagos,Wholesale,Consumer,Europe,Cash,4.0,Rep_B,missing_pricing_data
3385,T3385,iPhone 13,Electronics,Phones,5,,0.0,0.0,2023-03-24 05:14:00,"676 Street, Jakarta",Jakarta,Wholesale,Consumer,Africa,Card,1.0,Rep_B,missing_pricing_data
3404,T3404,iPhone 13,Electronics,Phones,3,,0.0,0.0,2023-09-15 14:28:00,"525 Street, São Paulo",São Paulo,Wholesale,Consumer,South America,Transfer,,Rep_B,missing_pricing_data
3430,T3430,AirPods Pro,Electronics,Accessories,3,,0.0,0.0,2023-02-23 09:31:00,"139 Street, São Paulo",São Paulo,In-Store,Corporate,Asia,Card,4.0,Rep_D,missing_pricing_data
3433,T3433,Dell XPS 13,Electronics,Laptops,2,,0.0,0.0,2023-06-15 08:00:00,"882 Street, Mumbai",Mumbai,Online,Consumer,Africa,Card,2.0,Rep_A,missing_pricing_data
3451,T3451,MacBook Air,Electronics,Laptops,2,,0.0,0.0,2023-09-05 00:10:00,"645 Street, Lagos",Lagos,In-Store,Consumer,South America,Cash,8.0,Rep_B,missing_pricing_data
3490,T3490,Samsung Galaxy S21,Electronics,Phones,5,,0.0,0.0,2023-03-29 20:24:00,"381 Street, Cairo",Cairo,Online,Consumer,Asia,Transfer,7.0,Rep_D,missing_pricing_data
3501,T3501,Logitech Mouse,Electronics,Accessories,1,,0.0,0.0,2023-12-13 12:01:00,"464 Street, Bangkok",Bangkok,In-Store,Small Business,Asia,Card,8.0,Rep_A,missing_pricing_data
3514,T3514,iPhone 13,Electronics,Phones,5,,0.0,0.0,2023-11-12 21:56:00,"343 Street, Bangkok",Bangkok,In-Store,Small Business,Europe,Transfer,5.0,Rep_C,missing_pricing_data
3533,T3533,iPhone 13,Electronics,Phones,1,,0.0,0.0,2023-01-05 11:59:00,"317 Street, Nairobi",Nairobi,Online,Consumer,Europe,Cash,2.0,Rep_A,missing_pricing_data
3564,T3564,Samsung Galaxy S21,Electronics,Phones,2,,0.0,0.0,2023-02-17 01:32:00,"613 Street, Jakarta",Jakarta,Online,Small Business,Europe,Transfer,5.0,Rep_B,missing_pricing_data
3579,T3579,AirPods Pro,Electronics,Accessories,5,,0.0,0.0,2023-12-14 02:13:00,"70 Street, Lagos",Lagos,Online,Consumer,South America,Cash,1.0,Rep_B,missing_pricing_data
3586,T3586,AirPods Pro,Electronics,Accessories,1,,0.0,0.0,2023-06-15 06:50:00,"219 Street, São Paulo",São Paulo,Wholesale,Consumer,South America,Cash,2.0,Rep_D,missing_pricing_data
3589,T3589,Logitech Mouse,Electronics,Accessories,4,,0.0,0.0,2023-10-12 17:13:00,"470 Street, Lagos",Lagos,Online,Corporate,South America,Transfer,6.0,Rep_C,missing_pricing_data
3616,T3616,27in 4K Gaming Monitor,Electronics,Monitors,4,,0.0,0.0,2023-04-21 05:44:00,"611 Street, Cairo",Cairo,Online,Corporate,Asia,Card,9.0,Rep_A,missing_pricing_data
3633,T3633,MacBook Air,Electronics,Laptops,1,,0.0,0.0,2023-11-12 19:59:00,"442 Street, Mumbai",Mumbai,Wholesale,Corporate,South America,Cash,5.0,Rep_D,missing_pricing_data
3663,T3663,iPhone 13,Electronics,Phones,1,,0.0,0.0,2023-07-18 03:53:00,"754 Street, Mumbai",Mumbai,In-Store,Corporate,Africa,Transfer,5.0,Rep_C,missing_pricing_data
3727,T3727,Samsung Galaxy S21,Electronics,Phones,4,,0.0,0.0,2023-03-22 07:42:00,"898 Street, Mumbai",Mumbai,In-Store,Small Business,Africa,Cash,6.0,Rep_D,missing_pricing_data
3744,T3744,Logitech Mouse,Electronics,Accessories,5,,0.0,0.0,2023-11-19 22:48:00,"119 Street, Jakarta",Jakarta,Wholesale,Small Business,Europe,Card,6.0,Rep_B,missing_pricing_data
3749,T3749,27in 4K Gaming Monitor,Electronics,Monitors,5,,0.0,0.0,2023-10-17 22:02:00,"76 Street, Cairo",Cairo,In-Store,Consumer,Africa,Cash,8.0,Rep_C,missing_pricing_data
3750,T3750,Logitech Mouse,Electronics,Accessories,3,,0.0,0.0,2023-10-23 06:08:00,"956 Street, São Paulo",São Paulo,Wholesale,Corporate,Africa,Card,2.0,Rep_C,missing_pricing_data
3759,T3759,27in 4K Gaming Monitor,Electronics,Monitors,4,,0.0,0.0,2023-01-23 08:52:00,"231 Street, Cairo",Cairo,Online,Consumer,Asia,Cash,9.0,Rep_D,missing_pricing_data
3776,T3776,AirPods Pro,Electronics,Accessories,3,,0.0,0.0,2023-10-17 17:14:00,"408 Street, Nairobi",Nairobi,In-Store,Corporate,Asia,Cash,2.0,Rep_C,missing_pricing_data
3782,T3782,Dell XPS 13,Electronics,Laptops,2,,0.0,0.0,2023-07-22 11:36:00,"376 Street, São Paulo",São Paulo,In-Store,Corporate,Europe,Cash,,Rep_D,missing_pricing_data
3804,T3804,Logitech Mouse,Electronics,Accessories,5,,0.0,0.0,2023-08-14 05:18:00,"484 Street, Jakarta",Jakarta,In-Store,Consumer,Asia,Card,,Rep_B,missing_pricing_data
3812,T3812,27in 4K Gaming Monitor,Electronics,Monitors,2,,0.0,0.0,2023-04-09 21:53:00,"906 Street, Jakarta",Jakarta,In-Store,Small Business,Asia,Transfer,7.0,Rep_C,missing_pricing_data
3824,T3824,AirPods Pro,Electronics,Accessories,4,,0.0,0.0,2023-11-07 02:04:00,"840 Street, Bangkok",Bangkok,Wholesale,Corporate,Asia,Cash,6.0,Rep_B,missing_pricing_data
3826,T3826,MacBook Air,Electronics,Laptops,3,,0.0,0.0,2023-03-01 01:45:00,"998 Street, São Paulo",São Paulo,Online,Small Business,Europe,Cash,1.0,Rep_D,missing_pricing_data
3845,T3845,Dell XPS 13,Electronics,Laptops,5,,0.0,0.0,2023-11-24 07:54:00,"122 Street, Nairobi",Nairobi,Online,Consumer,Europe,Card,2.0,Rep_A,missing_pricing_data
3851,T3851,27in 4K Gaming Monitor,Electronics,Monitors,3,,0.0,0.0,2023-05-05 19:48:00,"266 Street, Nairobi",Nairobi,Online,Corporate,Africa,Card,1.0,Rep_C,missing_pricing_data
3897,T3897,iPhone 13,Electronics,Phones,5,,0.0,0.0,2023-10-09 11:23:00,"375 Street, Nairobi",Nairobi,Wholesale,Small Business,Asia,Card,2.0,Rep_A,missing_pricing_data
3928,T3928,Dell XPS 13,Electronics,Laptops,1,,0.0,0.0,2023-11-01 13:16:00,"803 Street, Nairobi",Nairobi,Wholesale,Small Business,Asia,Card,,Rep_D,missing_pricing_data
3941,T3941,iPhone 13,Electronics,Phones,5,,0.0,0.0,2023-08-26 07:37:00,"212 Street, São Paulo",São Paulo,In-Store,Corporate,Europe,Card,7.0,Rep_C,missing_pricing_data
3951,T3951,27in 4K Gaming Monitor,Electronics,Monitors,4,,0.0,0.0,2023-02-09 11:45:00,"667 Street, Mumbai",Mumbai,In-Store,Small Business,Europe,Card,9.0,Rep_D,missing_pricing_data
3952,T3952,AirPods Pro,Electronics,Accessories,3,,0.0,0.0,2023-03-17 16:43:00,"267 Street, Bangkok",Bangkok,Wholesale,Corporate,Africa,Cash,8.0,Rep_B,missing_pricing_data
3961,T3961,MacBook Air,Electronics,Laptops,5,,0.0,0.0,2023-07-02 17:01:00,"831 Street, Jakarta",Jakarta,Wholesale,Consumer,South America,Card,3.0,Rep_D,missing_pricing_data
3967,T3967,Dell XPS 13,Electronics,Laptops,5,,0.0,0.0,2023-10-21 08:15:00,"884 Street, Jakarta",Jakarta,Online,Consumer,South America,Transfer,4.0,Rep_C,missing_pricing_data
3976,T3976,27in 4K Gaming Monitor,Electronics,Monitors,4,,0.0,0.0,2023-06-22 08:52:00,"128 Street, Lagos",Lagos,Online,Small Business,South America,Card,4.0,Rep_B,missing_pricing_data
4002,T4002,27in 4K Gaming Monitor,Electronics,Monitors,1,,0.0,0.0,2023-04-10 19:15:00,"237 Street, Jakarta",Jakarta,Wholesale,Corporate,South America,Cash,4.0,Rep_C,missing_pricing_data
4026,T4026,Logitech Mouse,Electronics,Accessories,4,,0.0,0.0,2023-08-01 16:30:00,"279 Street, Bangkok",Bangkok,Wholesale,Corporate,South America,Transfer,4.0,Rep_D,missing_pricing_data
4079,T4079,AirPods Pro,Electronics,Accessories,4,,0.0,0.0,2023-08-15 18:34:00,"925 Street, Bangkok",Bangkok,In-Store,Corporate,Europe,Transfer,4.0,Rep_C,missing_pricing_data
4094,T4094,Dell XPS 13,Electronics,Laptops,5,,0.0,0.0,2023-08-07 03:34:00,"984 Street, Bangkok",Bangkok,Online,Corporate,South America,Card,,Rep_B,missing_pricing_data
4127,T4127,iPhone 13,Electronics,Phones,5,,0.0,0.0,2023-10-18 01:49:00,"76 Street, Bangkok",Bangkok,Wholesale,Consumer,Europe,Card,4.0,Rep_B,missing_pricing_data
4137,T4137,Dell XPS 13,Electronics,Laptops,4,,0.0,0.0,2023-11-11 10:15:00,"688 Street, Nairobi",Nairobi,Online,Small Business,Asia,Cash,4.0,Rep_B,missing_pricing_data
4156,T4156,Samsung Galaxy S21,Electronics,Phones,1,,0.0,0.0,2023-08-22 17:46:00,"855 Street, Lagos",Lagos,Wholesale,Consumer,South America,Transfer,8.0,Rep_A,missing_pricing_data
4167,T4167,Logitech Mouse,Electronics,Accessories,3,,0.0,0.0,2023-06-28 19:45:00,"610 Street, São Paulo",São Paulo,Wholesale,Small Business,South America,Cash,1.0,Rep_C,missing_pricing_data
4189,T4189,27in 4K Gaming Monitor,Electronics,Monitors,4,,0.0,0.0,2023-01-26 14:14:00,"386 Street, Cairo",Cairo,In-Store,Small Business,Africa,Transfer,6.0,Rep_A,missing_pricing_data
4203,T4203,Samsung Galaxy S21,Electronics,Phones,3,,0.0,0.0,2023-07-03 04:25:00,"471 Street, Lagos",Lagos,Online,Corporate,Asia,Cash,9.0,Rep_C,missing_pricing_data
4207,T4207,AirPods Pro,Electronics,Accessories,2,,0.0,0.0,2023-02-13 07:07:00,"505 Street, Lagos",Lagos,Wholesale,Small Business,Asia,Transfer,1.0,Rep_A,missing_pricing_data
4216,T4216,iPhone 13,Electronics,Phones,1,,0.0,0.0,2023-12-26 17:14:00,"580 Street, Nairobi",Nairobi,Online,Small Business,Africa,Transfer,1.0,Rep_B,missing_pricing_data
4248,T4248,Samsung Galaxy S21,Electronics,Phones,2,,0.0,0.0,2023-09-08 21:34:00,"31 Street, Bangkok",Bangkok,Online,Consumer,Asia,Transfer,4.0,Rep_C,missing_pricing_data
4251,T4251,Logitech Mouse,Electronics,Accessories,3,,0.0,0.0,2023-01-26 07:14:00,"381 Street, Jakarta",Jakarta,In-Store,Corporate,Asia,Transfer,,Rep_A,missing_pricing_data
4259,T4259,MacBook Air,Electronics,Laptops,5,,0.0,0.0,2023-11-18 09:51:00,"209 Street, Bangkok",Bangkok,Wholesale,Small Business,South America,Cash,1.0,Rep_D,missing_pricing_data
4263,T4263,Samsung Galaxy S21,Electronics,Phones,5,,0.0,0.0,2023-09-12 18:00:00,"578 Street, São Paulo",São Paulo,In-Store,Small Business,Africa,Transfer,4.0,Rep_C,missing_pricing_data
4264,T4264,Dell XPS 13,Electronics,Laptops,4,,0.0,0.0,2023-06-24 06:21:00,"667 Street, Mumbai",Mumbai,Online,Consumer,Africa,Cash,5.0,Rep_B,missing_pricing_data
4281,T4281,AirPods Pro,Electronics,Accessories,3,,0.0,0.0,2023-02-16 21:17:00,"500 Street, Lagos",Lagos,In-Store,Consumer,South America,Card,1.0,Rep_A,missing_pricing_data
4332,T4332,Dell XPS 13,Electronics,Laptops,2,,0.0,0.0,2023-05-10 16:37:00,"253 Street, Jakarta",Jakarta,In-Store,Small Business,Africa,Transfer,5.0,Rep_B,missing_pricing_data
4342,T4342,iPhone 13,Electronics,Phones,2,,0.0,0.0,2023-05-12 12:08:00,"220 Street, Nairobi",Nairobi,Online,Consumer,Europe,Cash,9.0,Rep_C,missing_pricing_data
4354,T4354,iPhone 13,Electronics,Phones,2,,0.0,0.0,2023-02-17 14:40:00,"463 Street, São Paulo",São Paulo,In-Store,Small Business,Asia,Card,2.0,Rep_B,missing_pricing_data
4370,T4370,27in 4K Gaming Monitor,Electronics,Monitors,4,,0.0,0.0,2023-03-30 18:36:00,"633 Street, Jakarta",Jakarta,Wholesale,Corporate,Africa,Transfer,1.0,Rep_A,missing_pricing_data
4371,T4371,MacBook Air,Electronics,Laptops,2,,0.0,0.0,2023-04-06 12:34:00,"771 Street, São Paulo",São Paulo,In-Store,Small Business,Asia,Cash,,Rep_D,missing_pricing_data
4390,T4390,MacBook Air,Electronics,Laptops,4,,0.0,0.0,2023-01-11 23:28:00,"776 Street, Lagos",Lagos,In-Store,Small Business,South America,Cash,9.0,Rep_D,missing_pricing_data
4437,T4437,MacBook Air,Electronics,Laptops,2,,0.0,0.0,2023-04-27 21:08:00,"776 Street, São Paulo",São Paulo,In-Store,Corporate,Asia,Transfer,8.0,Rep_A,missing_pricing_data
4450,T4450,Samsung Galaxy S21,Electronics,Phones,3,,0.0,0.0,2023-03-21 12:10:00,"739 Street, Mumbai",Mumbai,In-Store,Consumer,Africa,Transfer,1.0,Rep_D,missing_pricing_data
4481,T4481,iPhone 13,Electronics,Phones,3,,0.0,0.0,2023-04-17 04:24:00,"994 Street, Cairo",Cairo,Online,Consumer,South America,Cash,6.0,Rep_C,missing_pricing_data
4490,T4490,Logitech Mouse,Electronics,Accessories,4,,0.0,0.0,2023-12-23 17:21:00,"265 Street, Nairobi",Nairobi,Wholesale,Corporate,Europe,Transfer,3.0,Rep_B,missing_pricing_data
4494,T4494,Logitech Mouse,Electronics,Accessories,1,,0.0,0.0,2023-12-12 15:24:00,"313 Street, Nairobi",Nairobi,In-Store,Small Business,Europe,Cash,4.0,Rep_C,missing_pricing_data
4537,T4537,AirPods Pro,Electronics,Accessories,3,,0.0,0.0,2023-11-22 17:20:00,"479 Street, Bangkok",Bangkok,Wholesale,Small Business,South America,Cash,8.0,Rep_A,missing_pricing_data
4542,T4542,Logitech Mouse,Electronics,Accessories,4,,0.0,0.0,2023-09-13 13:45:00,"929 Street, Bangkok",Bangkok,Wholesale,Corporate,South America,Card,5.0,Rep_B,missing_pricing_data
4586,T4586,MacBook Air,Electronics,Laptops,2,,0.0,0.0,2023-06-21 21:28:00,"293 Street, São Paulo",São Paulo,Wholesale,Consumer,Africa,Cash,6.0,Rep_B,missing_pricing_data
4596,T4596,Samsung Galaxy S21,Electronics,Phones,1,,0.0,0.0,2023-12-06 00:04:00,"494 Street, Lagos",Lagos,Wholesale,Small Business,Asia,Transfer,6.0,Rep_A,missing_pricing_data
4597,T4597,Samsung Galaxy S21,Electronics,Phones,1,,0.0,0.0,2023-10-28 05:39:00,"413 Street, São Paulo",São Paulo,Online,Corporate,Africa,Cash,7.0,Rep_D,missing_pricing_data
4605,T4605,Logitech Mouse,Electronics,Accessories,5,,0.0,0.0,2023-07-06 23:55:00,"591 Street, Lagos",Lagos,Wholesale,Small Business,South America,Cash,3.0,Rep_A,missing_pricing_data
4705,T4705,Logitech Mouse,Electronics,Accessories,3,,0.0,0.0,2023-11-28 11:14:00,"351 Street, Cairo",Cairo,Wholesale,Consumer,South America,Transfer,6.0,Rep_C,missing_pricing_data
4714,T4714,Logitech Mouse,Electronics,Accessories,4,,0.0,0.0,2023-06-11 04:05:00,"169 Street, Lagos",Lagos,In-Store,Small Business,Africa,Card,5.0,Rep_D,missing_pricing_data
4743,T4743,iPhone 13,Electronics,Phones,3,,0.0,0.0,2023-09-30 11:47:00,"192 Street, Bangkok",Bangkok,In-Store,Consumer,Africa,Cash,3.0,Rep_C,missing_pricing_data
4754,T4754,MacBook Air,Electronics,Laptops,2,,0.0,0.0,2023-11-20 04:26:00,"645 Street, Nairobi",Nairobi,Wholesale,Consumer,Asia,Card,,Rep_C,missing_pricing_data
4827,T4827,27in 4K Gaming Monitor,Electronics,Monitors,5,,0.0,0.0,2023-09-12 12:59:00,"718 Street, Cairo",Cairo,In-Store,Corporate,Europe,Cash,2.0,Rep_B,missing_pricing_data
4839,T4839,Logitech Mouse,Electronics,Accessories,5,,0.0,0.0,2023-07-22 05:56:00,"426 Street, São Paulo",São Paulo,In-Store,Small Business,South America,Transfer,9.0,Rep_D,missing_pricing_data
4855,T4855,27in 4K Gaming Monitor,Electronics,Monitors,4,,0.0,0.0,2023-04-18 08:21:00,"990 Street, Cairo",Cairo,Online,Small Business,Europe,Cash,5.0,Rep_D,missing_pricing_data
4856,T4856,MacBook Air,Electronics,Laptops,5,,0.0,0.0,2023-08-15 05:35:00,"418 Street, São Paulo",São Paulo,Wholesale,Corporate,Europe,Transfer,5.0,Rep_A,missing_pricing_data
4865,T4865,MacBook Air,Electronics,Laptops,2,,0.0,0.0,2023-11-16 10:03:00,"228 Street, Lagos",Lagos,In-Store,Corporate,South America,Card,2.0,Rep_D,missing_pricing_data
4903,T4903,MacBook Air,Electronics,Laptops,2,,0.0,0.0,2023-07-08 20:48:00,"27 Street, Cairo",Cairo,Wholesale,Consumer,Europe,Cash,1.0,Rep_D,missing_pricing_data
4944,T4944,Samsung Galaxy S21,Electronics,Phones,5,,0.0,0.0,2023-12-01 05:45:00,"97 Street, Cairo",Cairo,Wholesale,Consumer,South America,Transfer,3.0,Rep_A,missing_pricing_data
4947,T4947,Dell XPS 13,Electronics,Laptops,1,,0.0,0.0,2023-05-23 12:18:00,"687 Street, Lagos",Lagos,In-Store,Corporate,Europe,Transfer,7.0,Rep_D,missing_pricing_data
4955,T4955,Logitech Mouse,Electronics,Accessories,1,,0.0,0.0,2023-09-18 17:02:00,"802 Street, Bangkok",Bangkok,Online,Corporate,Asia,Transfer,5.0,Rep_B,missing_pricing_data
4964,T4964,Dell XPS 13,Electronics,Laptops,2,,0.0,0.0,2023-11-27 23:59:00,"221 Street, Jakarta",Jakarta,Wholesale,Consumer,Africa,Cash,1.0,Rep_D,missing_pricing_data
4979,T4979,Dell XPS 13,Electronics,Laptops,2,,0.0,0.0,2023-04-06 10:45:00,"55 Street, São Paulo",São Paulo,In-Store,Consumer,Europe,Transfer,2.0,Rep_C,missing_pricing_data
4988,T4988,Samsung Galaxy S21,Electronics,Phones,5,,0.0,0.0,2023-05-03 05:33:00,"689 Street, Cairo",Cairo,Wholesale,Consumer,South America,Transfer,7.0,Rep_C,missing_pricing_data
4994,T4994,iPhone 13,Electronics,Phones,3,,0.0,0.0,2023-01-18 19:15:00,"479 Street, Lagos",Lagos,In-Store,Consumer,Europe,Transfer,1.0,Rep_A,missing_pricing_data
